000000000000000000000000000000000000000000000000000000000000000000100000000110001000
000000000000000000000000000000000000000000000000000000000000000001000000001100010000
000000000000000000000000000000000000000000000000000000000000000001100000000010011000
000000000000000000000000000000000000000000000000000000000000000010000000001000100000
000000000000000000000000000000000000000000000000000000000000000000100000001110101000
000000000000000000000000000000000000000000000000000000000000000001000000000100110000
000000000000000000000000000000000000000000000000000000000000000001100000001010111000
000000000000000000000000000000000000000000000000000000000000000010000000000001000000
000000000000000000000000000000000000000000000000000000000000000000100000000111001000
000000000000000000000000000000000000000000000000000000000000000001000000001101010000
000000000000000000000000000000000000000000000000000000000000000001100000000011011000
000000000000000000000000000000000000000000000000000000000000000010000000001001100000
000000000000000000000000000000000000000000000000000000000000000000100000001111101000
000000000000000000000000000000000000000000000000000000000000000001000000000101110000
000000000000000000000000000000000000000000000000000000000000000001100000001011111000
000000000000000000000000000000000000000000000000000000000000000010000000000010000000
000000000000000000000000000000000000000000000000000000000000000000100000001000001000
000000000000000000000000000000000000000000000000000000000000000001000000001110010000
000000000000000000000000000000000000000000000000000000000000000001100000000100011000
000000000000000000000000000000000000000000000000000000000000000010000000001010100000
000000000000000000000000000000000000000000000000000000000000000000100000000000101000
000000000000000000000000000000000000000000000000000000000000000001000000000110110000
000000000000000000000000000000000000000000000000000000000000000001100000001100111000
000000000000000000000000000000000000000000000000000000000000000010000000000011000000
000000000000000000000000000000000000000000000000000000000000000000100000001001001000
000000000000000000000000000000000000000000000000000000000000000001000000001111010000
000000000000000000000000000000000000000000000000000000000000000001100000000101011000
000000000000000000000000000000000000000000000000000000000000000010000000001011100000
000000000000000000000000000000000000000000000000000000000000000000100000000001101000
000000000000000000000000000000000000000000000000000000000000000001000000000111110000
000000000000000000000000000000000000000000000000000000000000000001100000001101111000
000000000000000000000000000000000000000000000000000000000000000010000000000100000000
000000000000000000000000000000000000000000000000000000000000000000100000001010001000
000000000000000000000000000000000000000000000000000000000000000001000000000000010000
000000000000000000000000000000000000000000000000000000000000000001100000000110011000
000000000000000000000000000000000000000000000000000000000000000010000000001100100000
000000000000000000000000000000000000000000000000000000000000000000100000000010101000
000000000000000000000000000000000000000000000000000000000000000001000000001000110000
000000000000000000000000000000000000000000000000000000000000000001100000001110111000
000000000000000000000000000000000000000000000000000000000000000010000000000101000000
000000000000000000000000000000000000000000000000000000000000000000100000001011001000
000000000000000000000000000000000000000000000000000000000000000001000000000001010000
000000000000000000000000000000000000000000000000000000000000000001100000000111011000
000000000000000000000000000000000000000000000000000000000000000010000000001101100000
000000000000000000000000000000000000000000000000000000000000000000100000000011101000
000000000000000000000000000000000000000000000000000000000000000001000000001001110000
000000000000000000000000000000000000000000000000000000000000000001100000001111111000
000000000000000000000000000000000000000000000000000000000000000010000000000110000000
000000000000000000000000000000000000000000000000000000000000000000100000001100001000
000000000000000000000000000000000000000000000000000000000000000001000000000010010000
000000000000000000000000000000000000000000000000000000000000000001100000001000011000
000000000000000000000000000000000000000000000000000000000000000010000000001110100000
000000000000000000000000000000000000000000000000000000000000000000100000000100101000
000000000000000000000000000000000000000000000000000000000000000001000000001010110000
000000000000000000000000000000000000000000000000000000000000000001100000000000111000
000000000000000000000000000000000000000000000000000000000000000010000000000111000000
000000000000000000000000000000000000000000000000000000000000000000100000001101001000
000000000000000000000000000000000000000000000000000000000000000001000000000011010000
000000000000000000000000000000000000000000000000000000000000000001100000001001011000
000000000000000000000000000000000000000000000000000000000000000010000000001111100000
000000000000000000000000000000000000000000000000000000000000000000100000000101101000
000000000000000000000000000000000000000000000000000000000000000001000000001011110000
000000000000000000000000000000000000000000000000000000000000000001100000000001111000
000000000000000000000000000000000000000000000000000000000000000010000000001000000000
000000000000000000000000000000000000000000000000000000000000000000100000001110001000
000000000000000000000000000000000000000000000000000000000000000001000000000100010000
000000000000000000000000000000000000000000000000000000000000000001100000001010011000
000000000000000000000000000000000000000000000000000000000000000010000000000000100000
000000000000000000000000000000000000000000000000000000000000000000100000000110101000
000000000000000000000000000000000000000000000000000000000000000001000000001100110000
000000000000000000000000000000000000000000000000000000000000000001100000000010111000
000000000000000000000000000000000000000000000000000000000000000010000000001001000000
000000000000000000000000000000000000000000000000000000000000000000100000001111001000
000000000000000000000000000000000000000000000000000000000000000001000000000101010000
000000000000000000000000000000000000000000000000000000000000000001100000001011011000
000000000000000000000000000000000000000000000000000000000000000010000000000001100000
000000000000000000000000000000000000000000000000000000000000000000100000000111101000
000000000000000000000000000000000000000000000000000000000000000001000000001101110000
000000000000000000000000000000000000000000000000000000000000000001100000000011111000
000000000000000000000000000000000000000000000000000000000000000010000000001010000000
000000000000000000000000000000000000000000000000000000000000000000100000000000001000
000000000000000000000000000000000000000000000000000000000000000001000000000110010000
000000000000000000000000000000000000000000000000000000000000000001100000001100011000
000000000000000000000000000000000000000000000000000000000000000010000000000010100000
000000000000000000000000000000000000000000000000000000000000000000100000001000101000
000000000000000000000000000000000000000000000000000000000000000001000000001110110000
000000000000000000000000000000000000000000000000000000000000000001100000000100111000
000000000000000000000000000000000000000000000000000000000000000010000000001011000000
000000000000000000000000000000000000000000000000000000000000000000100000000001001000
000000000000000000000000000000000000000000000000000000000000000001000000000111010000
000000000000000000000000000000000000000000000000000000000000000001100000001101011000
000000000000000000000000000000000000000000000000000000000000000010000000000011100000
000000000000000000000000000000000000000000000000000000000000000000100000001001101000
000000000000000000000000000000000000000000000000000000000000000001000000001111110000
000000000000000000000000000000000000000000000000000000000000000001100000000101111000
000000000000000000000000000000000000000000000000000000000000000010000000001100000000
000000000000000000000000000000000000000000000000000000000000000000100000000010001000
000000000000000000000000000000000000000000000000000000000000000001000000001000010000
000000000000000000000000000000000000000000000000000000000000000001100000001110011000
000000000000000000000000000000000000000000000000000000000000000010000000000100100000
000000000000000000000000000000000000000000000000000000000000000000100000001010101000
000000000000000000000000000000000000000000000000000000000000000001000000000000110000
000000000000000000000000000000000000000000000000000000000000000001100000000110111000
000000000000000000000000000000000000000000000000000000000000000010000000001101000000
000000000000000000000000000000000000000000000000000000000000000000100000000011001000
000000000000000000000000000000000000000000000000000000000000000001000000001001010000
000000000000000000000000000000000000000000000000000000000000000001100000001111011000
000000000000000000000000000000000000000000000000000000000000000010000000000101100000
000000000000000000000000000000000000000000000000000000000000000000100000001011101000
000000000000000000000000000000000000000000000000000000000000000001000000000001110000
000000000000000000000000000000000000000000000000000000000000000001100000000111111000
000000000000000000000000000000000000000000000000000000000000000010000000001110000000
000000000000000000000000000000000000000000000000000000000000000000100000000100001000
000000000000000000000000000000000000000000000000000000000000000001000000001010010000
000000000000000000000000000000000000000000000000000000000000000001100000000000011000
000000000000000000000000000000000000000000000000000000000000000010000000000110100000
000000000000000000000000000000000000000000000000000000000000000000100000001100101000
000000000000000000000000000000000000000000000000000000000000000001000000000010110000
000000000000000000000000000000000000000000000000000000000000000001100000001000111000
000000000000000000000000000000000000000000000000000000000000000010000000001111000000
000000000000000000000000000000000000000000000000000000000000000000100000000101001000
000000000000000000000000000000000000000000000000000000000000000001000000001011010000
000000000000000000000000000000000000000000000000000000000000000001100000000001011000
000000000000000000000000000000000000000000000000000000000000000010000000000111100000
000000000000000000000000000000000000000000000000000000000000000000100000001101101000
000000000000000000000000000000000000000000000000000000000000000001000000000011110000
000000000000000000000000000000000000000000000000000000000000000001100000001001111000
000000000000000000000000000000000000000000000000000000000000000010000000000000000000
000000000000000000000000000000000000000000000000000000000000000000100000000110001000
000000000000000000000000000000000000000000000000000000000000000001000000001100010000
000000000000000000000000000000000000000000000000000000000000000001100000000010011000
000000000000000000000000000000000000000000000000000000000000000010000000001000100000
000000000000000000000000000000000000000000000000000000000000000000100000001110101000
000000000000000000000000000000000000000000000000000000000000000001000000000100110000
000000000000000000000000000000000000000000000000000000000000000001100000001010111000
000000000000000000000000000000000000000000000000000000000000000010000000000001000000
000000000000000000000000000000000000000000000000000000000000000000100000000111001000
000000000000000000000000000000000000000000000000000000000000000001000000001101010000
000000000000000000000000000000000000000000000000000000000000000001100000000011011000
000000000000000000000000000000000000000000000000000000000000000010000000001001100000
000000000000000000000000000000000000000000000000000000000000000000100000001111101000
000000000000000000000000000000000000000000000000000000000000000001000000000101110000
000000000000000000000000000000000000000000000000000000000000000001100000001011111000
000000000000000000000000000000000000000000000000000000000000000010000000000010000000
000000000000000000000000000000000000000000000000000000000000000000100000001000001000
000000000000000000000000000000000000000000000000000000000000000001000000001110010000
000000000000000000000000000000000000000000000000000000000000000001100000000100011000
000000000000000000000000000000000000000000000000000000000000000010000000001010100000
000000000000000000000000000000000000000000000000000000000000000000100000000000101000
000000000000000000000000000000000000000000000000000000000000000001000000000110110000
000000000000000000000000000000000000000000000000000000000000000001100000001100111000
000000000000000000000000000000000000000000000000000000000000000010000000000011000000
000000000000000000000000000000000000000000000000000000000000000000100000001001001000
000000000000000000000000000000000000000000000000000000000000000001000000001111010000
000000000000000000000000000000000000000000000000000000000000000001100000000101011000
000000000000000000000000000000000000000000000000000000000000000010000000001011100000
000000000000000000000000000000000000000000000000000000000000000000100000000001101000
000000000000000000000000000000000000000000000000000000000000000001000000000111110000
000000000000000000000000000000000000000000000000000000000000000001100000001101111000
000000000000000000000000000000000000000000000000000000000000000010000000000100000000
000000000000000000000000000000000000000000000000000000000000000000100000001010001000
000000000000000000000000000000000000000000000000000000000000000001000000000000010000
000000000000000000000000000000000000000000000000000000000000000001100000000110011000
000000000000000000000000000000000000000000000000000000000000000010000000001100100000
000000000000000000000000000000000000000000000000000000000000000000100000000010101000
000000000000000000000000000000000000000000000000000000000000000001000000001000110000
000000000000000000000000000000000000000000000000000000000000000001100000001110111000
000000000000000000000000000000000000000000000000000000000000000010000000000101000000
000000000000000000000000000000000000000000000000000000000000000000100000001011001000
000000000000000000000000000000000000000000000000000000000000000001000000000001010000
000000000000000000000000000000000000000000000000000000000000000001100000000111011000
000000000000000000000000000000000000000000000000000000000000000010000000001101100000
000000000000000000000000000000000000000000000000000000000000000000100000000011101000
000000000000000000000000000000000000000000000000000000000000000001000000001001110000
000000000000000000000000000000000000000000000000000000000000000001100000001111111000
000000000000000000000000000000000000000000000000000000000000000010000000000110000000
000000000000000000000000000000000000000000000000000000000000000000100000001100001000
000000000000000000000000000000000000000000000000000000000000000001000000000010010000
000000000000000000000000000000000000000000000000000000000000000001100000001000011000
000000000000000000000000000000000000000000000000000000000000000010000000001110100000
000000000000000000000000000000000000000000000000000000000000000000100000000100101000
000000000000000000000000000000000000000000000000000000000000000001000000001010110000
000000000000000000000000000000000000000000000000000000000000000001100000000000111000
000000000000000000000000000000000000000000000000000000000000000010000000000111000000
000000000000000000000000000000000000000000000000000000000000000000100000001101001000
000000000000000000000000000000000000000000000000000000000000000001000000000011010000
000000000000000000000000000000000000000000000000000000000000000001100000001001011000
000000000000000000000000000000000000000000000000000000000000000010000000001111100000
000000000000000000000000000000000000000000000000000000000000000000100000000101101000
000000000000000000000000000000000000000000000000000000000000000001000000001011110000
000000000000000000000000000000000000000000000000000000000000000001100000000001111000
000000000000000000000000000000000000000000000000000000000000000010000000001000000000
000000000000000000000000000000000000000000000000000000000000000000100000001110001000
000000000000000000000000000000000000000000000000000000000000000001000000000100010000
000000000000000000000000000000000000000000000000000000000000000001100000001010011000
000000000000000000000000000000000000000000000000000000000000000010000000000000100000
000000000000000000000000000000000000000000000000000000000000000000100000000110101000
000000000000000000000000000000000000000000000000000000000000000001000000001100110000
000000000000000000000000000000000000000000000000000000000000000001100000000010111000
000000000000000000000000000000000000000000000000000000000000000010000000001001000000
000000000000000000000000000000000000000000000000000000000000000000100000001111001000
000000000000000000000000000000000000000000000000000000000000000001000000000101010000
000000000000000000000000000000000000000000000000000000000000000001100000001011011000
000000000000000000000000000000000000000000000000000000000000000010000000000001100000
000000000000000000000000000000000000000000000000000000000000000000100000000111101000
000000000000000000000000000000000000000000000000000000000000000001000000001101110000
000000000000000000000000000000000000000000000000000000000000000001100000000011111000
000000000000000000000000000000000000000000000000000000000000000010000000001010000000
000000000000000000000000000000000000000000000000000000000000000000100000000000001000
000000000000000000000000000000000000000000000000000000000000000001000000000110010000
000000000000000000000000000000000000000000000000000000000000000001100000001100011000
000000000000000000000000000000000000000000000000000000000000000010000000000010100000
000000000000000000000000000000000000000000000000000000000000000000100000001000101000
000000000000000000000000000000000000000000000000000000000000000001000000001110110000
000000000000000000000000000000000000000000000000000000000000000001100000000100111000
000000000000000000000000000000000000000000000000000000000000000010000000001011000000
000000000000000000000000000000000000000000000000000000000000000000100000000001001000
000000000000000000000000000000000000000000000000000000000000000001000000000111010000
000000000000000000000000000000000000000000000000000000000000000001100000001101011000
000000000000000000000000000000000000000000000000000000000000000010000000000011100000
000000000000000000000000000000000000000000000000000000000000000000100000001001101000
000000000000000000000000000000000000000000000000000000000000000001000000001111110000
000000000000000000000000000000000000000000000000000000000000000001100000000101111000
000000000000000000000000000000000000000000000000000000000000000010000000001100000000
000000000000000000000000000000000000000000000000000000000000000000100000000010001000
000000000000000000000000000000000000000000000000000000000000000001000000001000010000
000000000000000000000000000000000000000000000000000000000000000001100000001110011000
000000000000000000000000000000000000000000000000000000000000000010000000000100100000
000000000000000000000000000000000000000000000000000000000000000000100000001010101000
000000000000000000000000000000000000000000000000000000000000000001000000000000110000
000000000000000000000000000000000000000000000000000000000000000001100000000110111000
000000000000000000000000000000000000000000000000000000000000000010000000001101000000
000000000000000000000000000000000000000000000000000000000000000000100000000011001000
000000000000000000000000000000000000000000000000000000000000000001000000001001010000
000000000000000000000000000000000000000000000000000000000000000001100000001111011000
000000000000000000000000000000000000000000000000000000000000000010000000000101100000
011111111111100000000000000000000000000000000000000000000000000000100000001011101100
011111111111100000000000000000000000000000000000000000000000000001000000000001110000
011111111111100000000000000000000000000000000000000000000000000001100000000111111000
011111111111100000000000000000000000000000000000000000000000000010000000001110000000
011111111111100000000000000000000000000000000000000000000000000000100000000100001000
011111111111100000000000000000000000000000000000000000000000000001000000001010010000
011111111111100000000000000000000000000000000000000000000000000001100000000000011000
011111111111100000000000000000000000000000000000000000000000000010000000000110100000
100000000000000000000000000000000000000000000000000000000000000000100000001100101000
100000000000000000000000000000000000000000000000000000000000000001000000000010110000
100000000000000000000000000000000000000000000000000000000000000001100000001000111000
100000000000000000000000000000000000000000000000000000000000000010000000001111000000
100000000000000000000000000000000000000000000000000000000000000000100000000101001000
100000000000000000000000000000000000000000000000000000000000000001000000001011010000
100000000000000000000000000000000000000000000000000000000000000001100000000001011000
100000000000000000000000000000000000000000000000000000000000000010000000000111100000
100000000000000000000000000000000000000000000000000000000000000000100000001101101000
100000000000000000000000000000000000000000000000000000000000000001000000000011110000
100000000000000000000000000000000000000000000000000000000000000001100000001001111000
100000000000000000000000000000000000000000000000000000000000000010000000000000000000
100000000000000000000000000000000000000000000000000000000000000000100000000110001000
100000000000000000000000000000000000000000000000000000000000000001000000001100010000
100000000000000000000000000000000000000000000000000000000000000001100000000010011000
100000000000000000000000000000000000000000000000000000000000000010000000001000100000
100000000000000000000000000000000000000000000000000000000000000000100000001110101000
100000000000000000000000000000000000000000000000000000000000000001000000000100110000
100000000000000000000000000000000000000000000000000000000000000001100000001010111000
100000000000000000000000000000000000000000000000000000000000000010000000000001000000
100000000000000000000000000000000000000000000000000000000000000000100000000111001000
100000000000000000000000000000000000000000000000000000000000000001000000001101010000
100000000000000000000000000000000000000000000000000000000000000001100000000011011000
100000000000000000000000000000000000000000000000000000000000000010000000001001100000
100000000000000000000000000000000000000000000000000000000000000000100000001111101000
100000000000000000000000000000000000000000000000000000000000000001000000000101110000
100000000000000000000000000000000000000000000000000000000000000001100000001011111000
100000000000000000000000000000000000000000000000000000000000000010000000000010000000
100000000000000000000000000000000000000000000000000000000000000000100000001000001000
100000000000000000000000000000000000000000000000000000000000000001000000001110010000
100000000000000000000000000000000000000000000000000000000000000001100000000100011000
100000000000000000000000000000000000000000000000000000000000000010000000001010100000
100000000000000000000000000000000000000000000000000000000000000000100000000000101000
100000000000000000000000000000000000000000000000000000000000000001000000000110110000
100000000000000000000000000000000000000000000000000000000000000001100000001100111000
100000000000000000000000000000000000000000000000000000000000000010000000000011000000
100000000000000000000000000000000000000000000000000000000000000000100000001001001000
100000000000000000000000000000000000000000000000000000000000000001000000001111010000
100000000000000000000000000000000000000000000000000000000000000001100000000101011000
100000000000000000000000000000000000000000000000000000000000000010000000001011100000
100000000000000000000000000000000000000000000000000000000000000000100000000001101000
100000000000000000000000000000000000000000000000000000000000000001000000000111110000
100000000000000000000000000000000000000000000000000000000000000001100000001101111000
100000000000000000000000000000000000000000000000000000000000000010000000000100000000
100000000000000000000000000000000000000000000000000000000000000000100000001010001000
100000000000000000000000000000000000000000000000000000000000000001000000000000010000
100000000000000000000000000000000000000000000000000000000000000001100000000110011000
100000000000000000000000000000000000000000000000000000000000000010000000001100100000
100000000000000000000000000000000000000000000000000000000000000000100000000010101000
100000000000000000000000000000000000000000000000000000000000000001000000001000110000
100000000000000000000000000000000000000000000000000000000000000001100000001110111000
100000000000000000000000000000000000000000000000000000000000000010000000000101000000
100000000000000000000000000000000000000000000000000000000000000000100000001011001000
100000000000000000000000000000000000000000000000000000000000000001000000000001010000
100000000000000000000000000000000000000000000000000000000000000001100000000111011000
100000000000000000000000000000000000000000000000000000000000000010000000001101100000
100000000000000000000000000000000000000000000000000000000000000000100000000011101000
100000000000000000000000000000000000000000000000000000000000000001000000001001110000
100000000000000000000000000000000000000000000000000000000000000001100000001111111000
100000000000000000000000000000000000000000000000000000000000000010000000000110000000
100000000000000000000000000000000000000000000000000000000000000000100000001100001000
100000000000000000000000000000000000000000000000000000000000000001000000000010010000
100000000000000000000000000000000000000000000000000000000000000001100000001000011000
100000000000000000000000000000000000000000000000000000000000000010000000001110100000
100000000000000000000000000000000000000000000000000000000000000000100000000100101000
100000000000000000000000000000000000000000000000000000000000000001000000001010110000
100000000000000000000000000000000000000000000000000000000000000001100000000000111000
100000000000000000000000000000000000000000000000000000000000000010000000000111000000
100000000000000000000000000000000000000000000000000000000000000000100000001101001000
100000000000000000000000000000000000000000000000000000000000000001000000000011010000
100000000000000000000000000000000000000000000000000000000000000001100000001001011000
100000000000000000000000000000000000000000000000000000000000000010000000001111100000
100000000000000000000000000000000000000000000000000000000000000000100000000101101000
011111111111100000000000000000000000000000000000000000000000000001000000001011110100
011111111111100000000000000000000000000000000000000000000000000001100000000001111000
011111111111100000000000000000000000000000000000000000000000000010000000001000000000
011111111111100000000000000000000000000000000000000000000000000000100000001110001000
011111111111100000000000000000000000000000000000000000000000000001000000000100010000
011111111111100000000000000000000000000000000000000000000000000001100000001010011000
011111111111100000000000000000000000000000000000000000000000000010000000000000100000
011111111111100000000000000000000000000000000000000000000000000000100000000110101000
011111111111100000000000000000000000000000000000000000000000000001000000001100110000
011111111111100000000000000000000000000000000000000000000000000001100000000010111000
011111111111100000000000000000000000000000000000000000000000000010000000001001000000
011111111111100000000000000000000000000000000000000000000000000000100000001111001000
011111111111100000000000000000000000000000000000000000000000000001000000000101010000
011111111111100000000000000000000000000000000000000000000000000001100000001011011000
011111111111100000000000000000000000000000000000000000000000000010000000000001100000
011111111111100000000000000000000000000000000000000000000000000000100000000111101000
011111111111100000000000000000000000000000000000000000000000000001000000001101110000
011111111111100000000000000000000000000000000000000000000000000001100000000011111000
011111111111100000000000000000000000000000000000000000000000000010000000001010000000
011111111111100000000000000000000000000000000000000000000000000000100000000000001000
011111111111100000000000000000000000000000000000000000000000000001000000000110010000
011111111111100000000000000000000000000000000000000000000000000001100000001100011000
011111111111100000000000000000000000000000000000000000000000000010000000000010100000
011111111111100000000000000000000000000000000000000000000000000000100000001000101000
011111111111100000000000000000000000000000000000000000000000000001000000001110110000
011111111111100000000000000000000000000000000000000000000000000001100000000100111000
011111111111100000000000000000000000000000000000000000000000000010000000001011000000
011111111111100000000000000000000000000000000000000000000000000000100000000001001000
011111111111100000000000000000000000000000000000000000000000000001000000000111010000
011111111111100000000000000000000000000000000000000000000000000001100000001101011000
011111111111100000000000000000000000000000000000000000000000000010000000000011100000
011111111111100000000000000000000000000000000000000000000000000000100000001001101000
011111111111100000000000000000000000000000000000000000000000000001000000001111110000
011111111111100000000000000000000000000000000000000000000000000001100000000101111000
011111111111100000000000000000000000000000000000000000000000000010000000001100000000
011111111111100000000000000000000000000000000000000000000000000000100000000010001000
011111111111100000000000000000000000000000000000000000000000000001000000001000010000
011111111111100000000000000000000000000000000000000000000000000001100000001110011000
011111111111100000000000000000000000000000000000000000000000000010000000000100100000
011111111111100000000000000000000000000000000000000000000000000000100000001010101000
011111111111100000000000000000000000000000000000000000000000000001000000000000110000
011111111111100000000000000000000000000000000000000000000000000001100000000110111000
011111111111100000000000000000000000000000000000000000000000000010000000001101000000
011111111111100000000000000000000000000000000000000000000000000000100000000011001000
011111111111100000000000000000000000000000000000000000000000000001000000001001010000
011111111111100000000000000000000000000000000000000000000000000001100000001111011000
011111111111100000000000000000000000000000000000000000000000000010000000000101100000
011111111111100000000000000000000000000000000000000000000000000000100000001011101000
011111111111100000000000000000000000000000000000000000000000000001000000000001110000
011111111111100000000000000000000000000000000000000000000000000001100000000111111000
011111111111100000000000000000000000000000000000000000000000000010000000001110000000
011111111111100000000000000000000000000000000000000000000000000000100000000100001000
011111111111100000000000000000000000000000000000000000000000000001000000001010010000
011111111111100000000000000000000000000000000000000000000000000001100000000000011000
011111111111100000000000000000000000000000000000000000000000000010000000000110100000
011111111111100000000000000000000000000000000000000000000000000000100000001100101000
011111111111100000000000000000000000000000000000000000000000000001000000000010110000
011111111111100000000000000000000000000000000000000000000000000001100000001000111000
000000000000000000000000000000000000000000000000000000000000000010000000001111000000
000000000000000000000000000000000000000000000000000000000000000000100000000101001000
000000000000000000000000000000000000000000000000000000000000000001000000001011010000
000000000000000000000000000000000000000000000000000000000000000001100000000001011000
000000000000000000000000000000000000000000000000000000000000000010000000000111100000
000000000000000000000000000000000000000000000000000000000000000000100000001101101000
011111111111100000000000000000000000000000000000000000000000000001000000000011110100
011111111111100000000000000000000000000000000000000000000000000001100000001001111000
011111111111100000000000000000000000000000000000000000000000000010000000000000000000
100000000000000000000000000000000000000000000000000000000000000000100000000110001000
100000000000000000000000000000000000000000000000000000000000000001000000001100010000
100000000000000000000000000000000000000000000000000000000000000001100000000010011000
100000000000000000000000000000000000000000000000000000000000000010000000001000100000
100000000000000000000000000000000000000000000000000000000000000000100000001110101000
100000000000000000000000000000000000000000000000000000000000000001000000000100110000
011111111111100000000000000000000000000000000000000000000000000001100000001010111100
011111111111100000000000000000000000000000000000000000000000000010000000000001000000
011111111111100000000000000000000000000000000000000000000000000000100000000111001000
000000000000000000000000000000000000000000000000000000000000000001000000001101010000
000000000000000000000000000000000000000000000000000000000000000001100000000011011000
000000000000000000000000000000000000000000000000000000000000000010000000001001100000
000000000000000000000000000000000000000000000000000000000000000000100000001111101000
000000000000000000000000000000000000000000000000000000000000000001000000000101110000
100000000000000000000000000000000000000000000000000000000000000001100000001011111000
100000000000000000000000000000000000000000000000000000000000000010000000000010000000
100000000000000000000000000000000000000000000000000000000000000000100000001000001000
000000000000000000000000000000000000000000000000000000000000000001000000001110010000
000000000000000000000000000000000000000000000000000000000000000001100000000100011000
000000000000000000000000000000000000000000000000000000000000000010000000001010100000
000000000000000000000000000000000000000000000000000000000000000000100000000000101000
000000000000000000000000000000000000000000000000000000000000000001000000000110110000
100000000000000000000000000000000000000000000000000000000000000001100000001100111000
100000000000000000000000000000000000000000000000000000000000000010000000000011000000
100000000000000000000000000000000000000000000000000000000000000000100000001001001000
000000000000000000000000000000000000000000000000000000000000000001000000001111010000
000000000000000000000000000000000000000000000000000000000000000001100000000101011000
000000000000000000000000000000000000000000000000000000000000000010000000001011100000
000000000000000000000000000000000000000000000000000000000000000000100000000001101000
000000000000000000000000000000000000000000000000000000000000000001000000000111110000
100000000000000000000000000000000000000000000000000000000000000001100000001101111000
100000000000000000000000000000000000000000000000000000000000000010000000000100000000
100000000000000000000000000000000000000000000000000000000000000000100000001010001000
000000000000000000000000000000000000000000000000000000000000000001000000000000010000
000000000000000000000000000000000000000000000000000000000000000001100000000110011000
000000000000000000000000000000000000000000000000000000000000000010000000001100100000
000000000000000000000000000000000000000000000000000000000000000000100000000010101000
000000000000000000000000000000000000000000000000000000000000000001000000001000110000
100000000000000000000000000000000000000000000000000000000000000001100000001110111000
100000000000000000000000000000000000000000000000000000000000000010000000000101000000
100000000000000000000000000000000000000000000000000000000000000000100000001011001000
000000000000000000000000000000000000000000000000000000000000000001000000000001010000
000000000000000000000000000000000000000000000000000000000000000001100000000111011000
000000000000000000000000000000000000000000000000000000000000000010000000001101100000
000000000000000000000000000000000000000000000000000000000000000000100000000011101000
000000000000000000000000000000000000000000000000000000000000000001000000001001110000
000000000000000000000000000000000000000000000000000000000000000001100000001111111000
000000000000000000000000000000000000000000000000000000000000000010000000000110000000
100000000000000000000000000000000000000000000000000000000000000000100000001100001000
100000000000000000000000000000000000000000000000000000000000000001000000000010010000
100000000000000000000000000000000000000000000000000000000000000001100000001000011000
000000000000000000000000000000000000000000000000000000000000000010000000001110100000
000000000000000000000000000000000000000000000000000000000000000000100000000100101000
000000000000000000000000000000000000000000000000000000000000000001000000001010110000
000000000000000000000000000000000000000000000000000000000000000001100000000000111000
000000000000000000000000000000000000000000000000000000000000000010000000000111000000
100000000000000000000000000000000000000000000000000000000000000000100000001101001000
100000000000000000000000000000000000000000000000000000000000000001000000000011010000
100000000000000000000000000000000000000000000000000000000000000001100000001001011000
000000000000000000000000000000000000000000000000000000000000000010000000001111100000
000000000000000000000000000000000000000000000000000000000000000000100000000101101000
000000000000000000000000000000000000000000000000000000000000000001000000001011110000
000000000000000000000000000000000000000000000000000000000000000001100000000001111000
000000000000000000000000000000000000000000000000000000000000000010000000001000000000
100000000000000000000000000000000000000000000000000000000000000000100000001110001000
100000000000000000000000000000000000000000000000000000000000000001000000000100010000
100000000000000000000000000000000000000000000000000000000000000001100000001010011000
000000000000000000000000000000000000000000000000000000000000000010000000000000100000
000000000000000000000000000000000000000000000000000000000000000000100000000110101000
000000000000000000000000000000000000000000000000000000000000000001000000001100110000
000000000000000000000000000000000000000000000000000000000000000001100000000010111000
000000000000000000000000000000000000000000000000000000000000000010000000001001000000
000000000000000000000000000000000000000000000000000000000000000000100000001111001000
000000000000000000000000000000000000000000000000000000000000000001000000000101010000
100000000000000000000000000000000000000000000000000000000000000001100000001011011000
100000000000000000000000000000000000000000000000000000000000000010000000000001100000
100000000000000000000000000000000000000000000000000000000000000000100000000111101000
000000000000000000000000000000000000000000000000000000000000000001000000001101110000
000000000000000000000000000000000000000000000000000000000000000001100000000011111000
000000000000000000000000000000000000000000000000000000000000000010000000001010000000
000000000000000000000000000000000000000000000000000000000000000000100000000000001000
000000000000000000000000000000000000000000000000000000000000000001000000000110010000
100000000000000000000000000000000000000000000000000000000000000001100000001100011000
100000000000000000000000000000000000000000000000000000000000000010000000000010100000
100000000000000000000000000000000000000000000000000000000000000000100000001000101000
000000000000000000000000000000000000000000000000000000000000000001000000001110110000
000000000000000000000000000000000000000000000000000000000000000001100000000100111000
000000000000000000000000000000000000000000000000000000000000000010000000001011000000
000000000000000000000000000000000000000000000000000000000000000000100000000001001000
000000000000000000000000000000000000000000000000000000000000000001000000000111010000
100000000000000000000000000000000000000000000000000000000000000001100000001101011000
100000000000000000000000000000000000000000000000000000000000000010000000000011100000
100000000000000000000000000000000000000000000000000000000000000000100000001001101000
000000000000000000000000000000000000000000000000000000000000000001000000001111110000
000000000000000000000000000000000000000000000000000000000000000001100000000101111000
000000000000000000000000000000000000000000000000000000000000000010000000001100000000
000000000000000000000000000000000000000000000000000000000000000000100000000010001000
000000000000000000000000000000000000000000000000000000000000000001000000001000010000
000000000000000000000000000000000000000000000000000000000000000001100000001110011000
000000000000000000000000000000000000000000000000000000000000000010000000000100100000
100000000000000000000000000000000000000000000000000000000000000000100000001010101000
100000000000000000000000000000000000000000000000000000000000000001000000000000110000
100000000000000000000000000000000000000000000000000000000000000001100000000110111000
000000000000000000000000000000000000000000000000000000000000000010000000001101000000
000000000000000000000000000000000000000000000000000000000000000000100000000011001000
000000000000000000000000000000000000000000000000000000000000000001000000001001010000
000000000000000000000000000000000000000000000000000000000000000001100000001111011000
000000000000000000000000000000000000000000000000000000000000000010000000000101100000
100000000000000000000000000000000000000000000000000000000000000000100000001011101000
100000000000000000000000000000000000000000000000000000000000000001000000000001110000
100000000000000000000000000000000000000000000000000000000000000001100000000111111000
000000000000000000000000000000000000000000000000000000000000000010000000001110000000
000000000000000000000000000000000000000000000000000000000000000000100000000100001000
000000000000000000000000000000000000000000000000000000000000000001000000001010010000
000000000000000000000000000000000000000000000000000000000000000001100000000000011000
000000000000000000000000000000000000000000000000000000000000000010000000000110100000
100000000000000000000000000000000000000000000000000000000000000000100000001100101000
100000000000000000000000000000000000000000000000000000000000000001000000000010110000
100000000000000000000000000000000000000000000000000000000000000001100000001000111000
000000000000000000000000000000000000000000000000000000000000000010000000001111000000
000000000000000000000000000000000000000000000000000000000000000000100000000101001000
000000000000000000000000000000000000000000000000000000000000000001000000001011010000
000000000000000000000000000000000000000000000000000000000000000001100000000001011000
000000000000000000000000000000000000000000000000000000000000000010000000000111100000
000000000000000000000000000000000000000000000000000000000000000000100000001101101000
000000000000000000000000000000000000000000000000000000000000000001000000000011110000
100000000000000000000000000000000000000000000000000000000000000001100000001001111000
100000000000000000000000000000000000000000000000000000000000000010000000000000000000
100000000000000000000000000000000000000000000000000000000000000000100000000110001000
000000000000000000000000000000000000000000000000000000000000000001000000001100010000
000000000000000000000000000000000000000000000000000000000000000001100000000010011000
000000000000000000000000000000000000000000000000000000000000000010000000001000100000
000000000000000000000000000000000000000000000000000000000000000000100000001110101000
000000000000000000000000000000000000000000000000000000000000000001000000000100110000
100000000000000000000000000000000000000000000000000000000000000001100000001010111000
100000000000000000000000000000000000000000000000000000000000000010000000000001000000
100000000000000000000000000000000000000000000000000000000000000000100000000111001000
000000000000000000000000000000000000000000000000000000000000000001000000001101010000
000000000000000000000000000000000000000000000000000000000000000001100000000011011000
000000000000000000000000000000000000000000000000000000000000000010000000001001100000
000000000000000000000000000000000000000000000000000000000000000000100000001111101000
000000000000000000000000000000000000000000000000000000000000000001000000000101110000
100000000000000000000000000000000000000000000000000000000000000001100000001011111000
100000000000000000000000000000000000000000000000000000000000000010000000000010000000
100000000000000000000000000000000000000000000000000000000000000000100000001000001000
000000000000000000000000000000000000000000000000000000000000000001000000001110010000
000000000000000000000000000000000000000000000000000000000000000001100000000100011000
000000000000000000000000000000000000000000000000000000000000000010000000001010100000
000000000000000000000000000000000000000000000000000000000000000000100000000000101000
000000000000000000000000000000000000000000000000000000000000000001000000000110110000
000000000000000000000000000000000000000000000000000000000000000001100000001100111000
000000000000000000000000000000000000000000000000000000000000000010000000000011000000
100000000000000000000000000000000000000000000000000000000000000000100000001001001000
100000000000000000000000000000000000000000000000000000000000000001000000001111010000
100000000000000000000000000000000000000000000000000000000000000001100000000101011000
000000000000000000000000000000000000000000000000000000000000000010000000001011100000
000000000000000000000000000000000000000000000000000000000000000000100000000001101000
000000000000000000000000000000000000000000000000000000000000000001000000000111110000
000000000000000000000000000000000000000000000000000000000000000001100000001101111000
000000000000000000000000000000000000000000000000000000000000000010000000000100000000
100000000000000000000000000000000000000000000000000000000000000000100000001010001000
100000000000000000000000000000000000000000000000000000000000000001000000000000010000
100000000000000000000000000000000000000000000000000000000000000001100000000110011000
000000000000000000000000000000000000000000000000000000000000000010000000001100100000
000000000000000000000000000000000000000000000000000000000000000000100000000010101000
000000000000000000000000000000000000000000000000000000000000000001000000001000110000
000000000000000000000000000000000000000000000000000000000000000001100000001110111000
000000000000000000000000000000000000000000000000000000000000000010000000000101000000
100000000000000000000000000000000000000000000000000000000000000000100000001011001000
100000000000000000000000000000000000000000000000000000000000000001000000000001010000
100000000000000000000000000000000000000000000000000000000000000001100000000111011000
000000000000000000000000000000000000000000000000000000000000000010000000001101100000
000000000000000000000000000000000000000000000000000000000000000000100000000011101000
000000000000000000000000000000000000000000000000000000000000000001000000001001110000
000000000000000000000000000000000000000000000000000000000000000001100000001111111000
000000000000000000000000000000000000000000000000000000000000000010000000000110000000
000000000000000000000000000000000000000000000000000000000000000000100000001100001000
000000000000000000000000000000000000000000000000000000000000000001000000000010010000
100000000000000000000000000000000000000000000000000000000000000001100000001000011000
100000000000000000000000000000000000000000000000000000000000000010000000001110100000
100000000000000000000000000000000000000000000000000000000000000000100000000100101000
000000000000000000000000000000000000000000000000000000000000000001000000001010110000
000000000000000000000000000000000000000000000000000000000000000001100000000000111000
000000000000000000000000000000000000000000000000000000000000000010000000000111000000
000000000000000000000000000000000000000000000000000000000000000000100000001101001000
000000000000000000000000000000000000000000000000000000000000000001000000000011010000
100000000000000000000000000000000000000000000000000000000000000001100000001001011000
100000000000000000000000000000000000000000000000000000000000000010000000001111100000
100000000000000000000000000000000000000000000000000000000000000000100000000101101000
000000000000000000000000000000000000000000000000000000000000000001000000001011110000
000000000000000000000000000000000000000000000000000000000000000001100000000001111000
000000000000000000000000000000000000000000000000000000000000000010000000001000000000
000000000000000000000000000000000000000000000000000000000000000000100000001110001000
000000000000000000000000000000000000000000000000000000000000000001000000000100010000
100000000000000000000000000000000000000000000000000000000000000001100000001010011000
100000000000000000000000000000000000000000000000000000000000000010000000000000100000
100000000000000000000000000000000000000000000000000000000000000000100000000110101000
000000000000000000000000000000000000000000000000000000000000000001000000001100110000
000000000000000000000000000000000000000000000000000000000000000001100000000010111000
000000000000000000000000000000000000000000000000000000000000000010000000001001000000
000000000000000000000000000000000000000000000000000000000000000000100000001111001000
000000000000000000000000000000000000000000000000000000000000000001000000000101010000
000000000000000000000000000000000000000000000000000000000000000001100000001011011000
000000000000000000000000000000000000000000000000000000000000000010000000000001100000
100000000000000000000000000000000000000000000000000000000000000000100000000111101000
100000000000000000000000000000000000000000000000000000000000000001000000001101110000
100000000000000000000000000000000000000000000000000000000000000001100000000011111000
000000000000000000000000000000000000000000000000000000000000000010000000001010000000
000000000000000000000000000000000000000000000000000000000000000000100000000000001000
000000000000000000000000000000000000000000000000000000000000000001000000000110010000
000000000000000000000000000000000000000000000000000000000000000001100000001100011000
000000000000000000000000000000000000000000000000000000000000000010000000000010100000
100000000000000000000000000000000000000000000000000000000000000000100000001000101000
100000000000000000000000000000000000000000000000000000000000000001000000001110110000
100000000000000000000000000000000000000000000000000000000000000001100000000100111000
000000000000000000000000000000000000000000000000000000000000000010000000001011000000
000000000000000000000000000000000000000000000000000000000000000000100000000001001000
000000000000000000000000000000000000000000000000000000000000000001000000000111010000
000000000000000000000000000000000000000000000000000000000000000001100000001101011000
000000000000000000000000000000000000000000000000000000000000000010000000000011100000
100000000000000000000000000000000000000000000000000000000000000000100000001001101000
100000000000000000000000000000000000000000000000000000000000000001000000001111110000
100000000000000000000000000000000000000000000000000000000000000001100000000101111000
000000000000000000000000000000000000000000000000000000000000000010000000001100000000
000000000000000000000000000000000000000000000000000000000000000000100000000010001000
000000000000000000000000000000000000000000000000000000000000000001000000001000010000
000000000000000000000000000000000000000000000000000000000000000001100000001110011000
000000000000000000000000000000000000000000000000000000000000000010000000000100100000
000000000000000000000000000000000000000000000000000000000000000000100000001010101000
000000000000000000000000000000000000000000000000000000000000000001000000000000110000
100000000000000000000000000000000000000000000000000000000000000001100000000110111000
100000000000000000000000000000000000000000000000000000000000000010000000001101000000
100000000000000000000000000000000000000000000000000000000000000000100000000011001000
000000000000000000000000000000000000000000000000000000000000000001000000001001010000
000000000000000000000000000000000000000000000000000000000000000001100000001111011000
000000000000000000000000000000000000000000000000000000000000000010000000000101100000
000000000000000000000000000000000000000000000000000000000000000000100000001011101000
000000000000000000000000000000000000000000000000000000000000000001000000000001110000
100000000000000000000000000000000000000000000000000000000000000001100000000111111000
100000000000000000000000000000000000000000000000000000000000000010000000001110000000
100000000000000000000000000000000000000000000000000000000000000000100000000100001000
000000000000000000000000000000000000000000000000000000000000000001000000001010010000
000000000000000000000000000000000000000000000000000000000000000001100000000000011000
000000000000000000000000000000000000000000000000000000000000000010000000000110100000
000000000000000000000000000000000000000000000000000000000000000000100000001100101000
000000000000000000000000000000000000000000000000000000000000000001000000000010110000
100000000000000000000000000000000000000000000000000000000000000001100000001000111000
100000000000000000000000000000000000000000000000000000000000000010000000001111000000
100000000000000000000000000000000000000000000000000000000000000000100000000101001000
000000000000000000000000000000000000000000000000000000000000000001000000001011010000
000000000000000000000000000000000000000000000000000000000000000001100000000001011000
000000000000000000000000000000000000000000000000000000000000000010000000000111100000
000000000000000000000000000000000000000000000000000000000000000000100000001101101000
000000000000000000000000000000000000000000000000000000000000000001000000000011110000
000000000000000000000000000000000000000000000000000000000000000001100000001001111000
000000000000000000000000000000000000000000000000000000000000000010000000000000000000
100000000000000000000000000000000000000000000000000000000000000000100000000110001000
100000000000000000000000000000000000000000000000000000000000000001000000001100010000
100000000000000000000000000000000000000000000000000000000000000001100000000010011000
000000000000000000000000000000000000000000000000000000000000000010000000001000100000
000000000000000000000000000000000000000000000000000000000000000000100000001110101000
000000000000000000000000000000000000000000000000000000000000000001000000000100110000
000000000000000000000000000000000000000000000000000000000000000001100000001010111000
000000000000000000000000000000000000000000000000000000000000000010000000000001000000
100000000000000000000000000000000000000000000000000000000000000000100000000111001000
100000000000000000000000000000000000000000000000000000000000000001000000001101010000
100000000000000000000000000000000000000000000000000000000000000001100000000011011000
000000000000000000000000000000000000000000000000000000000000000010000000001001100000
000000000000000000000000000000000000000000000000000000000000000000100000001111101000
000000000000000000000000000000000000000000000000000000000000000001000000000101110000
000000000000000000000000000000000000000000000000000000000000000001100000001011111000
000000000000000000000000000000000000000000000000000000000000000010000000000010000000
100000000000000000000000000000000000000000000000000000000000000000100000001000001000
100000000000000000000000000000000000000000000000000000000000000001000000001110010000
100000000000000000000000000000000000000000000000000000000000000001100000000100011000
000000000000000000000000000000000000000000000000000000000000000010000000001010100000
000000000000000000000000000000000000000000000000000000000000000000100000000000101000
000000000000000000000000000000000000000000000000000000000000000001000000000110110000
000000000000000000000000000000000000000000000000000000000000000001100000001100111000
000000000000000000000000000000000000000000000000000000000000000010000000000011000000
000000000000000000000000000000000000000000000000000000000000000000100000001001001000
000000000000000000000000000000000000000000000000000000000000000001000000001111010000
100000000000000000000000000000000000000000000000000000000000000001100000000101011000
100000000000000000000000000000000000000000000000000000000000000010000000001011100000
100000000000000000000000000000000000000000000000000000000000000000100000000001101000
000000000000000000000000000000000000000000000000000000000000000001000000000111110000
000000000000000000000000000000000000000000000000000000000000000001100000001101111000
000000000000000000000000000000000000000000000000000000000000000010000000000100000000
000000000000000000000000000000000000000000000000000000000000000000100000001010001000
000000000000000000000000000000000000000000000000000000000000000001000000000000010000
100000000000000000000000000000000000000000000000000000000000000001100000000110011000
100000000000000000000000000000000000000000000000000000000000000010000000001100100000
100000000000000000000000000000000000000000000000000000000000000000100000000010101000
000000000000000000000000000000000000000000000000000000000000000001000000001000110000
000000000000000000000000000000000000000000000000000000000000000001100000001110111000
000000000000000000000000000000000000000000000000000000000000000010000000000101000000
000000000000000000000000000000000000000000000000000000000000000000100000001011001000
000000000000000000000000000000000000000000000000000000000000000001000000000001010000
100000000000000000000000000000000000000000000000000000000000000001100000000111011000
100000000000000000000000000000000000000000000000000000000000000010000000001101100000
100000000000000000000000000000000000000000000000000000000000000000100000000011101000
000000000000000000000000000000000000000000000000000000000000000001000000001001110000
000000000000000000000000000000000000000000000000000000000000000001100000001111111000
000000000000000000000000000000000000000000000000000000000000000010000000000110000000
000000000000000000000000000000000000000000000000000000000000000000100000001100001000
000000000000000000000000000000000000000000000000000000000000000001000000000010010000
000000000000000000000000000000000000000000000000000000000000000001100000001000011000
000000000000000000000000000000000000000000000000000000000000000010000000001110100000
100000000000000000000000000000000000000000000000000000000000000000100000000100101000
100000000000000000000000000000000000000000000000000000000000000001000000001010110000
100000000000000000000000000000000000000000000000000000000000000001100000000000111000
000000000000000000000000000000000000000000000000000000000000000010000000000111000000
000000000000000000000000000000000000000000000000000000000000000000100000001101001000
000000000000000000000000000000000000000000000000000000000000000001000000000011010000
000000000000000000000000000000000000000000000000000000000000000001100000001001011000
000000000000000000000000000000000000000000000000000000000000000010000000001111100000
100000000000000000000000000000000000000000000000000000000000000000100000000101101000
100000000000000000000000000000000000000000000000000000000000000001000000001011110000
100000000000000000000000000000000000000000000000000000000000000001100000000001111000
000000000000000000000000000000000000000000000000000000000000000010000000001000000000
000000000000000000000000000000000000000000000000000000000000000000100000001110001000
000000000000000000000000000000000000000000000000000000000000000001000000000100010000
000000000000000000000000000000000000000000000000000000000000000001100000001010011000
000000000000000000000000000000000000000000000000000000000000000010000000000000100000
100000000000000000000000000000000000000000000000000000000000000000100000000110101000
100000000000000000000000000000000000000000000000000000000000000001000000001100110000
100000000000000000000000000000000000000000000000000000000000000001100000000010111000
000000000000000000000000000000000000000000000000000000000000000010000000001001000000
000000000000000000000000000000000000000000000000000000000000000000100000001111001000
000000000000000000000000000000000000000000000000000000000000000001000000000101010000
000000000000000000000000000000000000000000000000000000000000000001100000001011011000
000000000000000000000000000000000000000000000000000000000000000010000000000001100000
000000000000000000000000000000000000000000000000000000000000000000100000000111101000
000000000000000000000000000000000000000000000000000000000000000001000000001101110000
100000000000000000000000000000000000000000000000000000000000000001100000000011111000
100000000000000000000000000000000000000000000000000000000000000010000000001010000000
100000000000000000000000000000000000000000000000000000000000000000100000000000001000
000000000000000000000000000000000000000000000000000000000000000001000000000110010000
000000000000000000000000000000000000000000000000000000000000000001100000001100011000
000000000000000000000000000000000000000000000000000000000000000010000000000010100000
000000000000000000000000000000000000000000000000000000000000000000100000001000101000
000000000000000000000000000000000000000000000000000000000000000001000000001110110000
100000000000000000000000000000000000000000000000000000000000000001100000000100111000
100000000000000000000000000000000000000000000000000000000000000010000000001011000000
100000000000000000000000000000000000000000000000000000000000000000100000000001001000
000000000000000000000000000000000000000000000000000000000000000001000000000111010000
000000000000000000000000000000000000000000000000000000000000000001100000001101011000
000000000000000000000000000000000000000000000000000000000000000010000000000011100000
000000000000000000000000000000000000000000000000000000000000000000100000001001101000
000000000000000000000000000000000000000000000000000000000000000001000000001111110000
100000000000000000000000000000000000000000000000000000000000000001100000000101111000
100000000000000000000000000000000000000000000000000000000000000010000000001100000000
100000000000000000000000000000000000000000000000000000000000000000100000000010001000
000000000000000000000000000000000000000000000000000000000000000001000000001000010000
000000000000000000000000000000000000000000000000000000000000000001100000001110011000
000000000000000000000000000000000000000000000000000000000000000010000000000100100000
000000000000000000000000000000000000000000000000000000000000000000100000001010101000
000000000000000000000000000000000000000000000000000000000000000001000000000000110000
000000000000000000000000000000000000000000000000000000000000000001100000000110111000
000000000000000000000000000000000000000000000000000000000000000010000000001101000000
100000000000000000000000000000000000000000000000000000000000000000100000000011001000
100000000000000000000000000000000000000000000000000000000000000001000000001001010000
100000000000000000000000000000000000000000000000000000000000000001100000001111011000
000000000000000000000000000000000000000000000000000000000000000010000000000101100000
000000000000000000000000000000000000000000000000000000000000000000100000001011101000
000000000000000000000000000000000000000000000000000000000000000001000000000001110000
000000000000000000000000000000000000000000000000000000000000000001100000000111111000
000000000000000000000000000000000000000000000000000000000000000010000000001110000000
100000000000000000000000000000000000000000000000000000000000000000100000000100001000
100000000000000000000000000000000000000000000000000000000000000001000000001010010000
100000000000000000000000000000000000000000000000000000000000000001100000000000011000
000000000000000000000000000000000000000000000000000000000000000010000000000110100000
000000000000000000000000000000000000000000000000000000000000000000100000001100101000
000000000000000000000000000000000000000000000000000000000000000001000000000010110000
000000000000000000000000000000000000000000000000000000000000000001100000001000111000
000000000000000000000000000000000000000000000000000000000000000010000000001111000000
100000000000000000000000000000000000000000000000000000000000000000100000000101001000
100000000000000000000000000000000000000000000000000000000000000001000000001011010000
100000000000000000000000000000000000000000000000000000000000000001100000000001011000
000000000000000000000000000000000000000000000000000000000000000010000000000111100000
000000000000000000000000000000000000000000000000000000000000000000100000001101101000
000000000000000000000000000000000000000000000000000000000000000001000000000011110000
000000000000000000000000000000000000000000000000000000000000000001100000001001111000
000000000000000000000000000000000000000000000000000000000000000010000000000000000000
000000000000000000000000000000000000000000000000000000000000000000100000000110001000
000000000000000000000000000000000000000000000000000000000000000001000000001100010000
100000000000000000000000000000000000000000000000000000000000000001100000000010011000
100000000000000000000000000000000000000000000000000000000000000010000000001000100000
100000000000000000000000000000000000000000000000000000000000000000100000001110101000
000000000000000000000000000000000000000000000000000000000000000001000000000100110000
000000000000000000000000000000000000000000000000000000000000000001100000001010111000
000000000000000000000000000000000000000000000000000000000000000010000000000001000000
000000000000000000000000000000000000000000000000000000000000000000100000000111001000
000000000000000000000000000000000000000000000000000000000000000001000000001101010000
100000000000000000000000000000000000000000000000000000000000000001100000000011011000
100000000000000000000000000000000000000000000000000000000000000010000000001001100000
100000000000000000000000000000000000000000000000000000000000000000100000001111101000
000000000000000000000000000000000000000000000000000000000000000001000000000101110000
000000000000000000000000000000000000000000000000000000000000000001100000001011111000
000000000000000000000000000000000000000000000000000000000000000010000000000010000000
000000000000000000000000000000000000000000000000000000000000000000100000001000001000
000000000000000000000000000000000000000000000000000000000000000001000000001110010000
100000000000000000000000000000000000000000000000000000000000000001100000000100011000
100000000000000000000000000000000000000000000000000000000000000010000000001010100000
100000000000000000000000000000000000000000000000000000000000000000100000000000101000
000000000000000000000000000000000000000000000000000000000000000001000000000110110000
000000000000000000000000000000000000000000000000000000000000000001100000001100111000
000000000000000000000000000000000000000000000000000000000000000010000000000011000000
000000000000000000000000000000000000000000000000000000000000000000100000001001001000
000000000000000000000000000000000000000000000000000000000000000001000000001111010000
000000000000000000000000000000000000000000000000000000000000000001100000000101011000
000000000000000000000000000000000000000000000000000000000000000010000000001011100000
100000000000000000000000000000000000000000000000000000000000000000100000000001101000
100000000000000000000000000000000000000000000000000000000000000001000000000111110000
100000000000000000000000000000000000000000000000000000000000000001100000001101111000
000000000000000000000000000000000000000000000000000000000000000010000000000100000000
000000000000000000000000000000000000000000000000000000000000000000100000001010001000
000000000000000000000000000000000000000000000000000000000000000001000000000000010000
000000000000000000000000000000000000000000000000000000000000000001100000000110011000
000000000000000000000000000000000000000000000000000000000000000010000000001100100000
100000000000000000000000000000000000000000000000000000000000000000100000000010101000
100000000000000000000000000000000000000000000000000000000000000001000000001000110000
100000000000000000000000000000000000000000000000000000000000000001100000001110111000
000000000000000000000000000000000000000000000000000000000000000010000000000101000000
000000000000000000000000000000000000000000000000000000000000000000100000001011001000
000000000000000000000000000000000000000000000000000000000000000001000000000001010000
000000000000000000000000000000000000000000000000000000000000000001100000000111011000
000000000000000000000000000000000000000000000000000000000000000010000000001101100000
100000000000000000000000000000000000000000000000000000000000000000100000000011101000
100000000000000000000000000000000000000000000000000000000000000001000000001001110000
100000000000000000000000000000000000000000000000000000000000000001100000001111111000
000000000000000000000000000000000000000000000000000000000000000010000000000110000000
000000000000000000000000000000000000000000000000000000000000000000100000001100001000
000000000000000000000000000000000000000000000000000000000000000001000000000010010000
000000000000000000000000000000000000000000000000000000000000000001100000001000011000
000000000000000000000000000000000000000000000000000000000000000010000000001110100000
000000000000000000000000000000000000000000000000000000000000000000100000000100101000
000000000000000000000000000000000000000000000000000000000000000001000000001010110000
100000000000000000000000000000000000000000000000000000000000000001100000000000111000
100000000000000000000000000000000000000000000000000000000000000010000000000111000000
100000000000000000000000000000000000000000000000000000000000000000100000001101001000
000000000000000000000000000000000000000000000000000000000000000001000000000011010000
000000000000000000000000000000000000000000000000000000000000000001100000001001011000
000000000000000000000000000000000000000000000000000000000000000010000000001111100000
000000000000000000000000000000000000000000000000000000000000000000100000000101101000
000000000000000000000000000000000000000000000000000000000000000001000000001011110000
100000000000000000000000000000000000000000000000000000000000000001100000000001111000
100000000000000000000000000000000000000000000000000000000000000010000000001000000000
100000000000000000000000000000000000000000000000000000000000000000100000001110001000
000000000000000000000000000000000000000000000000000000000000000001000000000100010000
000000000000000000000000000000000000000000000000000000000000000001100000001010011000
000000000000000000000000000000000000000000000000000000000000000010000000000000100000
000000000000000000000000000000000000000000000000000000000000000000100000000110101000
000000000000000000000000000000000000000000000000000000000000000001000000001100110000
100000000000000000000000000000000000000000000000000000000000000001100000000010111000
100000000000000000000000000000000000000000000000000000000000000010000000001001000000
100000000000000000000000000000000000000000000000000000000000000000100000001111001000
000000000000000000000000000000000000000000000000000000000000000001000000000101010000
000000000000000000000000000000000000000000000000000000000000000001100000001011011000
000000000000000000000000000000000000000000000000000000000000000010000000000001100000
000000000000000000000000000000000000000000000000000000000000000000100000000111101000
000000000000000000000000000000000000000000000000000000000000000001000000001101110000
000000000000000000000000000000000000000000000000000000000000000001100000000011111000
000000000000000000000000000000000000000000000000000000000000000010000000001010000000
100000000000000000000000000000000000000000000000000000000000000000100000000000001000
100000000000000000000000000000000000000000000000000000000000000001000000000110010000
100000000000000000000000000000000000000000000000000000000000000001100000001100011000
000000000000000000000000000000000000000000000000000000000000000010000000000010100000
000000000000000000000000000000000000000000000000000000000000000000100000001000101000
000000000000000000000000000000000000000000000000000000000000000001000000001110110000
000000000000000000000000000000000000000000000000000000000000000001100000000100111000
000000000000000000000000000000000000000000000000000000000000000010000000001011000000
100000000000000000000000000000000000000000000000000000000000000000100000000001001000
100000000000000000000000000000000000000000000000000000000000000001000000000111010000
100000000000000000000000000000000000000000000000000000000000000001100000001101011000
000000000000000000000000000000000000000000000000000000000000000010000000000011100000
000000000000000000000000000000000000000000000000000000000000000000100000001001101000
000000000000000000000000000000000000000000000000000000000000000001000000001111110000
000000000000000000000000000000000000000000000000000000000000000001100000000101111000
000000000000000000000000000000000000000000000000000000000000000010000000001100000000
100000000000000000000000000000000000000000000000000000000000000000100000000010001000
100000000000000000000000000000000000000000000000000000000000000001000000001000010000
100000000000000000000000000000000000000000000000000000000000000001100000001110011000
000000000000000000000000000000000000000000000000000000000000000010000000000100100000
000000000000000000000000000000000000000000000000000000000000000000100000001010101000
000000000000000000000000000000000000000000000000000000000000000001000000000000110000
000000000000000000000000000000000000000000000000000000000000000001100000000110111000
000000000000000000000000000000000000000000000000000000000000000010000000001101000000
000000000000000000000000000000000000000000000000000000000000000000100000000011001000
000000000000000000000000000000000000000000000000000000000000000001000000001001010000
100000000000000000000000000000000000000000000000000000000000000001100000001111011000
100000000000000000000000000000000000000000000000000000000000000010000000000101100000
100000000000000000000000000000000000000000000000000000000000000000100000001011101000
000000000000000000000000000000000000000000000000000000000000000001000000000001110000
000000000000000000000000000000000000000000000000000000000000000001100000000111111000
000000000000000000000000000000000000000000000000000000000000000010000000001110000000
000000000000000000000000000000000000000000000000000000000000000000100000000100001000
000000000000000000000000000000000000000000000000000000000000000001000000001010010000
100000000000000000000000000000000000000000000000000000000000000001100000000000011000
100000000000000000000000000000000000000000000000000000000000000010000000000110100000
100000000000000000000000000000000000000000000000000000000000000000100000001100101000
000000000000000000000000000000000000000000000000000000000000000001000000000010110000
000000000000000000000000000000000000000000000000000000000000000001100000001000111000
000000000000000000000000000000000000000000000000000000000000000010000000001111000000
000000000000000000000000000000000000000000000000000000000000000000100000000101001000
000000000000000000000000000000000000000000000000000000000000000001000000001011010000
100000000000000000000000000000000000000000000000000000000000000001100000000001011000
100000000000000000000000000000000000000000000000000000000000000010000000000111100000
100000000000000000000000000000000000000000000000000000000000000000100000001101101000
000000000000000000000000000000000000000000000000000000000000000001000000000011110000
000000000000000000000000000000000000000000000000000000000000000001100000001001111000
000000000000000000000000000000000000000000000000000000000000000010000000000000000000
000000000000000000000000000000000000000000000000000000000000000000100000000110001000
000000000000000000000000000000000000000000000000000000000000000001000000001100010000
000000000000000000000000000000000000000000000000000000000000000001100000000010011000
000000000000000000000000000000000000000000000000000000000000000010000000001000100000
100000000000000000000000000000000000000000000000000000000000000000100000001110101000
100000000000000000000000000000000000000000000000000000000000000001000000000100110000
100000000000000000000000000000000000000000000000000000000000000001100000001010111000
000000000000000000000000000000000000000000000000000000000000000010000000000001000000
000000000000000000000000000000000000000000000000000000000000000000100000000111001000
000000000000000000000000000000000000000000000000000000000000000001000000001101010000
000000000000000000000000000000000000000000000000000000000000000001100000000011011000
000000000000000000000000000000000000000000000000000000000000000010000000001001100000
100000000000000000000000000000000000000000000000000000000000000000100000001111101000
100000000000000000000000000000000000000000000000000000000000000001000000000101110000
100000000000000000000000000000000000000000000000000000000000000001100000001011111000
000000000000000000000000000000000000000000000000000000000000000010000000000010000000
000000000000000000000000000000000000000000000000000000000000000000100000001000001000
000000000000000000000000000000000000000000000000000000000000000001000000001110010000
000000000000000000000000000000000000000000000000000000000000000001100000000100011000
000000000000000000000000000000000000000000000000000000000000000010000000001010100000
100000000000000000000000000000000000000000000000000000000000000000100000000000101000
100000000000000000000000000000000000000000000000000000000000000001000000000110110000
100000000000000000000000000000000000000000000000000000000000000001100000001100111000
000000000000000000000000000000000000000000000000000000000000000010000000000011000000
000000000000000000000000000000000000000000000000000000000000000000100000001001001000
000000000000000000000000000000000000000000000000000000000000000001000000001111010000
000000000000000000000000000000000000000000000000000000000000000001100000000101011000
000000000000000000000000000000000000000000000000000000000000000010000000001011100000
000000000000000000000000000000000000000000000000000000000000000000100000000001101000
000000000000000000000000000000000000000000000000000000000000000001000000000111110000
100000000000000000000000000000000000000000000000000000000000000001100000001101111000
100000000000000000000000000000000000000000000000000000000000000010000000000100000000
100000000000000000000000000000000000000000000000000000000000000000100000001010001000
000000000000000000000000000000000000000000000000000000000000000001000000000000010000
000000000000000000000000000000000000000000000000000000000000000001100000000110011000
000000000000000000000000000000000000000000000000000000000000000010000000001100100000
000000000000000000000000000000000000000000000000000000000000000000100000000010101000
000000000000000000000000000000000000000000000000000000000000000001000000001000110000
100000000000000000000000000000000000000000000000000000000000000001100000001110111000
100000000000000000000000000000000000000000000000000000000000000010000000000101000000
100000000000000000000000000000000000000000000000000000000000000000100000001011001000
000000000000000000000000000000000000000000000000000000000000000001000000000001010000
000000000000000000000000000000000000000000000000000000000000000001100000000111011000
000000000000000000000000000000000000000000000000000000000000000010000000001101100000
000000000000000000000000000000000000000000000000000000000000000000100000000011101000
000000000000000000000000000000000000000000000000000000000000000001000000001001110000
100000000000000000000000000000000000000000000000000000000000000001100000001111111000
100000000000000000000000000000000000000000000000000000000000000010000000000110000000
100000000000000000000000000000000000000000000000000000000000000000100000001100001000
000000000000000000000000000000000000000000000000000000000000000001000000000010010000
000000000000000000000000000000000000000000000000000000000000000001100000001000011000
000000000000000000000000000000000000000000000000000000000000000010000000001110100000
000000000000000000000000000000000000000000000000000000000000000000100000000100101000
000000000000000000000000000000000000000000000000000000000000000001000000001010110000
000000000000000000000000000000000000000000000000000000000000000001100000000000111000
000000000000000000000000000000000000000000000000000000000000000010000000000111000000
100000000000000000000000000000000000000000000000000000000000000000100000001101001000
100000000000000000000000000000000000000000000000000000000000000001000000000011010000
100000000000000000000000000000000000000000000000000000000000000001100000001001011000
000000000000000000000000000000000000000000000000000000000000000010000000001111100000
000000000000000000000000000000000000000000000000000000000000000000100000000101101000
000000000000000000000000000000000000000000000000000000000000000001000000001011110000
000000000000000000000000000000000000000000000000000000000000000001100000000001111000
000000000000000000000000000000000000000000000000000000000000000010000000001000000000
100000000000000000000000000000000000000000000000000000000000000000100000001110001000
100000000000000000000000000000000000000000000000000000000000000001000000000100010000
100000000000000000000000000000000000000000000000000000000000000001100000001010011000
000000000000000000000000000000000000000000000000000000000000000010000000000000100000
000000000000000000000000000000000000000000000000000000000000000000100000000110101000
000000000000000000000000000000000000000000000000000000000000000001000000001100110000
000000000000000000000000000000000000000000000000000000000000000001100000000010111000
000000000000000000000000000000000000000000000000000000000000000010000000001001000000
100000000000000000000000000000000000000000000000000000000000000000100000001111001000
100000000000000000000000000000000000000000000000000000000000000001000000000101010000
100000000000000000000000000000000000000000000000000000000000000001100000001011011000
000000000000000000000000000000000000000000000000000000000000000010000000000001100000
000000000000000000000000000000000000000000000000000000000000000000100000000111101000
000000000000000000000000000000000000000000000000000000000000000001000000001101110000
000000000000000000000000000000000000000000000000000000000000000001100000000011111000
000000000000000000000000000000000000000000000000000000000000000010000000001010000000
000000000000000000000000000000000000000000000000000000000000000000100000000000001000
000000000000000000000000000000000000000000000000000000000000000001000000000110010000
100000000000000000000000000000000000000000000000000000000000000001100000001100011000
100000000000000000000000000000000000000000000000000000000000000010000000000010100000
100000000000000000000000000000000000000000000000000000000000000000100000001000101000
000000000000000000000000000000000000000000000000000000000000000001000000001110110000
000000000000000000000000000000000000000000000000000000000000000001100000000100111000
000000000000000000000000000000000000000000000000000000000000000010000000001011000000
000000000000000000000000000000000000000000000000000000000000000000100000000001001000
000000000000000000000000000000000000000000000000000000000000000001000000000111010000
100000000000000000000000000000000000000000000000000000000000000001100000001101011000
100000000000000000000000000000000000000000000000000000000000000010000000000011100000
100000000000000000000000000000000000000000000000000000000000000000100000001001101000
000000000000000000000000000000000000000000000000000000000000000001000000001111110000
000000000000000000000000000000000000000000000000000000000000000001100000000101111000
000000000000000000000000000000000000000000000000000000000000000010000000001100000000
000000000000000000000000000000000000000000000000000000000000000000100000000010001000
000000000000000000000000000000000000000000000000000000000000000001000000001000010000
100000000000000000000000000000000000000000000000000000000000000001100000001110011000
100000000000000000000000000000000000000000000000000000000000000010000000000100100000
100000000000000000000000000000000000000000000000000000000000000000100000001010101000
000000000000000000000000000000000000000000000000000000000000000001000000000000110000
000000000000000000000000000000000000000000000000000000000000000001100000000110111000
000000000000000000000000000000000000000000000000000000000000000010000000001101000000
000000000000000000000000000000000000000000000000000000000000000000100000000011001000
000000000000000000000000000000000000000000000000000000000000000001000000001001010000
000000000000000000000000000000000000000000000000000000000000000001100000001111011000
000000000000000000000000000000000000000000000000000000000000000010000000000101100000
100000000000000000000000000000000000000000000000000000000000000000100000001011101000
100000000000000000000000000000000000000000000000000000000000000001000000000001110000
100000000000000000000000000000000000000000000000000000000000000001100000000111111000
000000000000000000000000000000000000000000000000000000000000000010000000001110000000
000000000000000000000000000000000000000000000000000000000000000000100000000100001000
000000000000000000000000000000000000000000000000000000000000000001000000001010010000
000000000000000000000000000000000000000000000000000000000000000001100000000000011000
000000000000000000000000000000000000000000000000000000000000000010000000000110100000
100000000000000000000000000000000000000000000000000000000000000000100000001100101000
100000000000000000000000000000000000000000000000000000000000000001000000000010110000
100000000000000000000000000000000000000000000000000000000000000001100000001000111000
000000000000000000000000000000000000000000000000000000000000000010000000001111000000
000000000000000000000000000000000000000000000000000000000000000000100000000101001000
000000000000000000000000000000000000000000000000000000000000000001000000001011010000
000000000000000000000000000000000000000000000000000000000000000001100000000001011000
000000000000000000000000000000000000000000000000000000000000000010000000000111100000
100000000000000000000000000000000000000000000000000000000000000000100000001101101000
100000000000000000000000000000000000000000000000000000000000000001000000000011110000
100000000000000000000000000000000000000000000000000000000000000001100000001001111000
000000000000000000000000000000000000000000000000000000000000000010000000000000000000
000000000000000000000000000000000000000000000000000000000000000000100000000110001000
000000000000000000000000000000000000000000000000000000000000000001000000001100010000
000000000000000000000000000000000000000000000000000000000000000001100000000010011000
000000000000000000000000000000000000000000000000000000000000000010000000001000100000
000000000000000000000000000000000000000000000000000000000000000000100000001110101000
000000000000000000000000000000000000000000000000000000000000000001000000000100110000
100000000000000000000000000000000000000000000000000000000000000001100000001010111000
100000000000000000000000000000000000000000000000000000000000000010000000000001000000
100000000000000000000000000000000000000000000000000000000000000000100000000111001000
000000000000000000000000000000000000000000000000000000000000000001000000001101010000
000000000000000000000000000000000000000000000000000000000000000001100000000011011000
000000000000000000000000000000000000000000000000000000000000000010000000001001100000
000000000000000000000000000000000000000000000000000000000000000000100000001111101000
000000000000000000000000000000000000000000000000000000000000000001000000000101110000
100000000000000000000000000000000000000000000000000000000000000001100000001011111000
100000000000000000000000000000000000000000000000000000000000000010000000000010000000
100000000000000000000000000000000000000000000000000000000000000000100000001000001000
000000000000000000000000000000000000000000000000000000000000000001000000001110010000
000000000000000000000000000000000000000000000000000000000000000001100000000100011000
000000000000000000000000000000000000000000000000000000000000000010000000001010100000
000000000000000000000000000000000000000000000000000000000000000000100000000000101000
000000000000000000000000000000000000000000000000000000000000000001000000000110110000
100000000000000000000000000000000000000000000000000000000000000001100000001100111000
100000000000000000000000000000000000000000000000000000000000000010000000000011000000
100000000000000000000000000000000000000000000000000000000000000000100000001001001000
000000000000000000000000000000000000000000000000000000000000000001000000001111010000
000000000000000000000000000000000000000000000000000000000000000001100000000101011000
000000000000000000000000000000000000000000000000000000000000000010000000001011100000
000000000000000000000000000000000000000000000000000000000000000000100000000001101000
000000000000000000000000000000000000000000000000000000000000000001000000000111110000
000000000000000000000000000000000000000000000000000000000000000001100000001101111000
000000000000000000000000000000000000000000000000000000000000000010000000000100000000
100000000000000000000000000000000000000000000000000000000000000000100000001010001000
100000000000000000000000000000000000000000000000000000000000000001000000000000010000
100000000000000000000000000000000000000000000000000000000000000001100000000110011000
000000000000000000000000000000000000000000000000000000000000000010000000001100100000
000000000000000000000000000000000000000000000000000000000000000000100000000010101000
000000000000000000000000000000000000000000000000000000000000000001000000001000110000
000000000000000000000000000000000000000000000000000000000000000001100000001110111000
000000000000000000000000000000000000000000000000000000000000000010000000000101000000
100000000000000000000000000000000000000000000000000000000000000000100000001011001000
100000000000000000000000000000000000000000000000000000000000000001000000000001010000
100000000000000000000000000000000000000000000000000000000000000001100000000111011000
000000000000000000000000000000000000000000000000000000000000000010000000001101100000
000000000000000000000000000000000000000000000000000000000000000000100000000011101000
000000000000000000000000000000000000000000000000000000000000000001000000001001110000
000000000000000000000000000000000000000000000000000000000000000001100000001111111000
000000000000000000000000000000000000000000000000000000000000000010000000000110000000
100000000000000000000000000000000000000000000000000000000000000000100000001100001000
100000000000000000000000000000000000000000000000000000000000000001000000000010010000
100000000000000000000000000000000000000000000000000000000000000001100000001000011000
000000000000000000000000000000000000000000000000000000000000000010000000001110100000
000000000000000000000000000000000000000000000000000000000000000000100000000100101000
000000000000000000000000000000000000000000000000000000000000000001000000001010110000
000000000000000000000000000000000000000000000000000000000000000001100000000000111000
000000000000000000000000000000000000000000000000000000000000000010000000000111000000
000000000000000000000000000000000000000000000000000000000000000000100000001101001000
000000000000000000000000000000000000000000000000000000000000000001000000000011010000
100000000000000000000000000000000000000000000000000000000000000001100000001001011000
100000000000000000000000000000000000000000000000000000000000000010000000001111100000
100000000000000000000000000000000000000000000000000000000000000000100000000101101000
000000000000000000000000000000000000000000000000000000000000000001000000001011110000
000000000000000000000000000000000000000000000000000000000000000001100000000001111000
000000000000000000000000000000000000000000000000000000000000000010000000001000000000
000000000000000000000000000000000000000000000000000000000000000000100000001110001000
000000000000000000000000000000000000000000000000000000000000000001000000000100010000
100000000000000000000000000000000000000000000000000000000000000001100000001010011000
100000000000000000000000000000000000000000000000000000000000000010000000000000100000
100000000000000000000000000000000000000000000000000000000000000000100000000110101000
000000000000000000000000000000000000000000000000000000000000000001000000001100110000
000000000000000000000000000000000000000000000000000000000000000001100000000010111000
000000000000000000000000000000000000000000000000000000000000000010000000001001000000
000000000000000000000000000000000000000000000000000000000000000000100000001111001000
000000000000000000000000000000000000000000000000000000000000000001000000000101010000
100000000000000000000000000000000000000000000000000000000000000001100000001011011000
100000000000000000000000000000000000000000000000000000000000000010000000000001100000
100000000000000000000000000000000000000000000000000000000000000000100000000111101000
000000000000000000000000000000000000000000000000000000000000000001000000001101110000
000000000000000000000000000000000000000000000000000000000000000001100000000011111000
000000000000000000000000000000000000000000000000000000000000000010000000001010000000
000000000000000000000000000000000000000000000000000000000000000000100000000000001000
000000000000000000000000000000000000000000000000000000000000000001000000000110010000
000000000000000000000000000000000000000000000000000000000000000001100000001100011000
000000000000000000000000000000000000000000000000000000000000000010000000000010100000
100000000000000000000000000000000000000000000000000000000000000000100000001000101000
100000000000000000000000000000000000000000000000000000000000000001000000001110110000
100000000000000000000000000000000000000000000000000000000000000001100000000100111000
000000000000000000000000000000000000000000000000000000000000000010000000001011000000
000000000000000000000000000000000000000000000000000000000000000000100000000001001000
000000000000000000000000000000000000000000000000000000000000000001000000000111010000
000000000000000000000000000000000000000000000000000000000000000001100000001101011000
000000000000000000000000000000000000000000000000000000000000000010000000000011100000
100000000000000000000000000000000000000000000000000000000000000000100000001001101000
100000000000000000000000000000000000000000000000000000000000000001000000001111110000
100000000000000000000000000000000000000000000000000000000000000001100000000101111000
000000000000000000000000000000000000000000000000000000000000000010000000001100000000
000000000000000000000000000000000000000000000000000000000000000000100000000010001000
000000000000000000000000000000000000000000000000000000000000000001000000001000010000
000000000000000000000000000000000000000000000000000000000000000001100000001110011000
000000000000000000000000000000000000000000000000000000000000000010000000000100100000
100000000000000000000000000000000000000000000000000000000000000000100000001010101000
100000000000000000000000000000000000000000000000000000000000000001000000000000110000
100000000000000000000000000000000000000000000000000000000000000001100000000110111000
000000000000000000000000000000000000000000000000000000000000000010000000001101000000
000000000000000000000000000000000000000000000000000000000000000000100000000011001000
000000000000000000000000000000000000000000000000000000000000000001000000001001010000
000000000000000000000000000000000000000000000000000000000000000001100000001111011000
000000000000000000000000000000000000000000000000000000000000000010000000000101100000
000000000000000000000000000000000000000000000000000000000000000000100000001011101000
000000000000000000000000000000000000000000000000000000000000000001000000000001110000
100000000000000000000000000000000000000000000000000000000000000001100000000111111000
100000000000000000000000000000000000000000000000000000000000000010000000001110000000
100000000000000000000000000000000000000000000000000000000000000000100000000100001000
000000000000000000000000000000000000000000000000000000000000000001000000001010010000
000000000000000000000000000000000000000000000000000000000000000001100000000000011000
000000000000000000000000000000000000000000000000000000000000000010000000000110100000
000000000000000000000000000000000000000000000000000000000000000000100000001100101000
000000000000000000000000000000000000000000000000000000000000000001000000000010110000
100000000000000000000000000000000000000000000000000000000000000001100000001000111000
100000000000000000000000000000000000000000000000000000000000000010000000001111000000
100000000000000000000000000000000000000000000000000000000000000000100000000101001000
000000000000000000000000000000000000000000000000000000000000000001000000001011010000
000000000000000000000000000000000000000000000000000000000000000001100000000001011000
000000000000000000000000000000000000000000000000000000000000000010000000000111100000
000000000000000000000000000000000000000000000000000000000000000000100000001101101000
000000000000000000000000000000000000000000000000000000000000000001000000000011110000
100000000000000000000000000000000000000000000000000000000000000001100000001001111000
100000000000000000000000000000000000000000000000000000000000000010000000000000000000
100000000000000000000000000000000000000000000000000000000000000000100000000110001000
000000000000000000000000000000000000000000000000000000000000000001000000001100010000
000000000000000000000000000000000000000000000000000000000000000001100000000010011000
000000000000000000000000000000000000000000000000000000000000000010000000001000100000
000000000000000000000000000000000000000000000000000000000000000000100000001110101000
000000000000000000000000000000000000000000000000000000000000000001000000000100110000
000000000000000000000000000000000000000000000000000000000000000001100000001010111000
000000000000000000000000000000000000000000000000000000000000000010000000000001000000
100000000000000000000000000000000000000000000000000000000000000000100000000111001000
100000000000000000000000000000000000000000000000000000000000000001000000001101010000
100000000000000000000000000000000000000000000000000000000000000001100000000011011000
000000000000000000000000000000000000000000000000000000000000000010000000001001100000
000000000000000000000000000000000000000000000000000000000000000000100000001111101000
000000000000000000000000000000000000000000000000000000000000000001000000000101110000
000000000000000000000000000000000000000000000000000000000000000001100000001011111000
000000000000000000000000000000000000000000000000000000000000000010000000000010000000
100000000000000000000000000000000000000000000000000000000000000000100000001000001000
100000000000000000000000000000000000000000000000000000000000000001000000001110010000
100000000000000000000000000000000000000000000000000000000000000001100000000100011000
000000000000000000000000000000000000000000000000000000000000000010000000001010100000
000000000000000000000000000000000000000000000000000000000000000000100000000000101000
000000000000000000000000000000000000000000000000000000000000000001000000000110110000
000000000000000000000000000000000000000000000000000000000000000001100000001100111000
000000000000000000000000000000000000000000000000000000000000000010000000000011000000
100000000000000000000000000000000000000000000000000000000000000000100000001001001000
100000000000000000000000000000000000000000000000000000000000000001000000001111010000
100000000000000000000000000000000000000000000000000000000000000001100000000101011000
000000000000000000000000000000000000000000000000000000000000000010000000001011100000
000000000000000000000000000000000000000000000000000000000000000000100000000001101000
000000000000000000000000000000000000000000000000000000000000000001000000000111110000
000000000000000000000000000000000000000000000000000000000000000001100000001101111000
000000000000000000000000000000000000000000000000000000000000000010000000000100000000
000000000000000000000000000000000000000000000000000000000000000000100000001010001000
000000000000000000000000000000000000000000000000000000000000000001000000000000010000
100000000000000000000000000000000000000000000000000000000000000001100000000110011000
100000000000000000000000000000000000000000000000000000000000000010000000001100100000
100000000000000000000000000000000000000000000000000000000000000000100000000010101000
000000000000000000000000000000000000000000000000000000000000000001000000001000110000
000000000000000000000000000000000000000000000000000000000000000001100000001110111000
000000000000000000000000000000000000000000000000000000000000000010000000000101000000
000000000000000000000000000000000000000000000000000000000000000000100000001011001000
000000000000000000000000000000000000000000000000000000000000000001000000000001010000
100000000000000000000000000000000000000000000000000000000000000001100000000111011000
100000000000000000000000000000000000000000000000000000000000000010000000001101100000
100000000000000000000000000000000000000000000000000000000000000000100000000011101000
000000000000000000000000000000000000000000000000000000000000000001000000001001110000
000000000000000000000000000000000000000000000000000000000000000001100000001111111000
000000000000000000000000000000000000000000000000000000000000000010000000000110000000
000000000000000000000000000000000000000000000000000000000000000000100000001100001000
000000000000000000000000000000000000000000000000000000000000000001000000000010010000
100000000000000000000000000000000000000000000000000000000000000001100000001000011000
100000000000000000000000000000000000000000000000000000000000000010000000001110100000
100000000000000000000000000000000000000000000000000000000000000000100000000100101000
000000000000000000000000000000000000000000000000000000000000000001000000001010110000
000000000000000000000000000000000000000000000000000000000000000001100000000000111000
000000000000000000000000000000000000000000000000000000000000000010000000000111000000
000000000000000000000000000000000000000000000000000000000000000000100000001101001000
000000000000000000000000000000000000000000000000000000000000000001000000000011010000
000000000000000000000000000000000000000000000000000000000000000001100000001001011000
000000000000000000000000000000000000000000000000000000000000000010000000001111100000
100000000000000000000000000000000000000000000000000000000000000000100000000101101000
100000000000000000000000000000000000000000000000000000000000000001000000001011110000
100000000000000000000000000000000000000000000000000000000000000001100000000001111000
000000000000000000000000000000000000000000000000000000000000000010000000001000000000
000000000000000000000000000000000000000000000000000000000000000000100000001110001000
000000000000000000000000000000000000000000000000000000000000000001000000000100010000
000000000000000000000000000000000000000000000000000000000000000001100000001010011000
000000000000000000000000000000000000000000000000000000000000000010000000000000100000
100000000000000000000000000000000000000000000000000000000000000000100000000110101000
100000000000000000000000000000000000000000000000000000000000000001000000001100110000
100000000000000000000000000000000000000000000000000000000000000001100000000010111000
000000000000000000000000000000000000000000000000000000000000000010000000001001000000
000000000000000000000000000000000000000000000000000000000000000000100000001111001000
000000000000000000000000000000000000000000000000000000000000000001000000000101010000
000000000000000000000000000000000000000000000000000000000000000001100000001011011000
000000000000000000000000000000000000000000000000000000000000000010000000000001100000
100000000000000000000000000000000000000000000000000000000000000000100000000111101000
100000000000000000000000000000000000000000000000000000000000000001000000001101110000
100000000000000000000000000000000000000000000000000000000000000001100000000011111000
000000000000000000000000000000000000000000000000000000000000000010000000001010000000
000000000000000000000000000000000000000000000000000000000000000000100000000000001000
000000000000000000000000000000000000000000000000000000000000000001000000000110010000
000000000000000000000000000000000000000000000000000000000000000001100000001100011000
000000000000000000000000000000000000000000000000000000000000000010000000000010100000
000000000000000000000000000000000000000000000000000000000000000000100000001000101000
000000000000000000000000000000000000000000000000000000000000000001000000001110110000
100000000000000000000000000000000000000000000000000000000000000001100000000100111000
100000000000000000000000000000000000000000000000000000000000000010000000001011000000
100000000000000000000000000000000000000000000000000000000000000000100000000001001000
000000000000000000000000000000000000000000000000000000000000000001000000000111010000
000000000000000000000000000000000000000000000000000000000000000001100000001101011000
000000000000000000000000000000000000000000000000000000000000000010000000000011100000
000000000000000000000000000000000000000000000000000000000000000000100000001001101000
000000000000000000000000000000000000000000000000000000000000000001000000001111110000
100000000000000000000000000000000000000000000000000000000000000001100000000101111000
100000000000000000000000000000000000000000000000000000000000000010000000001100000000
100000000000000000000000000000000000000000000000000000000000000000100000000010001000
000000000000000000000000000000000000000000000000000000000000000001000000001000010000
000000000000000000000000000000000000000000000000000000000000000001100000001110011000
000000000000000000000000000000000000000000000000000000000000000010000000000100100000
000000000000000000000000000000000000000000000000000000000000000000100000001010101000
000000000000000000000000000000000000000000000000000000000000000001000000000000110000
100000000000000000000000000000000000000000000000000000000000000001100000000110111000
100000000000000000000000000000000000000000000000000000000000000010000000001101000000
100000000000000000000000000000000000000000000000000000000000000000100000000011001000
000000000000000000000000000000000000000000000000000000000000000001000000001001010000
000000000000000000000000000000000000000000000000000000000000000001100000001111011000
000000000000000000000000000000000000000000000000000000000000000010000000000101100000
000000000000000000000000000000000000000000000000000000000000000000100000001011101000
000000000000000000000000000000000000000000000000000000000000000001000000000001110000
000000000000000000000000000000000000000000000000000000000000000001100000000111111000
000000000000000000000000000000000000000000000000000000000000000010000000001110000000
100000000000000000000000000000000000000000000000000000000000000000100000000100001000
100000000000000000000000000000000000000000000000000000000000000001000000001010010000
100000000000000000000000000000000000000000000000000000000000000001100000000000011000
000000000000000000000000000000000000000000000000000000000000000010000000000110100000
000000000000000000000000000000000000000000000000000000000000000000100000001100101000
000000000000000000000000000000000000000000000000000000000000000001000000000010110000
000000000000000000000000000000000000000000000000000000000000000001100000001000111000
000000000000000000000000000000000000000000000000000000000000000010000000001111000000
100000000000000000000000000000000000000000000000000000000000000000100000000101001000
100000000000000000000000000000000000000000000000000000000000000001000000001011010000
100000000000000000000000000000000000000000000000000000000000000001100000000001011000
000000000000000000000000000000000000000000000000000000000000000010000000000111100000
000000000000000000000000000000000000000000000000000000000000000000100000001101101000
000000000000000000000000000000000000000000000000000000000000000001000000000011110000
000000000000000000000000000000000000000000000000000000000000000001100000001001111000
000000000000000000000000000000000000000000000000000000000000000010000000000000000000
100000000000000000000000000000000000000000000000000000000000000000100000000110001000
100000000000000000000000000000000000000000000000000000000000000001000000001100010000
100000000000000000000000000000000000000000000000000000000000000001100000000010011000
000000000000000000000000000000000000000000000000000000000000000010000000001000100000
000000000000000000000000000000000000000000000000000000000000000000100000001110101000
000000000000000000000000000000000000000000000000000000000000000001000000000100110000
000000000000000000000000000000000000000000000000000000000000000001100000001010111000
000000000000000000000000000000000000000000000000000000000000000010000000000001000000
000000000000000000000000000000000000000000000000000000000000000000100000000111001000
000000000000000000000000000000000000000000000000000000000000000001000000001101010000
100000000000000000000000000000000000000000000000000000000000000001100000000011011000
100000000000000000000000000000000000000000000000000000000000000010000000001001100000
100000000000000000000000000000000000000000000000000000000000000000100000001111101000
000000000000000000000000000000000000000000000000000000000000000001000000000101110000
000000000000000000000000000000000000000000000000000000000000000001100000001011111000
000000000000000000000000000000000000000000000000000000000000000010000000000010000000
000000000000000000000000000000000000000000000000000000000000000000100000001000001000
000000000000000000000000000000000000000000000000000000000000000001000000001110010000
100000000000000000000000000000000000000000000000000000000000000001100000000100011000
100000000000000000000000000000000000000000000000000000000000000010000000001010100000
100000000000000000000000000000000000000000000000000000000000000000100000000000101000
000000000000000000000000000000000000000000000000000000000000000001000000000110110000
000000000000000000000000000000000000000000000000000000000000000001100000001100111000
000000000000000000000000000000000000000000000000000000000000000010000000000011000000
000000000000000000000000000000000000000000000000000000000000000000100000001001001000
000000000000000000000000000000000000000000000000000000000000000001000000001111010000
100000000000000000000000000000000000000000000000000000000000000001100000000101011000
100000000000000000000000000000000000000000000000000000000000000010000000001011100000
100000000000000000000000000000000000000000000000000000000000000000100000000001101000
000000000000000000000000000000000000000000000000000000000000000001000000000111110000
000000000000000000000000000000000000000000000000000000000000000001100000001101111000
000000000000000000000000000000000000000000000000000000000000000010000000000100000000
000000000000000000000000000000000000000000000000000000000000000000100000001010001000
000000000000000000000000000000000000000000000000000000000000000001000000000000010000
000000000000000000000000000000000000000000000000000000000000000001100000000110011000
000000000000000000000000000000000000000000000000000000000000000010000000001100100000
100000000000000000000000000000000000000000000000000000000000000000100000000010101000
100000000000000000000000000000000000000000000000000000000000000001000000001000110000
100000000000000000000000000000000000000000000000000000000000000001100000001110111000
000000000000000000000000000000000000000000000000000000000000000010000000000101000000
000000000000000000000000000000000000000000000000000000000000000000100000001011001000
000000000000000000000000000000000000000000000000000000000000000001000000000001010000
000000000000000000000000000000000000000000000000000000000000000001100000000111011000
000000000000000000000000000000000000000000000000000000000000000010000000001101100000
100000000000000000000000000000000000000000000000000000000000000000100000000011101000
100000000000000000000000000000000000000000000000000000000000000001000000001001110000
100000000000000000000000000000000000000000000000000000000000000001100000001111111000
000000000000000000000000000000000000000000000000000000000000000010000000000110000000
000000000000000000000000000000000000000000000000000000000000000000100000001100001000
000000000000000000000000000000000000000000000000000000000000000001000000000010010000
000000000000000000000000000000000000000000000000000000000000000001100000001000011000
000000000000000000000000000000000000000000000000000000000000000010000000001110100000
100000000000000000000000000000000000000000000000000000000000000000100000000100101000
100000000000000000000000000000000000000000000000000000000000000001000000001010110000
100000000000000000000000000000000000000000000000000000000000000001100000000000111000
000000000000000000000000000000000000000000000000000000000000000010000000000111000000
000000000000000000000000000000000000000000000000000000000000000000100000001101001000
000000000000000000000000000000000000000000000000000000000000000001000000000011010000
000000000000000000000000000000000000000000000000000000000000000001100000001001011000
000000000000000000000000000000000000000000000000000000000000000010000000001111100000
000000000000000000000000000000000000000000000000000000000000000000100000000101101000
000000000000000000000000000000000000000000000000000000000000000001000000001011110000
100000000000000000000000000000000000000000000000000000000000000001100000000001111000
100000000000000000000000000000000000000000000000000000000000000010000000001000000000
100000000000000000000000000000000000000000000000000000000000000000100000001110001000
000000000000000000000000000000000000000000000000000000000000000001000000000100010000
000000000000000000000000000000000000000000000000000000000000000001100000001010011000
000000000000000000000000000000000000000000000000000000000000000010000000000000100000
000000000000000000000000000000000000000000000000000000000000000000100000000110101000
000000000000000000000000000000000000000000000000000000000000000001000000001100110000
100000000000000000000000000000000000000000000000000000000000000001100000000010111000
100000000000000000000000000000000000000000000000000000000000000010000000001001000000
100000000000000000000000000000000000000000000000000000000000000000100000001111001000
000000000000000000000000000000000000000000000000000000000000000001000000000101010000
000000000000000000000000000000000000000000000000000000000000000001100000001011011000
000000000000000000000000000000000000000000000000000000000000000010000000000001100000
000000000000000000000000000000000000000000000000000000000000000000100000000111101000
000000000000000000000000000000000000000000000000000000000000000001000000001101110000
100000000000000000000000000000000000000000000000000000000000000001100000000011111000
100000000000000000000000000000000000000000000000000000000000000010000000001010000000
100000000000000000000000000000000000000000000000000000000000000000100000000000001000
000000000000000000000000000000000000000000000000000000000000000001000000000110010000
000000000000000000000000000000000000000000000000000000000000000001100000001100011000
000000000000000000000000000000000000000000000000000000000000000010000000000010100000
000000000000000000000000000000000000000000000000000000000000000000100000001000101000
000000000000000000000000000000000000000000000000000000000000000001000000001110110000
000000000000000000000000000000000000000000000000000000000000000001100000000100111000
000000000000000000000000000000000000000000000000000000000000000010000000001011000000
100000000000000000000000000000000000000000000000000000000000000000100000000001001000
100000000000000000000000000000000000000000000000000000000000000001000000000111010000
100000000000000000000000000000000000000000000000000000000000000001100000001101011000
000000000000000000000000000000000000000000000000000000000000000010000000000011100000
000000000000000000000000000000000000000000000000000000000000000000100000001001101000
000000000000000000000000000000000000000000000000000000000000000001000000001111110000
000000000000000000000000000000000000000000000000000000000000000001100000000101111000
000000000000000000000000000000000000000000000000000000000000000010000000001100000000
100000000000000000000000000000000000000000000000000000000000000000100000000010001000
100000000000000000000000000000000000000000000000000000000000000001000000001000010000
100000000000000000000000000000000000000000000000000000000000000001100000001110011000
000000000000000000000000000000000000000000000000000000000000000010000000000100100000
000000000000000000000000000000000000000000000000000000000000000000100000001010101000
000000000000000000000000000000000000000000000000000000000000000001000000000000110000
000000000000000000000000000000000000000000000000000000000000000001100000000110111000
000000000000000000000000000000000000000000000000000000000000000010000000001101000000
100000000000000000000000000000000000000000000000000000000000000000100000000011001000
100000000000000000000000000000000000000000000000000000000000000001000000001001010000
100000000000000000000000000000000000000000000000000000000000000001100000001111011000
000000000000000000000000000000000000000000000000000000000000000010000000000101100000
000000000000000000000000000000000000000000000000000000000000000000100000001011101000
000000000000000000000000000000000000000000000000000000000000000001000000000001110000
000000000000000000000000000000000000000000000000000000000000000001100000000111111000
000000000000000000000000000000000000000000000000000000000000000010000000001110000000
000000000000000000000000000000000000000000000000000000000000000000100000000100001000
000000000000000000000000000000000000000000000000000000000000000001000000001010010000
100000000000000000000000000000000000000000000000000000000000000001100000000000011000
100000000000000000000000000000000000000000000000000000000000000010000000000110100000
100000000000000000000000000000000000000000000000000000000000000000100000001100101000
000000000000000000000000000000000000000000000000000000000000000001000000000010110000
000000000000000000000000000000000000000000000000000000000000000001100000001000111000
000000000000000000000000000000000000000000000000000000000000000010000000001111000000
000000000000000000000000000000000000000000000000000000000000000000100000000101001000
000000000000000000000000000000000000000000000000000000000000000001000000001011010000
100000000000000000000000000000000000000000000000000000000000000001100000000001011000
100000000000000000000000000000000000000000000000000000000000000010000000000111100000
100000000000000000000000000000000000000000000000000000000000000000100000001101101000
000000000000000000000000000000000000000000000000000000000000000001000000000011110000
000000000000000000000000000000000000000000000000000000000000000001100000001001111000
000000000000000000000000000000000000000000000000000000000000000010000000000000000000
000000000000000000000000000000000000000000000000000000000000000000100000000110001000
000000000000000000000000000000000000000000000000000000000000000001000000001100010000
100000000000000000000000000000000000000000000000000000000000000001100000000010011000
100000000000000000000000000000000000000000000000000000000000000010000000001000100000
100000000000000000000000000000000000000000000000000000000000000000100000001110101000
000000000000000000000000000000000000000000000000000000000000000001000000000100110000
000000000000000000000000000000000000000000000000000000000000000001100000001010111000
000000000000000000000000000000000000000000000000000000000000000010000000000001000000
000000000000000000000000000000000000000000000000000000000000000000100000000111001000
000000000000000000000000000000000000000000000000000000000000000001000000001101010000
000000000000000000000000000000000000000000000000000000000000000001100000000011011000
000000000000000000000000000000000000000000000000000000000000000010000000001001100000
100000000000000000000000000000000000000000000000000000000000000000100000001111101000
100000000000000000000000000000000000000000000000000000000000000001000000000101110000
100000000000000000000000000000000000000000000000000000000000000001100000001011111000
000000000000000000000000000000000000000000000000000000000000000010000000000010000000
000000000000000000000000000000000000000000000000000000000000000000100000001000001000
000000000000000000000000000000000000000000000000000000000000000001000000001110010000
000000000000000000000000000000000000000000000000000000000000000001100000000100011000
000000000000000000000000000000000000000000000000000000000000000010000000001010100000
100000000000000000000000000000000000000000000000000000000000000000100000000000101000
100000000000000000000000000000000000000000000000000000000000000001000000000110110000
100000000000000000000000000000000000000000000000000000000000000001100000001100111000
000000000000000000000000000000000000000000000000000000000000000010000000000011000000
000000000000000000000000000000000000000000000000000000000000000000100000001001001000
000000000000000000000000000000000000000000000000000000000000000001000000001111010000
000000000000000000000000000000000000000000000000000000000000000001100000000101011000
000000000000000000000000000000000000000000000000000000000000000010000000001011100000
100000000000000000000000000000000000000000000000000000000000000000100000000001101000
100000000000000000000000000000000000000000000000000000000000000001000000000111110000
100000000000000000000000000000000000000000000000000000000000000001100000001101111000
000000000000000000000000000000000000000000000000000000000000000010000000000100000000
000000000000000000000000000000000000000000000000000000000000000000100000001010001000
000000000000000000000000000000000000000000000000000000000000000001000000000000010000
000000000000000000000000000000000000000000000000000000000000000001100000000110011000
000000000000000000000000000000000000000000000000000000000000000010000000001100100000
000000000000000000000000000000000000000000000000000000000000000000100000000010101000
000000000000000000000000000000000000000000000000000000000000000001000000001000110000
100000000000000000000000000000000000000000000000000000000000000001100000001110111000
100000000000000000000000000000000000000000000000000000000000000010000000000101000000
100000000000000000000000000000000000000000000000000000000000000000100000001011001000
000000000000000000000000000000000000000000000000000000000000000001000000000001010000
000000000000000000000000000000000000000000000000000000000000000001100000000111011000
000000000000000000000000000000000000000000000000000000000000000010000000001101100000
000000000000000000000000000000000000000000000000000000000000000000100000000011101000
000000000000000000000000000000000000000000000000000000000000000001000000001001110000
100000000000000000000000000000000000000000000000000000000000000001100000001111111000
100000000000000000000000000000000000000000000000000000000000000010000000000110000000
100000000000000000000000000000000000000000000000000000000000000000100000001100001000
000000000000000000000000000000000000000000000000000000000000000001000000000010010000
000000000000000000000000000000000000000000000000000000000000000001100000001000011000
000000000000000000000000000000000000000000000000000000000000000010000000001110100000
000000000000000000000000000000000000000000000000000000000000000000100000000100101000
000000000000000000000000000000000000000000000000000000000000000001000000001010110000
100000000000000000000000000000000000000000000000000000000000000001100000000000111000
100000000000000000000000000000000000000000000000000000000000000010000000000111000000
100000000000000000000000000000000000000000000000000000000000000000100000001101001000
000000000000000000000000000000000000000000000000000000000000000001000000000011010000
000000000000000000000000000000000000000000000000000000000000000001100000001001011000
000000000000000000000000000000000000000000000000000000000000000010000000001111100000
000000000000000000000000000000000000000000000000000000000000000000100000000101101000
000000000000000000000000000000000000000000000000000000000000000001000000001011110000
000000000000000000000000000000000000000000000000000000000000000001100000000001111000
000000000000000000000000000000000000000000000000000000000000000010000000001000000000
100000000000000000000000000000000000000000000000000000000000000000100000001110001000
100000000000000000000000000000000000000000000000000000000000000001000000000100010000
100000000000000000000000000000000000000000000000000000000000000001100000001010011000
000000000000000000000000000000000000000000000000000000000000000010000000000000100000
000000000000000000000000000000000000000000000000000000000000000000100000000110101000
000000000000000000000000000000000000000000000000000000000000000001000000001100110000
000000000000000000000000000000000000000000000000000000000000000001100000000010111000
000000000000000000000000000000000000000000000000000000000000000010000000001001000000
100000000000000000000000000000000000000000000000000000000000000000100000001111001000
100000000000000000000000000000000000000000000000000000000000000001000000000101010000
100000000000000000000000000000000000000000000000000000000000000001100000001011011000
000000000000000000000000000000000000000000000000000000000000000010000000000001100000
000000000000000000000000000000000000000000000000000000000000000000100000000111101000
000000000000000000000000000000000000000000000000000000000000000001000000001101110000
000000000000000000000000000000000000000000000000000000000000000001100000000011111000
000000000000000000000000000000000000000000000000000000000000000010000000001010000000
100000000000000000000000000000000000000000000000000000000000000000100000000000001000
100000000000000000000000000000000000000000000000000000000000000001000000000110010000
100000000000000000000000000000000000000000000000000000000000000001100000001100011000
000000000000000000000000000000000000000000000000000000000000000010000000000010100000
000000000000000000000000000000000000000000000000000000000000000000100000001000101000
000000000000000000000000000000000000000000000000000000000000000001000000001110110000
000000000000000000000000000000000000000000000000000000000000000001100000000100111000
000000000000000000000000000000000000000000000000000000000000000010000000001011000000
000000000000000000000000000000000000000000000000000000000000000000100000000001001000
000000000000000000000000000000000000000000000000000000000000000001000000000111010000
100000000000000000000000000000000000000000000000000000000000000001100000001101011000
100000000000000000000000000000000000000000000000000000000000000010000000000011100000
100000000000000000000000000000000000000000000000000000000000000000100000001001101000
000000000000000000000000000000000000000000000000000000000000000001000000001111110000
000000000000000000000000000000000000000000000000000000000000000001100000000101111000
000000000000000000000000000000000000000000000000000000000000000010000000001100000000
000000000000000000000000000000000000000000000000000000000000000000100000000010001000
000000000000000000000000000000000000000000000000000000000000000001000000001000010000
100000000000000000000000000000000000000000000000000000000000000001100000001110011000
100000000000000000000000000000000000000000000000000000000000000010000000000100100000
100000000000000000000000000000000000000000000000000000000000000000100000001010101000
000000000000000000000000000000000000000000000000000000000000000001000000000000110000
000000000000000000000000000000000000000000000000000000000000000001100000000110111000
000000000000000000000000000000000000000000000000000000000000000010000000001101000000
000000000000000000000000000000000000000000000000000000000000000000100000000011001000
000000000000000000000000000000000000000000000000000000000000000001000000001001010000
100000000000000000000000000000000000000000000000000000000000000001100000001111011000
100000000000000000000000000000000000000000000000000000000000000010000000000101100000
100000000000000000000000000000000000000000000000000000000000000000100000001011101000
000000000000000000000000000000000000000000000000000000000000000001000000000001110000
000000000000000000000000000000000000000000000000000000000000000001100000000111111000
000000000000000000000000000000000000000000000000000000000000000010000000001110000000
000000000000000000000000000000000000000000000000000000000000000000100000000100001000
000000000000000000000000000000000000000000000000000000000000000001000000001010010000
000000000000000000000000000000000000000000000000000000000000000001100000000000011000
000000000000000000000000000000000000000000000000000000000000000010000000000110100000
100000000000000000000000000000000000000000000000000000000000000000100000001100101000
100000000000000000000000000000000000000000000000000000000000000001000000000010110000
100000000000000000000000000000000000000000000000000000000000000001100000001000111000
000000000000000000000000000000000000000000000000000000000000000010000000001111000000
000000000000000000000000000000000000000000000000000000000000000000100000000101001000
000000000000000000000000000000000000000000000000000000000000000001000000001011010000
000000000000000000000000000000000000000000000000000000000000000001100000000001011000
000000000000000000000000000000000000000000000000000000000000000010000000000111100000
100000000000000000000000000000000000000000000000000000000000000000100000001101101000
100000000000000000000000000000000000000000000000000000000000000001000000000011110000
100000000000000000000000000000000000000000000000000000000000000001100000001001111000
000000000000000000000000000000000000000000000000000000000000000010000000000000000000
000000000000000000000000000000000000000000000000000000000000000000100000000110001000
000000000000000000000000000000000000000000000000000000000000000001000000001100010000
000000000000000000000000000000000000000000000000000000000000000001100000000010011000
000000000000000000000000000000000000000000000000000000000000000010000000001000100000
100000000000000000000000000000000000000000000000000000000000000000100000001110101000
100000000000000000000000000000000000000000000000000000000000000001000000000100110000
100000000000000000000000000000000000000000000000000000000000000001100000001010111000
000000000000000000000000000000000000000000000000000000000000000010000000000001000000
000000000000000000000000000000000000000000000000000000000000000000100000000111001000
000000000000000000000000000000000000000000000000000000000000000001000000001101010000
000000000000000000000000000000000000000000000000000000000000000001100000000011011000
000000000000000000000000000000000000000000000000000000000000000010000000001001100000
000000000000000000000000000000000000000000000000000000000000000000100000001111101000
000000000000000000000000000000000000000000000000000000000000000001000000000101110000
100000000000000000000000000000000000000000000000000000000000000001100000001011111000
100000000000000000000000000000000000000000000000000000000000000010000000000010000000
100000000000000000000000000000000000000000000000000000000000000000100000001000001000
000000000000000000000000000000000000000000000000000000000000000001000000001110010000
000000000000000000000000000000000000000000000000000000000000000001100000000100011000
000000000000000000000000000000000000000000000000000000000000000010000000001010100000
000000000000000000000000000000000000000000000000000000000000000000100000000000101000
000000000000000000000000000000000000000000000000000000000000000001000000000110110000
100000000000000000000000000000000000000000000000000000000000000001100000001100111000
100000000000000000000000000000000000000000000000000000000000000010000000000011000000
100000000000000000000000000000000000000000000000000000000000000000100000001001001000
000000000000000000000000000000000000000000000000000000000000000001000000001111010000
000000000000000000000000000000000000000000000000000000000000000001100000000101011000
000000000000000000000000000000000000000000000000000000000000000010000000001011100000
000000000000000000000000000000000000000000000000000000000000000000100000000001101000
000000000000000000000000000000000000000000000000000000000000000001000000000111110000
100000000000000000000000000000000000000000000000000000000000000001100000001101111000
100000000000000000000000000000000000000000000000000000000000000010000000000100000000
100000000000000000000000000000000000000000000000000000000000000000100000001010001000
000000000000000000000000000000000000000000000000000000000000000001000000000000010000
000000000000000000000000000000000000000000000000000000000000000001100000000110011000
000000000000000000000000000000000000000000000000000000000000000010000000001100100000
000000000000000000000000000000000000000000000000000000000000000000100000000010101000
000000000000000000000000000000000000000000000000000000000000000001000000001000110000
000000000000000000000000000000000000000000000000000000000000000001100000001110111000
000000000000000000000000000000000000000000000000000000000000000010000000000101000000
100000000000000000000000000000000000000000000000000000000000000000100000001011001000
100000000000000000000000000000000000000000000000000000000000000001000000000001010000
100000000000000000000000000000000000000000000000000000000000000001100000000111011000
000000000000000000000000000000000000000000000000000000000000000010000000001101100000
000000000000000000000000000000000000000000000000000000000000000000100000000011101000
000000000000000000000000000000000000000000000000000000000000000001000000001001110000
000000000000000000000000000000000000000000000000000000000000000001100000001111111000
000000000000000000000000000000000000000000000000000000000000000010000000000110000000
100000000000000000000000000000000000000000000000000000000000000000100000001100001000
100000000000000000000000000000000000000000000000000000000000000001000000000010010000
100000000000000000000000000000000000000000000000000000000000000001100000001000011000
000000000000000000000000000000000000000000000000000000000000000010000000001110100000
000000000000000000000000000000000000000000000000000000000000000000100000000100101000
000000000000000000000000000000000000000000000000000000000000000001000000001010110000
000000000000000000000000000000000000000000000000000000000000000001100000000000111000
000000000000000000000000000000000000000000000000000000000000000010000000000111000000
100000000000000000000000000000000000000000000000000000000000000000100000001101001000
100000000000000000000000000000000000000000000000000000000000000001000000000011010000
100000000000000000000000000000000000000000000000000000000000000001100000001001011000
000000000000000000000000000000000000000000000000000000000000000010000000001111100000
000000000000000000000000000000000000000000000000000000000000000000100000000101101000
000000000000000000000000000000000000000000000000000000000000000001000000001011110000
000000000000000000000000000000000000000000000000000000000000000001100000000001111000
000000000000000000000000000000000000000000000000000000000000000010000000001000000000
000000000000000000000000000000000000000000000000000000000000000000100000001110001000
000000000000000000000000000000000000000000000000000000000000000001000000000100010000
100000000000000000000000000000000000000000000000000000000000000001100000001010011000
100000000000000000000000000000000000000000000000000000000000000010000000000000100000
100000000000000000000000000000000000000000000000000000000000000000100000000110101000
000000000000000000000000000000000000000000000000000000000000000001000000001100110000
000000000000000000000000000000000000000000000000000000000000000001100000000010111000
000000000000000000000000000000000000000000000000000000000000000010000000001001000000
000000000000000000000000000000000000000000000000000000000000000000100000001111001000
000000000000000000000000000000000000000000000000000000000000000001000000000101010000
100000000000000000000000000000000000000000000000000000000000000001100000001011011000
100000000000000000000000000000000000000000000000000000000000000010000000000001100000
100000000000000000000000000000000000000000000000000000000000000000100000000111101000
000000000000000000000000000000000000000000000000000000000000000001000000001101110000
000000000000000000000000000000000000000000000000000000000000000001100000000011111000
000000000000000000000000000000000000000000000000000000000000000010000000001010000000
000000000000000000000000000000000000000000000000000000000000000000100000000000001000
000000000000000000000000000000000000000000000000000000000000000001000000000110010000
100000000000000000000000000000000000000000000000000000000000000001100000001100011000
100000000000000000000000000000000000000000000000000000000000000010000000000010100000
100000000000000000000000000000000000000000000000000000000000000000100000001000101000
000000000000000000000000000000000000000000000000000000000000000001000000001110110000
000000000000000000000000000000000000000000000000000000000000000001100000000100111000
000000000000000000000000000000000000000000000000000000000000000010000000001011000000
000000000000000000000000000000000000000000000000000000000000000000100000000001001000
000000000000000000000000000000000000000000000000000000000000000001000000000111010000
000000000000000000000000000000000000000000000000000000000000000001100000001101011000
000000000000000000000000000000000000000000000000000000000000000010000000000011100000
100000000000000000000000000000000000000000000000000000000000000000100000001001101000
100000000000000000000000000000000000000000000000000000000000000001000000001111110000
100000000000000000000000000000000000000000000000000000000000000001100000000101111000
000000000000000000000000000000000000000000000000000000000000000010000000001100000000
000000000000000000000000000000000000000000000000000000000000000000100000000010001000
000000000000000000000000000000000000000000000000000000000000000001000000001000010000
000000000000000000000000000000000000000000000000000000000000000001100000001110011000
000000000000000000000000000000000000000000000000000000000000000010000000000100100000
100000000000000000000000000000000000000000000000000000000000000000100000001010101000
100000000000000000000000000000000000000000000000000000000000000001000000000000110000
100000000000000000000000000000000000000000000000000000000000000001100000000110111000
000000000000000000000000000000000000000000000000000000000000000010000000001101000000
000000000000000000000000000000000000000000000000000000000000000000100000000011001000
000000000000000000000000000000000000000000000000000000000000000001000000001001010000
000000000000000000000000000000000000000000000000000000000000000001100000001111011000
000000000000000000000000000000000000000000000000000000000000000010000000000101100000
100000000000000000000000000000000000000000000000000000000000000000100000001011101000
100000000000000000000000000000000000000000000000000000000000000001000000000001110000
100000000000000000000000000000000000000000000000000000000000000001100000000111111000
000000000000000000000000000000000000000000000000000000000000000010000000001110000000
000000000000000000000000000000000000000000000000000000000000000000100000000100001000
000000000000000000000000000000000000000000000000000000000000000001000000001010010000
000000000000000000000000000000000000000000000000000000000000000001100000000000011000
000000000000000000000000000000000000000000000000000000000000000010000000000110100000
000000000000000000000000000000000000000000000000000000000000000000100000001100101000
000000000000000000000000000000000000000000000000000000000000000001000000000010110000
100000000000000000000000000000000000000000000000000000000000000001100000001000111000
100000000000000000000000000000000000000000000000000000000000000010000000001111000000
100000000000000000000000000000000000000000000000000000000000000000100000000101001000
000000000000000000000000000000000000000000000000000000000000000001000000001011010000
000000000000000000000000000000000000000000000000000000000000000001100000000001011000
000000000000000000000000000000000000000000000000000000000000000010000000000111100000
000000000000000000000000000000000000000000000000000000000000000000100000001101101000
000000000000000000000000000000000000000000000000000000000000000001000000000011110000
100000000000000000000000000000000000000000000000000000000000000001100000001001111000
100000000000000000000000000000000000000000000000000000000000000010000000000000000000
100000000000000000000000000000000000000000000000000000000000000000100000000110001000
000000000000000000000000000000000000000000000000000000000000000001000000001100010000
000000000000000000000000000000000000000000000000000000000000000001100000000010011000
000000000000000000000000000000000000000000000000000000000000000010000000001000100000
000000000000000000000000000000000000000000000000000000000000000000100000001110101000
000000000000000000000000000000000000000000000000000000000000000001000000000100110000
100000000000000000000000000000000000000000000000000000000000000001100000001010111000
100000000000000000000000000000000000000000000000000000000000000010000000000001000000
100000000000000000000000000000000000000000000000000000000000000000100000000111001000
000000000000000000000000000000000000000000000000000000000000000001000000001101010000
000000000000000000000000000000000000000000000000000000000000000001100000000011011000
000000000000000000000000000000000000000000000000000000000000000010000000001001100000
000000000000000000000000000000000000000000000000000000000000000000100000001111101000
000000000000000000000000000000000000000000000000000000000000000001000000000101110000
000000000000000000000000000000000000000000000000000000000000000001100000001011111000
000000000000000000000000000000000000000000000000000000000000000010000000000010000000
100000000000000000000000000000000000000000000000000000000000000000100000001000001000
100000000000000000000000000000000000000000000000000000000000000001000000001110010000
100000000000000000000000000000000000000000000000000000000000000001100000000100011000
000000000000000000000000000000000000000000000000000000000000000010000000001010100000
000000000000000000000000000000000000000000000000000000000000000000100000000000101000
000000000000000000000000000000000000000000000000000000000000000001000000000110110000
000000000000000000000000000000000000000000000000000000000000000001100000001100111000
000000000000000000000000000000000000000000000000000000000000000010000000000011000000
100000000000000000000000000000000000000000000000000000000000000000100000001001001000
100000000000000000000000000000000000000000000000000000000000000001000000001111010000
100000000000000000000000000000000000000000000000000000000000000001100000000101011000
000000000000000000000000000000000000000000000000000000000000000010000000001011100000
000000000000000000000000000000000000000000000000000000000000000000100000000001101000
000000000000000000000000000000000000000000000000000000000000000001000000000111110000
000000000000000000000000000000000000000000000000000000000000000001100000001101111000
000000000000000000000000000000000000000000000000000000000000000010000000000100000000
100000000000000000000000000000000000000000000000000000000000000000100000001010001000
100000000000000000000000000000000000000000000000000000000000000001000000000000010000
100000000000000000000000000000000000000000000000000000000000000001100000000110011000
000000000000000000000000000000000000000000000000000000000000000010000000001100100000
000000000000000000000000000000000000000000000000000000000000000000100000000010101000
000000000000000000000000000000000000000000000000000000000000000001000000001000110000
000000000000000000000000000000000000000000000000000000000000000001100000001110111000
000000000000000000000000000000000000000000000000000000000000000010000000000101000000
000000000000000000000000000000000000000000000000000000000000000000100000001011001000
000000000000000000000000000000000000000000000000000000000000000001000000000001010000
100000000000000000000000000000000000000000000000000000000000000001100000000111011000
100000000000000000000000000000000000000000000000000000000000000010000000001101100000
100000000000000000000000000000000000000000000000000000000000000000100000000011101000
000000000000000000000000000000000000000000000000000000000000000001000000001001110000
000000000000000000000000000000000000000000000000000000000000000001100000001111111000
000000000000000000000000000000000000000000000000000000000000000010000000000110000000
000000000000000000000000000000000000000000000000000000000000000000100000001100001000
000000000000000000000000000000000000000000000000000000000000000001000000000010010000
100000000000000000000000000000000000000000000000000000000000000001100000001000011000
100000000000000000000000000000000000000000000000000000000000000010000000001110100000
100000000000000000000000000000000000000000000000000000000000000000100000000100101000
000000000000000000000000000000000000000000000000000000000000000001000000001010110000
000000000000000000000000000000000000000000000000000000000000000001100000000000111000
000000000000000000000000000000000000000000000000000000000000000010000000000111000000
000000000000000000000000000000000000000000000000000000000000000000100000001101001001
000000000000000000000000000000000000000000000000000000000000000001000000000011010001
000000000000000000000000000000000000000000000000000000000000000001100000001001011001
000000000000000000000000000000000000000000000000000000000000000010000000001111100001
000000000001000000000000000000000000000000000000000000000000000000100000000101101000
000000000001111111111111111111111111111111111111111111111111111101000000001011110000
000000000010000000000000000000000000000000000000000000000000000001100000000001111000
000000000010111111111111111111111111111111111111111111111111111110000000001000000000
010000000000111111111111111111111111111111111111111111111111111100100000001110001000
011111111111000000000000000000000000000000000000000000000000000001000000000100010000
011111111111100000000000000000000000000000000000000000000000000001100000001010011000
011111111111100000000000000000000000000000000000000000000000000010000000000000100000
100000000000000000000000000000000000000000000000000000000000000000100000000110101000
100000000000000000000000000000000000000000000000000000000000000001000000001100110000
100000000000000000000000000000000000000000000000000000000000000001100000000010111001
100000000000000000000000000000000000000000000000000000000000000010000000001001000001
100000000000000000000000000000000000000000000000000000000000000000100000001111001001
100000000001000000000000000000000000000000000000000000000000000001000000000101010000
100000000001111111111111111111111111111111111111111111111111111101100000001011011000
100000000010000000000000000000000000000000000000000000000000000010000000000001100000
100000000010111111111111111111111111111111111111111111111111111100100000000111101000
110000000000111111111111111111111111111111111111111111111111111101000000001101110000
111111111111000000000000000000000000000000000000000000000000000001100000000011111000
011111111111100000000000000000000000000000000000000000000000000010000000001010000000
011111111111100000000000000000000000000000000000000000000000000000100000000000001000
000000000000000000000000000000000000000000000000000000000000000001000000000110010000
000000000000000000000000000000000000000000000000000000000000000001100000001100011001
000000000000000000000000000000000000000000000000000000000000000010000000000010100001
000000000000000000000000000000000000000000000000000000000000000000100000001000101001
000000000001000000000000000000000000000000000000000000000000000001000000001110110000
000000000001000000000000000000000000000000000000000000000000000101100000000100111000
000000000010000000000000000000000000000000000000000000000000000010000000001011000000
000000000011000000000000000000000000000000000000000000000000000000100000000001001000
100000000000000000000000000000000000000000000000000000000000000001000000000111010000
100000000000000000000000000000000000000000000000000000000000000001100000001101011001
100000000001000000000000000000000000000000000000000000000000000010000000000011100000
100000000001000000000000000000000000000000000000000000000000000100100000001001101000
100000000010000000000000000000000000000000000000000000000000000001000000001111110000
100000000011000000000000000000000000000000000000000000000000000001100000000101111000
000000000000000000000000000000000000000000000000000000000000000010000000001100000000
000000000000000000000000000000000000000000000000000000000000000000100000000010001001
000000000000000000000000000000000000000000000000000000000000000001000000001000010001
000000000000000000000000000000000000000000000000000000000000000001100000001110011001
000000000001000000000000000000000000000000000000000000000000001010000000000100100000
100000000000000000000000000000000000000000000000000000000000000000100000001010101000
100000000000000000000000000000000000000000000000000000000000000001000000000000110001
100000000001000000000000000000000000000000000000000000000000001001100000000110111000
000000000000000000000000000000000000000000000000000000000000000010000000001101000001
000000000000000000000000000000000000000000000000000000000000000000100000000011001001
000000000000000000000000000000000000000000000000000000000000000001000000001001010000
000000000000000000000000000000000000000000000000000000000000000001100000001111011001
000000000000000000000000000000000000000000000000000000000000000010000000000101100001
000000000000000000000000000000000000000000000000000000000000000000100000001011101001
000000000001011111111111111111111111111111111111111111111111111101000000000001110000
100000000000000000000000000000000000000000000000000000000000000001100000000111111000
100000000000000000000000000000000000000000000000000000000000000010000000001110000001
100000000001011111111111111111111111111111111111111111111111111100100000000100001000
000000000000000000000000000000000000000000000000000000000000000001000000001010010000
000000000000000000000000000000000000000000000000000000000000000001100000000000011001
000000000000000000000000000000000000000000000000000000000000000010000000000110100001
000000000000000000000000000000000000000000000000000000000000000000100000001100101001
000000000001100000000000000000000000000000000000000000000000000001000000000010110000
100000000000000000000000000000000000000000000000000000000000000001100000001000111000
100000000000000000000000000000000000000000000000000000000000000010000000001111000001
100000000001100000000000000000000000000000000000000000000000000000100000000101001000
000000000000000000000000000000000000000000000000000000000000000001000000001011010000
000000000000000000000000000000000000000000000000000000000000000001100000000001011001
000000000000000000000000000000000000000000000000000000000000000010000000000111100001
000000000000000000000000000000000000000000000000000000000000000000100000001101101001
000000000001100000000000000000000000000000000000000000000000000101000000000011110000
100000000000000000000000000000000000000000000000000000000000000001100000001001111000
100000000000000000000000000000000000000000000000000000000000000010000000000000000001
100000000001100000000000000000000000000000000000000000000000000100100000000110001000
000000000000000000000000000000000000000000000000000000000000000001000000001100010001
000000000000000000000000000000000000000000000000000000000000000001100000000010011001
000000000000000000000000000000000000000000000000000000000000000010000000001000100000
000000000000000000000000000000000000000000000000000000000000000000100000001110101001
000000000000000000000000000000000000000000000000000000000000000001000000000100110001
000000000000000000000000000000000000000000000000000000000000000001100000001010111001
000000000001111111111111111111111111111111111111111111111111111010000000000001000000
100000000000000000000000000000000000000000000000000000000000000000100000000111001000
100000000000000000000000000000000000000000000000000000000000000001000000001101010001
100000000001111111111111111111111111111111111111111111111111111001100000000011011000
000000000000000000000000000000000000000000000000000000000000000010000000001001100000
000000000000000000000000000000000000000000000000000000000000000000100000001111101001
000000000000000000000000000000000000000000000000000000000000000001000000000101110001
000000000000000000000000000000000000000000000000000000000000000001100000001011111001
000000000001000000000000000000000000000000000000000000000000000010000000000010000000
000000000001111111111111111111111111111111111111111111111111111000100000001000001000
000000000001111111111111111111111111111111111111111111111111111101000000001110010000
000000000010000000000000000000000000000000000000000000000000000001100000000100011000
000000000010111111111111111111111111111111111111111111111111111010000000001010100000
000000000011000000000000000000000000000000000000000000000000000000100000000000101000
000000000011111111111111111111111111111111111111111111111111111001000000000110110000
100000000000000000000000000000000000000000000000000000000000000001100000001100111000
100000000000000000000000000000000000000000000000000000000000000010000000000011000001
100000000001000000000000000000000000000000000000000000000000000000100000001001001000
100000000001111111111111111111111111111111111111111111111111111001000000001111010000
100000000001111111111111111111111111111111111111111111111111111101100000000101011000
100000000010000000000000000000000000000000000000000000000000000010000000001011100000
100000000010111111111111111111111111111111111111111111111111111000100000000001101000
100000000011000000000000000000000000000000000000000000000000000001000000000111110000
100000000011111111111111111111111111111111111111111111111111111001100000001101111000
000000000000000000000000000000000000000000000000000000000000000010000000000100000000
000000000000000000000000000000000000000000000000000000000000000000100000001010001001
000000000000000000000000000000000000000000000000000000000000000001000000000000010001
000000000000000000000000000000000000000000000000000000000000000001100000000110011001
000000000000000000000000000000000000000000000000000000000000000010000000001100100001
000000000000000000000000000000000000000000000000000000000000000000100000000010101001
000000000001000000000000000000000000000000000000000000000000000001000000001000110000
000000000001111111111111111111111111111111111111111111111111111101100000001110111000
000000000010000000000000000000000000000000000000000000000000000010000000000101000000
000000000010111111111111111111111111111111111111111111111111111100100000001011001000
100000000000000000000000000000000000000000000000000000000000000001000000000001010000
100000000000000000000000000000000000000000000000000000000000000001100000000111011001
100000000000000000000000000000000000000000000000000000000000000010000000001101100001
100000000000000000000000000000000000000000000000000000000000000000100000000011101001
100000000001000000000000000000000000000000000000000000000000000001000000001001110000
100000000001111111111111111111111111111111111111111111111111111101100000001111111000
100000000010000000000000000000000000000000000000000000000000000010000000000110000000
100000000010111111111111111111111111111111111111111111111111111100100000001100001000
000000000000000000000000000000000000000000000000000000000000000001000000000010010000
000000000000000000000000000000000000000000000000000000000000000001100000001000011001
000000000000000000000000000000000000000000000000000000000000000010000000001110100001
000000000000000000000000000000000000000000000000000000000000000000100000000100101001
000000000001000000000000000000000000000000000000000000000000000001000000001010110000
000000000010000000000000000000000000000000000000000000000000000001100000000000111000
000000000010000000000000000000000000000000000000000000000000000110000000000111000000
000000000011000000000000000000000000000000000000000000000000000000100000001101001000
100000000000000000000000000000000000000000000000000000000000000001000000000011010000
100000000000000000000000000000000000000000000000000000000000000001100000001001011001
100000000001000000000000000000000000000000000000000000000000000010000000001111100000
100000000010000000000000000000000000000000000000000000000000000000100000000101101000
100000000010000000000000000000000000000000000000000000000000000101000000001011110000
100000000011000000000000000000000000000000000000000000000000000001100000000001111000
000000000000000000000000000000000000000000000000000000000000000010000000001000000000
000000000000000000000000000000000000000000000000000000000000000000100000001110001001
000000000000000000000000000000000000000000000000000000000000000001000000000100010001
000000000000000000000000000000000000000000000000000000000000000001100000001010011001
000000000010000000000000000000000000000000000000000000000000001010000000000000100000
100000000000000000000000000000000000000000000000000000000000000000100000000110101000
100000000000000000000000000000000000000000000000000000000000000001000000001100110001
100000000010000000000000000000000000000000000000000000000000001001100000000010111000
000000000000000000000000000000000000000000000000000000000000000010000000001001000001
000000000000000000000000000000000000000000000000000000000000000000100000001111001001
000000000000000000000000000000000000000000000000000000000000000001000000000101010000
000000000000000000000000000000000000000000000000000000000000000001100000001011011001
000000000000000000000000000000000000000000000000000000000000000010000000000001100001
000000000000000000000000000000000000000000000000000000000000000000100000000111101001
000000000010011111111111111111111111111111111111111111111111111101000000001101110000
100000000000000000000000000000000000000000000000000000000000000001100000000011111000
100000000000000000000000000000000000000000000000000000000000000010000000001010000001
100000000010011111111111111111111111111111111111111111111111111100100000000000001000
000000000000000000000000000000000000000000000000000000000000000001000000000110010000
000000000000000000000000000000000000000000000000000000000000000001100000001100011001
000000000000000000000000000000000000000000000000000000000000000010000000000010100001
000000000000000000000000000000000000000000000000000000000000000000100000001000101001
000000000010100000000000000000000000000000000000000000000000000001000000001110110000
100000000000000000000000000000000000000000000000000000000000000001100000000100111000
100000000000000000000000000000000000000000000000000000000000000010000000001011000001
100000000010100000000000000000000000000000000000000000000000000000100000000001001000
000000000000000000000000000000000000000000000000000000000000000001000000000111010000
000000000000000000000000000000000000000000000000000000000000000001100000001101011001
000000000000000000000000000000000000000000000000000000000000000010000000000011100001
000000000000000000000000000000000000000000000000000000000000000000100000001001101001
000000000010100000000000000000000000000000000000000000000000000101000000001111110000
100000000000000000000000000000000000000000000000000000000000000001100000000101111000
100000000000000000000000000000000000000000000000000000000000000010000000001100000001
100000000010100000000000000000000000000000000000000000000000000100100000000010001000
000000000000000000000000000000000000000000000000000000000000000001000000001000010001
000000000000000000000000000000000000000000000000000000000000000001100000001110011001
000000000000000000000000000000000000000000000000000000000000000010000000000100100000
000000000000000000000000000000000000000000000000000000000000000000100000001010101001
000000000000000000000000000000000000000000000000000000000000000001000000000000110001
000000000000000000000000000000000000000000000000000000000000000001100000000110111001
000000000010111111111111111111111111111111111111111111111111111010000000001101000000
100000000000000000000000000000000000000000000000000000000000000000100000000011001000
100000000000000000000000000000000000000000000000000000000000000001000000001001010001
100000000010111111111111111111111111111111111111111111111111111001100000001111011000
000000000000000000000000000000000000000000000000000000000000000010000000000101100000
000000000000000000000000000000000000000000000000000000000000000000100000001011101001
000000000000000000000000000000000000000000000000000000000000000001000000000001110001
000000000000000000000000000000000000000000000000000000000000000001100000000111111001
000000000001000000000000000000000000000000000000000000000000000010000000001110000000
000000000001111111111111111111111111111111111111111111111111111000100000000100001000
000000000010000000000000000000000000000000000000000000000000000001000000001010010000
000000000010111111111111111111111111111111111111111111111111111001100000000000011000
000000000010111111111111111111111111111111111111111111111111111110000000000110100000
000000000011000000000000000000000000000000000000000000000000000000100000001100101000
000000000011111111111111111111111111111111111111111111111111111001000000000010110000
100000000000000000000000000000000000000000000000000000000000000001100000001000111000
100000000000000000000000000000000000000000000000000000000000000010000000001111000001
100000000001000000000000000000000000000000000000000000000000000000100000000101001000
100000000001111111111111111111111111111111111111111111111111111001000000001011010000
100000000010000000000000000000000000000000000000000000000000000001100000000001011000
100000000010111111111111111111111111111111111111111111111111111010000000000111100000
100000000010111111111111111111111111111111111111111111111111111100100000001101101000
100000000011000000000000000000000000000000000000000000000000000001000000000011110000
100000000011111111111111111111111111111111111111111111111111111001100000001001111000
000000000000000000000000000000000000000000000000000000000000000010000000000000000001
000000000000000000000000000000000000000000000000000000000000000000100000000110001001
000000000000000000000000000000000000000000000000000000000000000001000000001100010000
000000000000000000000000000000000000000000000000000000000000000001100000000010011001
000000000000000000000000000000000000000000000000000000000000000010000000001000100001
000000000000000000000000000000000000000000000000000000000000000000100000001110101001
000000000011111111111111111111111111111111111111111111111111111101000000000100110000
100000000000000000000000000000000000000000000000000000000000000001100000001010111000
100000000000000000000000000000000000000000000000000000000000000010000000000001000001
100000000011111111111111111111111111111111111111111111111111111100100000000111001000
000000000000000000000000000000000000000000000000000000000000000001000000001101010000
000000000000000000000000000000000000000000000000000000000000000001100000000011011001
000000000000000000000000000000000000000000000000000000000000000010000000001001100001
000000000000000000000000000000000000000000000000000000000000000000100000001111101001
000000000100000000000000000000000000000000000000000000000000000001000000000101110000
100000000000000000000000000000000000000000000000000000000000000001100000001011111000
100000000000000000000000000000000000000000000000000000000000000010000000000010000001
100000000100000000000000000000000000000000000000000000000000000000100000001000001000
000000000000000000000000000000000000000000000000000000000000000001000000001110010000
000000000000000000000000000000000000000000000000000000000000000001100000000100011001
000000000000000000000000000000000000000000000000000000000000000010000000001010100001
000000000000000000000000000000000000000000000000000000000000000000100000000000101001
000000000100000000000000000000000000000000000000000000000000000101000000000110110000
100000000000000000000000000000000000000000000000000000000000000001100000001100111000
100000000000000000000000000000000000000000000000000000000000000010000000000011000001
100000000100000000000000000000000000000000000000000000000000000100100000001001001000
000000000000000000000000000000000000000000000000000000000000000001000000001111010001
000000000000000000000000000000000000000000000000000000000000000001100000000101011001
000000000000000000000000000000000000000000000000000000000000000010000000001011100000
000000000000000000000000000000000000000000000000000000000000000000100000000001101001
000000000000000000000000000000000000000000000000000000000000000001000000000111110001
000000000000000000000000000000000000000000000000000000000000000001100000001101111001
000000000111111111111111111111111111111111111111111111111111111110000000000100000000
100000000000000000000000000000000000000000000000000000000000000000100000001010001000
100000000000000000000000000000000000000000000000000000000000000001000000000000010001
100000000111111111111111111111111111111111111111111111111111111101100000000110011000
000000000000000000000000000000000000000000000000000000000000000010000000001100100000
000000000000000000000000000000000000000000000000000000000000000000100000000010101001
000000000000000000000000000000000000000000000000000000000000000001000000001000110001
000000000000000000000000000000000000000000000000000000000000000001100000001110111001
000000001000000000000000000000000000000000000000000000000000000010000000000101000000
100000000000000000000000000000000000000000000000000000000000000000100000001011001000
100000000000000000000000000000000000000000000000000000000000000001000000000001010001
100000001000000000000000000000000000000000000000000000000000000001100000000111011000
000000000000000000000000000000000000000000000000000000000000000010000000001101100000
000000000000000000000000000000000000000000000000000000000000000000100000000011101001
000000000000000000000000000000000000000000000000000000000000000001000000001001110001
000000000000000000000000000000000000000000000000000000000000000001100000001111111001
000000001000000000000000000000000000000000000000000000000000000110000000000110000000
100000000000000000000000000000000000000000000000000000000000000000100000001100001000
100000000000000000000000000000000000000000000000000000000000000001000000000010010001
100000001000000000000000000000000000000000000000000000000000000101100000001000011000
000000000000000000000000000000000000000000000000000000000000000010000000001110100001
000000000000000000000000000000000000000000000000000000000000000000100000000100101001
000000000000000000000000000000000000000000000000000000000000000001000000001010110000
000000000000000000000000000000000000000000000000000000000000000001100000000000111001
000000000000000000000000000000000000000000000000000000000000000010000000000111000001
000000000000000000000000000000000000000000000000000000000000000000100000001101001001
000000001111111111111111111111111111111111111111111111111111111101000000000011010000
100000000000000000000000000000000000000000000000000000000000000001100000001001011000
100000000000000000000000000000000000000000000000000000000000000010000000001111100001
100000001111111111111111111111111111111111111111111111111111111100100000000101101000
000000000000000000000000000000000000000000000000000000000000000001000000001011110000
000000000000000000000000000000000000000000000000000000000000000001100000000001111001
000000000000000000000000000000000000000000000000000000000000000010000000001000000001
000000000000000000000000000000000000000000000000000000000000000000100000001110001001
000000010000000000000000000000000000000000000000000000000000000001000000000100010000
100000000000000000000000000000000000000000000000000000000000000001100000001010011000
100000000000000000000000000000000000000000000000000000000000000010000000000000100001
100000010000000000000000000000000000000000000000000000000000000000100000000110101000
000000000000000000000000000000000000000000000000000000000000000001000000001100110000
000000000000000000000000000000000000000000000000000000000000000001100000000010111001
000000000000000000000000000000000000000000000000000000000000000010000000001001000001
000000000000000000000000000000000000000000000000000000000000000000100000001111001001
000000010000000000000000000000000000000000000000000000000000000101000000000101010000
100000000000000000000000000000000000000000000000000000000000000001100000001011011000
100000000000000000000000000000000000000000000000000000000000000010000000000001100001
100000010000000000000000000000000000000000000000000000000000000100100000000111101000
000000000000000000000000000000000000000000000000000000000000000001000000001101110001
000000000000000000000000000000000000000000000000000000000000000001100000000011111001
000000000000000000000000000000000000000000000000000000000000000010000000001010000000
000000000000000000000000000000000000000000000000000000000000000000100000000000001001
000000000000000000000000000000000000000000000000000000000000000001000000000110010001
000000000000000000000000000000000000000000000000000000000000000001100000001100011001
000000011111111111111111111111111111111111111111111111111111111110000000000010100000
100000000000000000000000000000000000000000000000000000000000000000100000001000101000
100000000000000000000000000000000000000000000000000000000000000001000000001110110001
100000011111111111111111111111111111111111111111111111111111111101100000000100111000
000000000000000000000000000000000000000000000000000000000000000010000000001011000000
000000000000000000000000000000000000000000000000000000000000000000100000000001001001
000000000000000000000000000000000000000000000000000000000000000001000000000111010001
000000000000000000000000000000000000000000000000000000000000000001100000001101011001
000000100000000000000000000000000000000000000000000000000000000010000000000011100000
100000000000000000000000000000000000000000000000000000000000000000100000001001101000
100000000000000000000000000000000000000000000000000000000000000001000000001111110001
100000100000000000000000000000000000000000000000000000000000000001100000000101111000
000000000000000000000000000000000000000000000000000000000000000010000000001100000000
000000000000000000000000000000000000000000000000000000000000000000100000000010001001
000000000000000000000000000000000000000000000000000000000000000001000000001000010001
000000000000000000000000000000000000000000000000000000000000000001100000001110011001
000000100000000000000000000000000000000000000000000000000000000110000000000100100000
100000000000000000000000000000000000000000000000000000000000000000100000001010101000
100000000000000000000000000000000000000000000000000000000000000001000000000000110001
100000100000000000000000000000000000000000000000000000000000000101100000000110111000
000000000000000000000000000000000000000000000000000000000000000010000000001101000001
000000000000000000000000000000000000000000000000000000000000000000100000000011001001
000000000000000000000000000000000000000000000000000000000000000001000000001001010000
000000000000000000000000000000000000000000000000000000000000000001100000001111011001
000000000000000000000000000000000000000000000000000000000000000010000000000101100001
000000000000000000000000000000000000000000000000000000000000000000100000001011101001
000000111111111111111111111111111111111111111111111111111111111101000000000001110000
100000000000000000000000000000000000000000000000000000000000000001100000000111111000
100000000000000000000000000000000000000000000000000000000000000010000000001110000001
100000111111111111111111111111111111111111111111111111111111111100100000000100001000
000000000000000000000000000000000000000000000000000000000000000001000000001010010000
000000000000000000000000000000000000000000000000000000000000000001100000000000011001
000000000000000000000000000000000000000000000000000000000000000010000000000110100001
000000000000000000000000000000000000000000000000000000000000000000100000001100101001
000001000000000000000000000000000000000000000000000000000000000001000000000010110000
100000000000000000000000000000000000000000000000000000000000000001100000001000111000
100000000000000000000000000000000000000000000000000000000000000010000000001111000001
100001000000000000000000000000000000000000000000000000000000000000100000000101001000
000000000000000000000000000000000000000000000000000000000000000001000000001011010000
000000000000000000000000000000000000000000000000000000000000000001100000000001011001
000000000000000000000000000000000000000000000000000000000000000010000000000111100001
000000000000000000000000000000000000000000000000000000000000000000100000001101101001
000001000000000000000000000000000000000000000000000000000000000101000000000011110000
100000000000000000000000000000000000000000000000000000000000000001100000001001111000
100000000000000000000000000000000000000000000000000000000000000010000000000000000001
100001000000000000000000000000000000000000000000000000000000000100100000000110001000
000000000000000000000000000000000000000000000000000000000000000001000000001100010001
000000000000000000000000000000000000000000000000000000000000000001100000000010011001
000000000000000000000000000000000000000000000000000000000000000010000000001000100000
000000000000000000000000000000000000000000000000000000000000000000100000001110101001
000000000000000000000000000000000000000000000000000000000000000001000000000100110001
000000000000000000000000000000000000000000000000000000000000000001100000001010111001
000001111111111111111111111111111111111111111111111111111111111110000000000001000000
100000000000000000000000000000000000000000000000000000000000000000100000000111001000
100000000000000000000000000000000000000000000000000000000000000001000000001101010001
100001111111111111111111111111111111111111111111111111111111111101100000000011011000
000000000000000000000000000000000000000000000000000000000000000010000000001001100000
000000000000000000000000000000000000000000000000000000000000000000100000001111101001
000000000000000000000000000000000000000000000000000000000000000001000000000101110001
000000000000000000000000000000000000000000000000000000000000000001100000001011111001
000010000000000000000000000000000000000000000000000000000000000010000000000010000000
100000000000000000000000000000000000000000000000000000000000000000100000001000001000
100000000000000000000000000000000000000000000000000000000000000001000000001110010001
100010000000000000000000000000000000000000000000000000000000000001100000000100011000
000000000000000000000000000000000000000000000000000000000000000010000000001010100000
000000000000000000000000000000000000000000000000000000000000000000100000000000101001
000000000000000000000000000000000000000000000000000000000000000001000000000110110001
000000000000000000000000000000000000000000000000000000000000000001100000001100111001
000010000000000000000000000000000000000000000000000000000000000110000000000011000000
100000000000000000000000000000000000000000000000000000000000000000100000001001001000
100000000000000000000000000000000000000000000000000000000000000001000000001111010001
100010000000000000000000000000000000000000000000000000000000000101100000000101011000
000000000000000000000000000000000000000000000000000000000000000010000000001011100001
000000000000000000000000000000000000000000000000000000000000000000100000000001101001
000000000000000000000000000000000000000000000000000000000000000001000000000111110000
000000000000000000000000000000000000000000000000000000000000000001100000001101111001
000000000000000000000000000000000000000000000000000000000000000010000000000100000001
000000000000000000000000000000000000000000000000000000000000000000100000001010001001
000011111111111111111111111111111111111111111111111111111111111101000000000000010000
100000000000000000000000000000000000000000000000000000000000000001100000000110011000
100000000000000000000000000000000000000000000000000000000000000010000000001100100001
100011111111111111111111111111111111111111111111111111111111111100100000000010101000
000000000000000000000000000000000000000000000000000000000000000001000000001000110000
000000000000000000000000000000000000000000000000000000000000000001100000001110111001
000000000000000000000000000000000000000000000000000000000000000010000000000101000001
000000000000000000000000000000000000000000000000000000000000000000100000001011001001
000100000000000000000000000000000000000000000000000000000000000001000000000001010000
100000000000000000000000000000000000000000000000000000000000000001100000000111011000
100000000000000000000000000000000000000000000000000000000000000010000000001101100001
100100000000000000000000000000000000000000000000000000000000000000100000000011101000
000000000000000000000000000000000000000000000000000000000000000001000000001001110000
000000000000000000000000000000000000000000000000000000000000000001100000001111111001
000000000000000000000000000000000000000000000000000000000000000010000000000110000001
000000000000000000000000000000000000000000000000000000000000000000100000001100001001
000100000000000000000000000000000000000000000000000000000000000101000000000010010000
100000000000000000000000000000000000000000000000000000000000000001100000001000011000
100000000000000000000000000000000000000000000000000000000000000010000000001110100001
100100000000000000000000000000000000000000000000000000000000000100100000000100101000
000000000000000000000000000000000000000000000000000000000000000001000000001010110001
000000000000000000000000000000000000000000000000000000000000000001100000000000111001
000000000000000000000000000000000000000000000000000000000000000010000000000111000000
000000000000000000000000000000000000000000000000000000000000000000100000001101001001
000000000000000000000000000000000000000000000000000000000000000001000000000011010001
000000000000000000000000000000000000000000000000000000000000000001100000001001011001
000111111111111111111111111111111111111111111111111111111111111110000000001111100000
100000000000000000000000000000000000000000000000000000000000000000100000000101101000
100000000000000000000000000000000000000000000000000000000000000001000000001011110001
100111111111111111111111111111111111111111111111111111111111111101100000000001111000
000000000000000000000000000000000000000000000000000000000000000010000000001000000000
000000000000000000000000000000000000000000000000000000000000000000100000001110001001
000000000001000000000000000000000000000000000000000000000000000001000000000100010000
000000000001000000000000000000000000000000000000000000000000000101100000001010011000
001000000000000000000000000000000000000000000000000000000000000010000000000000100000
100000000000000000000000000000000000000000000000000000000000000000100000000110101000
100000000001000000000000000000000000000000000000000000000000000001000000001100110000
101000000000000000000000000000000000000000000000000000000000000001100000000010111000
000000000000000000000000000000000000000000000000000000000000000010000000001001000000
000000000001000000000000000000000000000000000000000000000000000100100000001111001000
000000000001000000000000000000000000000000000000000000000000001001000000000101010000
000000000001000000000000000000000000000000000000000000000000001101100000001011011000
001000000000000000000000000000000000000000000000000000000000000110000000000001100000
100000000000000000000000000000000000000000000000000000000000000000100000000111101000
100000000001000000000000000000000000000000000000000000000000001001000000001101110000
101000000000000000000000000000000000000000000000000000000000000101100000000011111000
000000000001000000000000000000000000000000000000000000000000001110000000001010000000
100101010110011000111000111000111000111000111000111000111000110100100000000000001000
001111111100111111111111111111111111111111111111111111111111111101000000000110010000
000000000000000000000000000000000000000000000000000000000000000001100000001100011000
000000000000000000000000000000000000000000000000000000000000000010000000000010100001
000000000000000000000000000000000000000000000000000000000000000000100000001000101001
000000000001000000000000000000000000000000000000000000000000000001000000001110110000
000000000001111111111111111111111111111111111111111111111111111101100000000100111000
000000000010000000000000000000000000000000000000000000000000000010000000001011000000
000000000010111111111111111111111111111111111111111111111111111100100000000001001000
001111000110111111111111111111111111111111111111111111111111111101000000000111010000
001111000111000000000000000000000000000000000000000000000000000001100000001101011000
001111000111000000000000000000000000000000000000000000000000000110000000000011100000
001111000111111111111111111111111111111111111111111111111111111100100000001001101000
001111001000000000000000000000000000000000000000000000000000000001000000001111110000
001111001000000000000000000000000000000000000000000000000000000101100000000101111000
001111001000111111111111111111111111111111111111111111111111111110000000001100000000
001111001001000000000000000000000000000000000000000000000000000000100000000010001000
001111001001000000000000000000000000000000000000000000000000000101000000001000010000
001111111100111111111111111111111111111111111111111111111111111101100000001110011000
001111111101000000000000000000000000000000000000000000000000000010000000000100100000
001111111101000000000000000000000000000000000000000000000000000100100000001010101000
001111111110000000000000000000000000000000000000000000000000000001000000000000110000
011111111101000000000000000000000000000000000000000000000000000001100000000110111000
011111111101111111111111111111111111111111111111111111111111111110000000001101000000
100000000000000000000000000000000000000000000000000000000000000000100000000011001000
100000000000000000000000000000000000000000000000000000000000000001000000001001010001
100000000000000000000000000000000000000000000000000000000000000001100000001111011001
100000000001000000000000000000000000000000000000000000000000000010000000000101100000
100000000001111111111111111111111111111111111111111111111111111100100000001011101000
100000000010000000000000000000000000000000000000000000000000000001000000000001110000
100000000010111111111111111111111111111111111111111111111111111101100000000111111000
101111000110111111111111111111111111111111111111111111111111111110000000001110000000
101111000111000000000000000000000000000000000000000000000000000000100000000100001000
101111000111000000000000000000000000000000000000000000000000000101000000001010010000
101111000111111111111111111111111111111111111111111111111111111101100000000000011000
101111001000000000000000000000000000000000000000000000000000000010000000000110100000
101111001000000000000000000000000000000000000000000000000000000100100000001100101000
101111001000111111111111111111111111111111111111111111111111111101000000000010110000
101111001001000000000000000000000000000000000000000000000000000001100000001000111000
101111001001000000000000000000000000000000000000000000000000000110000000001111000000
101111111101000000000000000000000000000000000000000000000000000000100000000101001000
101111111110000000000000000000000000000000000000000000000000000001000000001011010000
111111111101000000000000000000000000000000000000000000000000000001100000000001011000
111111111101111111111111111111111111111111111111111111111111111110000000000111100000
000000000000000000000000000000000000000000000000000000000000000000100000001101101000
000000000001000000000000000000000000000000000000000000000000000001000000000011110000
000000000010000000000000000000000000000000000000000000000000000001100000001001111000
000000000011000000000000000000000000000000000000000000000000000010000000000000000000
001111000111000000000000000000000000000000000000000000000000000000100000000110001000
001111000111000000000000000000000000000000000000000000000000000101000000001100010000
001111000111000000000000000000000000000000000000000000000000001001100000000010011000
001111001000000000000000000000000000000000000000000000000000000010000000001000100000
001111001000000000000000000000000000000000000000000000000000000100100000001110101000
001111001000000000000000000000000000000000000000000000000000001001000000000100110000
001111001001000000000000000000000000000000000000000000000000000001100000001010111000
001111001001000000000000000000000000000000000000000000000000000110000000000001000000
001111001001000000000000000000000000000000000000000000000000001000100000000111001000
001111111101000000000000000000000000000000000000000000000000000101000000001101010000
001111111101000000000000000000000000000000000000000000000000001001100000000011011000
001111111101000000000000000000000000000000000000000000000000001110000000001001100000
001111111110000000000000000000000000000000000000000000000000000100100000001111101000
011111111110000000000000000000000000000000000000000000000000000001000000000101110000
100000000000000000000000000000000000000000000000000000000000000001100000001011111000
100000000001000000000000000000000000000000000000000000000000000010000000000010000000
100000000010000000000000000000000000000000000000000000000000000000100000001000001000
100000000011000000000000000000000000000000000000000000000000000001000000001110010000
101111000111000000000000000000000000000000000000000000000000000001100000000100011000
101111000111000000000000000000000000000000000000000000000000000110000000001010100000
101111000111000000000000000000000000000000000000000000000000001000100000000000101000
101111001000000000000000000000000000000000000000000000000000000001000000000110110000
101111001000000000000000000000000000000000000000000000000000000101100000001100111000
101111001000000000000000000000000000000000000000000000000000001010000000000011000000
101111001001000000000000000000000000000000000000000000000000000000100000001001001000
101111001001000000000000000000000000000000000000000000000000000101000000001111010000
101111001001000000000000000000000000000000000000000000000000001001100000000101011000
101111111101000000000000000000000000000000000000000000000000001010000000001011100000
101111111110000000000000000000000000000000000000000000000000000100100000000001101000
111111111110000000000000000000000000000000000000000000000000000001000000000111110000
000000000000000000000000000000000000000000000000000000000000000001100000001101111000
001111111101000000000000000000000000000000000000000000000000001110000000000100000000
001111111101000000000000000000000000000000000000000000000000010000100000001010001000
001111111101000000000000000000000000000000000000000000000000010101000000000000010000
001111111110000000000000000000000000000000000000000000000000001001100000000110011000
100000000000000000000000000000000000000000000000000000000000000010000000001100100000
101111111101000000000000000000000000000000000000000000000000010000100000000010101000
101111111110000000000000000000000000000000000000000000000000001001000000001000110000
001111111101000000000000000000000000000000000000000000000000010101100000001110111000
001111111110000111111111111111111111111111111111111111111111111010000000000101000000
000000000000000000000000000000000000000000000000000000000000000000100000001011001000
001111111110000111111111111111111111111111111111111111111111111001000000000001010000
001111111110000111111111111111111111111111111111111111111111111101100000000111011000
001111111110000111111111111111111111111111111111111111111111111110000000001101100000
001111111110011111111111111111111111111111111111111111111111111100100000000011101000
100000000000000000000000000000000000000000000000000000000000000001000000001001110000
101111111110000111111111111111111111111111111111111111111111111101100000001111111000
101111111110011111111111111111111111111111111111111111111111111110000000000110000000
000000000000000000000000000000000000000000000000000000000000000000100000001100001000
001111111110000111111111111111111111111111111111111111111111111101000000000010010000
001111111110001000000000000000000000000000000000000000000000000001100000001000011000
001111111110001000000000000000000000000000000000000000000000000110000000001110100000
001111111110100000000000000000000000000000000000000000000000000000100000000100101000
100000000000000000000000000000000000000000000000000000000000000001000000001010110000
101111111110001000000000000000000000000000000000000000000000000001100000000000111000
101111111110100000000000000000000000000000000000000000000000000010000000000111000000
000000000000000000000000000000000000000000000000000000000000000000100000001101001000
001111111110001000000000000000000000000000000000000000000000000101000000000011010000
001111111110001000000000000000000000000000000000000000000000001001100000001001011000
001111111110001000000000000000000000000000000000000000000000001010000000001111100000
001111111110100000000000000000000000000000000000000000000000000100100000000101101000
100000000000000000000000000000000000000000000000000000000000000001000000001011110000
101111111110001000000000000000000000000000000000000000000000001001100000000001111000
101111111110100000000000000000000000000000000000000000000000000110000000001000000000
001111111110001000000000000000000000000000000000000000000000001000100000001110001000
001111111110111111111111111111111111111111111111111111111111101101000000000100010000
000000000000000000000000000000000000000000000000000000000000000001100000001010011000
001111000111111111111111111111111111111111111111111111111111110110000000000000100000
001111000111111111111111111111111111111111111111111111111111111000100000000110101000
001111000111000000000000000000000000000000000010000000000000000001000000001100110000
