000000000000000000000000000000000000000000000000000000000000000000100000000110001000
000000000000000000000000000000000000000000000000000000000000000001000000001100010000
000000000000000000000000000000000000000000000000000000000000000001100000000010011000
000000000000000000000000000000000000000000000000000000000000000010000000001000100000
000000000000000000000000000000000000000000000000000000000000000000100000001110101000
000000000000000000000000000000000000000000000000000000000000000001000000000100110000
000000000000000000000000000000000000000000000000000000000000000001100000001010111000
000000000000000000000000000000000000000000000000000000000000000010000000000001000000
000000000000000000000000000000000000000000000000000000000000000000100000000111001000
000000000000000000000000000000000000000000000000000000000000000001000000001101010000
000000000000000000000000000000000000000000000000000000000000000001100000000011011000
000000000000000000000000000000000000000000000000000000000000000010000000001001100000
000000000000000000000000000000000000000000000000000000000000000000100000001111101000
000000000000000000000000000000000000000000000000000000000000000001000000000101110000
000000000000000000000000000000000000000000000000000000000000000001100000001011111000
000000000000000000000000000000000000000000000000000000000000000010000000000010000000
000000000000000000000000000000000000000000000000000000000000000000100000001000001000
000000000000000000000000000000000000000000000000000000000000000001000000001110010000
000000000000000000000000000000000000000000000000000000000000000001100000000100011000
000000000000000000000000000000000000000000000000000000000000000010000000001010100000
000000000000000000000000000000000000000000000000000000000000000000100000000000101000
000000000000000000000000000000000000000000000000000000000000000001000000000110110000
000000000000000000000000000000000000000000000000000000000000000001100000001100111000
000000000000000000000000000000000000000000000000000000000000000010000000000011000000
000000000000000000000000000000000000000000000000000000000000000000100000001001001000
000000000000000000000000000000000000000000000000000000000000000001000000001111010000
000000000000000000000000000000000000000000000000000000000000000001100000000101011000
000000000000000000000000000000000000000000000000000000000000000010000000001011100000
000000000000000000000000000000000000000000000000000000000000000000100000000001101000
000000000000000000000000000000000000000000000000000000000000000001000000000111110000
000000000000000000000000000000000000000000000000000000000000000001100000001101111000
000000000000000000000000000000000000000000000000000000000000000010000000000100000000
000000000000000000000000000000000000000000000000000000000000000000100000001010001000
000000000000000000000000000000000000000000000000000000000000000001000000000000010000
000000000000000000000000000000000000000000000000000000000000000001100000000110011000
000000000000000000000000000000000000000000000000000000000000000010000000001100100000
000000000000000000000000000000000000000000000000000000000000000000100000000010101000
000000000000000000000000000000000000000000000000000000000000000001000000001000110000
000000000000000000000000000000000000000000000000000000000000000001100000001110111000
000000000000000000000000000000000000000000000000000000000000000010000000000101000000
000000000000000000000000000000000000000000000000000000000000000000100000001011001000
000000000000000000000000000000000000000000000000000000000000000001000000000001010000
000000000000000000000000000000000000000000000000000000000000000001100000000111011000
000000000000000000000000000000000000000000000000000000000000000010000000001101100000
000000000000000000000000000000000000000000000000000000000000000000100000000011101000
000000000000000000000000000000000000000000000000000000000000000001000000001001110000
000000000000000000000000000000000000000000000000000000000000000001100000001111111000
000000000000000000000000000000000000000000000000000000000000000010000000000110000000
000000000000000000000000000000000000000000000000000000000000000000100000001100001000
000000000000000000000000000000000000000000000000000000000000000001000000000010010000
000000000000000000000000000000000000000000000000000000000000000001100000001000011000
000000000000000000000000000000000000000000000000000000000000000010000000001110100000
000000000000000000000000000000000000000000000000000000000000000000100000000100101000
000000000000000000000000000000000000000000000000000000000000000001000000001010110000
000000000000000000000000000000000000000000000000000000000000000001100000000000111000
000000000000000000000000000000000000000000000000000000000000000010000000000111000000
000000000000000000000000000000000000000000000000000000000000000000100000001101001000
000000000000000000000000000000000000000000000000000000000000000001000000000011010000
000000000000000000000000000000000000000000000000000000000000000001100000001001011000
000000000000000000000000000000000000000000000000000000000000000010000000001111100000
000000000000000000000000000000000000000000000000000000000000000000100000000101101000
000000000000000000000000000000000000000000000000000000000000000001000000001011110000
000000000000000000000000000000000000000000000000000000000000000001100000000001111000
000000000000000000000000000000000000000000000000000000000000000010000000001000000000
000000000000000000000000000000000000000000000000000000000000000000100000001110001000
000000000000000000000000000000000000000000000000000000000000000001000000000100010000
000000000000000000000000000000000000000000000000000000000000000001100000001010011000
000000000000000000000000000000000000000000000000000000000000000010000000000000100000
000000000000000000000000000000000000000000000000000000000000000000100000000110101000
000000000000000000000000000000000000000000000000000000000000000001000000001100110000
000000000000000000000000000000000000000000000000000000000000000001100000000010111000
000000000000000000000000000000000000000000000000000000000000000010000000001001000000
000000000000000000000000000000000000000000000000000000000000000000100000001111001000
000000000000000000000000000000000000000000000000000000000000000001000000000101010000
000000000000000000000000000000000000000000000000000000000000000001100000001011011000
000000000000000000000000000000000000000000000000000000000000000010000000000001100000
000000000000000000000000000000000000000000000000000000000000000000100000000111101000
000000000000000000000000000000000000000000000000000000000000000001000000001101110000
000000000000000000000000000000000000000000000000000000000000000001100000000011111000
000000000000000000000000000000000000000000000000000000000000000010000000001010000000
000000000000000000000000000000000000000000000000000000000000000000100000000000001000
000000000000000000000000000000000000000000000000000000000000000001000000000110010000
000000000000000000000000000000000000000000000000000000000000000001100000001100011000
000000000000000000000000000000000000000000000000000000000000000010000000000010100000
000000000000000000000000000000000000000000000000000000000000000000100000001000101000
000000000000000000000000000000000000000000000000000000000000000001000000001110110000
000000000000000000000000000000000000000000000000000000000000000001100000000100111000
000000000000000000000000000000000000000000000000000000000000000010000000001011000000
000000000000000000000000000000000000000000000000000000000000000000100000000001001000
000000000000000000000000000000000000000000000000000000000000000001000000000111010000
000000000000000000000000000000000000000000000000000000000000000001100000001101011000
000000000000000000000000000000000000000000000000000000000000000010000000000011100000
000000000000000000000000000000000000000000000000000000000000000000100000001001101000
000000000000000000000000000000000000000000000000000000000000000001000000001111110000
000000000000000000000000000000000000000000000000000000000000000001100000000101111000
000000000000000000000000000000000000000000000000000000000000000010000000001100000000
000000000000000000000000000000000000000000000000000000000000000000100000000010001000
000000000000000000000000000000000000000000000000000000000000000001000000001000010000
000000000000000000000000000000000000000000000000000000000000000001100000001110011000
000000000000000000000000000000000000000000000000000000000000000010000000000100100000
000000000000000000000000000000000000000000000000000000000000000000100000001010101000
000000000000000000000000000000000000000000000000000000000000000001000000000000110000
000000000000000000000000000000000000000000000000000000000000000001100000000110111000
000000000000000000000000000000000000000000000000000000000000000010000000001101000000
000000000000000000000000000000000000000000000000000000000000000000100000000011001000
000000000000000000000000000000000000000000000000000000000000000001000000001001010000
000000000000000000000000000000000000000000000000000000000000000001100000001111011000
000000000000000000000000000000000000000000000000000000000000000010000000000101100000
000000000000000000000000000000000000000000000000000000000000000000100000001011101000
000000000000000000000000000000000000000000000000000000000000000001000000000001110000
000000000000000000000000000000000000000000000000000000000000000001100000000111111000
000000000000000000000000000000000000000000000000000000000000000010000000001110000000
000000000000000000000000000000000000000000000000000000000000000000100000000100001000
000000000000000000000000000000000000000000000000000000000000000001000000001010010000
000000000000000000000000000000000000000000000000000000000000000001100000000000011000
000000000000000000000000000000000000000000000000000000000000000010000000000110100000
000000000000000000000000000000000000000000000000000000000000000000100000001100101000
000000000000000000000000000000000000000000000000000000000000000001000000000010110000
000000000000000000000000000000000000000000000000000000000000000001100000001000111000
000000000000000000000000000000000000000000000000000000000000000010000000001111000000
000000000000000000000000000000000000000000000000000000000000000000100000000101001000
000000000000000000000000000000000000000000000000000000000000000001000000001011010000
000000000000000000000000000000000000000000000000000000000000000001100000000001011000
000000000000000000000000000000000000000000000000000000000000000010000000000111100000
000000000000000000000000000000000000000000000000000000000000000000100000001101101000
000000000000000000000000000000000000000000000000000000000000000001000000000011110000
000000000000000000000000000000000000000000000000000000000000000001100000001001111000
000000000000000000000000000000000000000000000000000000000000000010000000000000000000
000000000000000000000000000000000000000000000000000000000000000000100000000110001000
000000000000000000000000000000000000000000000000000000000000000001000000001100010000
000000000000000000000000000000000000000000000000000000000000000001100000000010011000
000000000000000000000000000000000000000000000000000000000000000010000000001000100000
000000000000000000000000000000000000000000000000000000000000000000100000001110101000
000000000000000000000000000000000000000000000000000000000000000001000000000100110000
000000000000000000000000000000000000000000000000000000000000000001100000001010111000
000000000000000000000000000000000000000000000000000000000000000010000000000001000000
000000000000000000000000000000000000000000000000000000000000000000100000000111001000
000000000000000000000000000000000000000000000000000000000000000001000000001101010000
000000000000000000000000000000000000000000000000000000000000000001100000000011011000
000000000000000000000000000000000000000000000000000000000000000010000000001001100000
000000000000000000000000000000000000000000000000000000000000000000100000001111101000
000000000000000000000000000000000000000000000000000000000000000001000000000101110000
000000000000000000000000000000000000000000000000000000000000000001100000001011111000
000000000000000000000000000000000000000000000000000000000000000010000000000010000000
000000000000000000000000000000000000000000000000000000000000000000100000001000001000
000000000000000000000000000000000000000000000000000000000000000001000000001110010000
000000000000000000000000000000000000000000000000000000000000000001100000000100011000
000000000000000000000000000000000000000000000000000000000000000010000000001010100000
000000000000000000000000000000000000000000000000000000000000000000100000000000101000
000000000000000000000000000000000000000000000000000000000000000001000000000110110000
000000000000000000000000000000000000000000000000000000000000000001100000001100111000
000000000000000000000000000000000000000000000000000000000000000010000000000011000000
000000000000000000000000000000000000000000000000000000000000000000100000001001001000
000000000000000000000000000000000000000000000000000000000000000001000000001111010000
000000000000000000000000000000000000000000000000000000000000000001100000000101011000
000000000000000000000000000000000000000000000000000000000000000010000000001011100000
000000000000000000000000000000000000000000000000000000000000000000100000000001101000
000000000000000000000000000000000000000000000000000000000000000001000000000111110000
000000000000000000000000000000000000000000000000000000000000000001100000001101111000
000000000000000000000000000000000000000000000000000000000000000010000000000100000000
000000000000000000000000000000000000000000000000000000000000000000100000001010001000
000000000000000000000000000000000000000000000000000000000000000001000000000000010000
000000000000000000000000000000000000000000000000000000000000000001100000000110011000
000000000000000000000000000000000000000000000000000000000000000010000000001100100000
000000000000000000000000000000000000000000000000000000000000000000100000000010101000
000000000000000000000000000000000000000000000000000000000000000001000000001000110000
000000000000000000000000000000000000000000000000000000000000000001100000001110111000
000000000000000000000000000000000000000000000000000000000000000010000000000101000000
000000000000000000000000000000000000000000000000000000000000000000100000001011001000
000000000000000000000000000000000000000000000000000000000000000001000000000001010000
000000000000000000000000000000000000000000000000000000000000000001100000000111011000
000000000000000000000000000000000000000000000000000000000000000010000000001101100000
000000000000000000000000000000000000000000000000000000000000000000100000000011101000
000000000000000000000000000000000000000000000000000000000000000001000000001001110000
000000000000000000000000000000000000000000000000000000000000000001100000001111111000
000000000000000000000000000000000000000000000000000000000000000010000000000110000000
000000000000000000000000000000000000000000000000000000000000000000100000001100001000
000000000000000000000000000000000000000000000000000000000000000001000000000010010000
000000000000000000000000000000000000000000000000000000000000000001100000001000011000
000000000000000000000000000000000000000000000000000000000000000010000000001110100000
000000000000000000000000000000000000000000000000000000000000000000100000000100101000
000000000000000000000000000000000000000000000000000000000000000001000000001010110000
000000000000000000000000000000000000000000000000000000000000000001100000000000111000
000000000000000000000000000000000000000000000000000000000000000010000000000111000000
000000000000000000000000000000000000000000000000000000000000000000100000001101001000
000000000000000000000000000000000000000000000000000000000000000001000000000011010000
000000000000000000000000000000000000000000000000000000000000000001100000001001011000
000000000000000000000000000000000000000000000000000000000000000010000000001111100000
000000000000000000000000000000000000000000000000000000000000000000100000000101101000
000000000000000000000000000000000000000000000000000000000000000001000000001011110000
000000000000000000000000000000000000000000000000000000000000000001100000000001111000
000000000000000000000000000000000000000000000000000000000000000010000000001000000000
000000000000000000000000000000000000000000000000000000000000000000100000001110001000
000000000000000000000000000000000000000000000000000000000000000001000000000100010000
000000000000000000000000000000000000000000000000000000000000000001100000001010011000
000000000000000000000000000000000000000000000000000000000000000010000000000000100000
000000000000000000000000000000000000000000000000000000000000000000100000000110101000
000000000000000000000000000000000000000000000000000000000000000001000000001100110000
000000000000000000000000000000000000000000000000000000000000000001100000000010111000
000000000000000000000000000000000000000000000000000000000000000010000000001001000000
000000000000000000000000000000000000000000000000000000000000000000100000001111001000
000000000000000000000000000000000000000000000000000000000000000001000000000101010000
000000000000000000000000000000000000000000000000000000000000000001100000001011011000
000000000000000000000000000000000000000000000000000000000000000010000000000001100000
000000000000000000000000000000000000000000000000000000000000000000100000000111101000
000000000000000000000000000000000000000000000000000000000000000001000000001101110000
000000000000000000000000000000000000000000000000000000000000000001100000000011111000
000000000000000000000000000000000000000000000000000000000000000010000000001010000000
000000000000000000000000000000000000000000000000000000000000000000100000000000001000
000000000000000000000000000000000000000000000000000000000000000001000000000110010000
000000000000000000000000000000000000000000000000000000000000000001100000001100011000
000000000000000000000000000000000000000000000000000000000000000010000000000010100000
000000000000000000000000000000000000000000000000000000000000000000100000001000101000
000000000000000000000000000000000000000000000000000000000000000001000000001110110000
000000000000000000000000000000000000000000000000000000000000000001100000000100111000
000000000000000000000000000000000000000000000000000000000000000010000000001011000000
000000000000000000000000000000000000000000000000000000000000000000100000000001001000
000000000000000000000000000000000000000000000000000000000000000001000000000111010000
000000000000000000000000000000000000000000000000000000000000000001100000001101011000
000000000000000000000000000000000000000000000000000000000000000010000000000011100000
000000000000000000000000000000000000000000000000000000000000000000100000001001101000
000000000000000000000000000000000000000000000000000000000000000001000000001111110000
000000000000000000000000000000000000000000000000000000000000000001100000000101111000
000000000000000000000000000000000000000000000000000000000000000010000000001100000000
000000000000000000000000000000000000000000000000000000000000000000100000000010001000
000000000000000000000000000000000000000000000000000000000000000001000000001000010000
000000000000000000000000000000000000000000000000000000000000000001100000001110011000
000000000000000000000000000000000000000000000000000000000000000010000000000100100000
000000000000000000000000000000000000000000000000000000000000000000100000001010101000
000000000000000000000000000000000000000000000000000000000000000001000000000000110000
000000000000000000000000000000000000000000000000000000000000000001100000000110111000
000000000000000000000000000000000000000000000000000000000000000010000000001101000000
000000000000000000000000000000000000000000000000000000000000000000100000000011001000
000000000000000000000000000000000000000000000000000000000000000001000000001001010000
000000000000000000000000000000000000000000000000000000000000000001100000001111011000
000000000000000000000000000000000000000000000000000000000000000010000000000101100000
011111111111100000000000000000000000000000000000000000000000000000100000001011101100
011111111111100000000000000000000000000000000000000000000000000001000000000001110000
011111111111100000000000000000000000000000000000000000000000000001100000000111111000
011111111111100000000000000000000000000000000000000000000000000010000000001110000000
011111111111100000000000000000000000000000000000000000000000000000100000000100001000
011111111111100000000000000000000000000000000000000000000000000001000000001010010000
011111111111100000000000000000000000000000000000000000000000000001100000000000011000
011111111111100000000000000000000000000000000000000000000000000010000000000110100000
100000000000000000000000000000000000000000000000000000000000000000100000001100101000
100000000000000000000000000000000000000000000000000000000000000001000000000010110000
100000000000000000000000000000000000000000000000000000000000000001100000001000111000
100000000000000000000000000000000000000000000000000000000000000010000000001111000000
100000000000000000000000000000000000000000000000000000000000000000100000000101001000
100000000000000000000000000000000000000000000000000000000000000001000000001011010000
100000000000000000000000000000000000000000000000000000000000000001100000000001011000
100000000000000000000000000000000000000000000000000000000000000010000000000111100000
100000000000000000000000000000000000000000000000000000000000000000100000001101101000
100000000000000000000000000000000000000000000000000000000000000001000000000011110000
100000000000000000000000000000000000000000000000000000000000000001100000001001111000
100000000000000000000000000000000000000000000000000000000000000010000000000000000000
100000000000000000000000000000000000000000000000000000000000000000100000000110001000
100000000000000000000000000000000000000000000000000000000000000001000000001100010000
100000000000000000000000000000000000000000000000000000000000000001100000000010011000
100000000000000000000000000000000000000000000000000000000000000010000000001000100000
100000000000000000000000000000000000000000000000000000000000000000100000001110101000
100000000000000000000000000000000000000000000000000000000000000001000000000100110000
100000000000000000000000000000000000000000000000000000000000000001100000001010111000
100000000000000000000000000000000000000000000000000000000000000010000000000001000000
100000000000000000000000000000000000000000000000000000000000000000100000000111001000
100000000000000000000000000000000000000000000000000000000000000001000000001101010000
100000000000000000000000000000000000000000000000000000000000000001100000000011011000
100000000000000000000000000000000000000000000000000000000000000010000000001001100000
100000000000000000000000000000000000000000000000000000000000000000100000001111101000
100000000000000000000000000000000000000000000000000000000000000001000000000101110000
100000000000000000000000000000000000000000000000000000000000000001100000001011111000
100000000000000000000000000000000000000000000000000000000000000010000000000010000000
100000000000000000000000000000000000000000000000000000000000000000100000001000001000
100000000000000000000000000000000000000000000000000000000000000001000000001110010000
100000000000000000000000000000000000000000000000000000000000000001100000000100011000
100000000000000000000000000000000000000000000000000000000000000010000000001010100000
100000000000000000000000000000000000000000000000000000000000000000100000000000101000
100000000000000000000000000000000000000000000000000000000000000001000000000110110000
100000000000000000000000000000000000000000000000000000000000000001100000001100111000
100000000000000000000000000000000000000000000000000000000000000010000000000011000000
100000000000000000000000000000000000000000000000000000000000000000100000001001001000
100000000000000000000000000000000000000000000000000000000000000001000000001111010000
100000000000000000000000000000000000000000000000000000000000000001100000000101011000
100000000000000000000000000000000000000000000000000000000000000010000000001011100000
100000000000000000000000000000000000000000000000000000000000000000100000000001101000
100000000000000000000000000000000000000000000000000000000000000001000000000111110000
100000000000000000000000000000000000000000000000000000000000000001100000001101111000
100000000000000000000000000000000000000000000000000000000000000010000000000100000000
100000000000000000000000000000000000000000000000000000000000000000100000001010001000
100000000000000000000000000000000000000000000000000000000000000001000000000000010000
100000000000000000000000000000000000000000000000000000000000000001100000000110011000
100000000000000000000000000000000000000000000000000000000000000010000000001100100000
100000000000000000000000000000000000000000000000000000000000000000100000000010101000
100000000000000000000000000000000000000000000000000000000000000001000000001000110000
100000000000000000000000000000000000000000000000000000000000000001100000001110111000
100000000000000000000000000000000000000000000000000000000000000010000000000101000000
100000000000000000000000000000000000000000000000000000000000000000100000001011001000
100000000000000000000000000000000000000000000000000000000000000001000000000001010000
100000000000000000000000000000000000000000000000000000000000000001100000000111011000
100000000000000000000000000000000000000000000000000000000000000010000000001101100000
100000000000000000000000000000000000000000000000000000000000000000100000000011101000
100000000000000000000000000000000000000000000000000000000000000001000000001001110000
100000000000000000000000000000000000000000000000000000000000000001100000001111111000
100000000000000000000000000000000000000000000000000000000000000010000000000110000000
100000000000000000000000000000000000000000000000000000000000000000100000001100001000
100000000000000000000000000000000000000000000000000000000000000001000000000010010000
100000000000000000000000000000000000000000000000000000000000000001100000001000011000
100000000000000000000000000000000000000000000000000000000000000010000000001110100000
100000000000000000000000000000000000000000000000000000000000000000100000000100101000
100000000000000000000000000000000000000000000000000000000000000001000000001010110000
100000000000000000000000000000000000000000000000000000000000000001100000000000111000
100000000000000000000000000000000000000000000000000000000000000010000000000111000000
100000000000000000000000000000000000000000000000000000000000000000100000001101001000
100000000000000000000000000000000000000000000000000000000000000001000000000011010000
100000000000000000000000000000000000000000000000000000000000000001100000001001011000
100000000000000000000000000000000000000000000000000000000000000010000000001111100000
100000000000000000000000000000000000000000000000000000000000000000100000000101101000
011111111111100000000000000000000000000000000000000000000000000001000000001011110100
011111111111100000000000000000000000000000000000000000000000000001100000000001111000
011111111111100000000000000000000000000000000000000000000000000010000000001000000000
011111111111100000000000000000000000000000000000000000000000000000100000001110001000
011111111111100000000000000000000000000000000000000000000000000001000000000100010000
011111111111100000000000000000000000000000000000000000000000000001100000001010011000
011111111111100000000000000000000000000000000000000000000000000010000000000000100000
011111111111100000000000000000000000000000000000000000000000000000100000000110101000
011111111111100000000000000000000000000000000000000000000000000001000000001100110000
011111111111100000000000000000000000000000000000000000000000000001100000000010111000
011111111111100000000000000000000000000000000000000000000000000010000000001001000000
011111111111100000000000000000000000000000000000000000000000000000100000001111001000
011111111111100000000000000000000000000000000000000000000000000001000000000101010000
011111111111100000000000000000000000000000000000000000000000000001100000001011011000
011111111111100000000000000000000000000000000000000000000000000010000000000001100000
011111111111100000000000000000000000000000000000000000000000000000100000000111101000
011111111111100000000000000000000000000000000000000000000000000001000000001101110000
011111111111100000000000000000000000000000000000000000000000000001100000000011111000
011111111111100000000000000000000000000000000000000000000000000010000000001010000000
011111111111100000000000000000000000000000000000000000000000000000100000000000001000
011111111111100000000000000000000000000000000000000000000000000001000000000110010000
011111111111100000000000000000000000000000000000000000000000000001100000001100011000
011111111111100000000000000000000000000000000000000000000000000010000000000010100000
011111111111100000000000000000000000000000000000000000000000000000100000001000101000
011111111111100000000000000000000000000000000000000000000000000001000000001110110000
011111111111100000000000000000000000000000000000000000000000000001100000000100111000
011111111111100000000000000000000000000000000000000000000000000010000000001011000000
011111111111100000000000000000000000000000000000000000000000000000100000000001001000
011111111111100000000000000000000000000000000000000000000000000001000000000111010000
011111111111100000000000000000000000000000000000000000000000000001100000001101011000
011111111111100000000000000000000000000000000000000000000000000010000000000011100000
011111111111100000000000000000000000000000000000000000000000000000100000001001101000
011111111111100000000000000000000000000000000000000000000000000001000000001111110000
011111111111100000000000000000000000000000000000000000000000000001100000000101111000
011111111111100000000000000000000000000000000000000000000000000010000000001100000000
011111111111100000000000000000000000000000000000000000000000000000100000000010001000
011111111111100000000000000000000000000000000000000000000000000001000000001000010000
011111111111100000000000000000000000000000000000000000000000000001100000001110011000
011111111111100000000000000000000000000000000000000000000000000010000000000100100000
011111111111100000000000000000000000000000000000000000000000000000100000001010101000
011111111111100000000000000000000000000000000000000000000000000001000000000000110000
011111111111100000000000000000000000000000000000000000000000000001100000000110111000
011111111111100000000000000000000000000000000000000000000000000010000000001101000000
011111111111100000000000000000000000000000000000000000000000000000100000000011001000
011111111111100000000000000000000000000000000000000000000000000001000000001001010000
011111111111100000000000000000000000000000000000000000000000000001100000001111011000
011111111111100000000000000000000000000000000000000000000000000010000000000101100000
011111111111100000000000000000000000000000000000000000000000000000100000001011101000
011111111111100000000000000000000000000000000000000000000000000001000000000001110000
011111111111100000000000000000000000000000000000000000000000000001100000000111111000
011111111111100000000000000000000000000000000000000000000000000010000000001110000000
011111111111100000000000000000000000000000000000000000000000000000100000000100001000
011111111111100000000000000000000000000000000000000000000000000001000000001010010000
011111111111100000000000000000000000000000000000000000000000000001100000000000011000
011111111111100000000000000000000000000000000000000000000000000010000000000110100000
011111111111100000000000000000000000000000000000000000000000000000100000001100101000
011111111111100000000000000000000000000000000000000000000000000001000000000010110000
011111111111100000000000000000000000000000000000000000000000000001100000001000111000
000000000000000000000000000000000000000000000000000000000000000010000000001111000000
000000000000000000000000000000000000000000000000000000000000000000100000000101001000
000000000000000000000000000000000000000000000000000000000000000001000000001011010000
000000000000000000000000000000000000000000000000000000000000000001100000000001011000
000000000000000000000000000000000000000000000000000000000000000010000000000111100000
000000000000000000000000000000000000000000000000000000000000000000100000001101101000
011111111111100000000000000000000000000000000000000000000000000001000000000011110100
011111111111100000000000000000000000000000000000000000000000000001100000001001111000
011111111111100000000000000000000000000000000000000000000000000010000000000000000000
100000000000000000000000000000000000000000000000000000000000000000100000000110001000
100000000000000000000000000000000000000000000000000000000000000001000000001100010000
100000000000000000000000000000000000000000000000000000000000000001100000000010011000
100000000000000000000000000000000000000000000000000000000000000010000000001000100000
100000000000000000000000000000000000000000000000000000000000000000100000001110101000
100000000000000000000000000000000000000000000000000000000000000001000000000100110000
011111111111100000000000000000000000000000000000000000000000000001100000001010111100
011111111111100000000000000000000000000000000000000000000000000010000000000001000000
011111111111100000000000000000000000000000000000000000000000000000100000000111001000
000000000000000000000000000000000000000000000000000000000000000001000000001101010000
000000000000000000000000000000000000000000000000000000000000000001100000000011011000
000000000000000000000000000000000000000000000000000000000000000010000000001001100000
000000000000000000000000000000000000000000000000000000000000000000100000001111101000
000000000000000000000000000000000000000000000000000000000000000001000000000101110000
100000000000000000000000000000000000000000000000000000000000000001100000001011111000
100000000000000000000000000000000000000000000000000000000000000010000000000010000000
100000000000000000000000000000000000000000000000000000000000000000100000001000001000
000000000000000000000000000000000000000000000000000000000000000001000000001110010000
000000000000000000000000000000000000000000000000000000000000000001100000000100011000
000000000000000000000000000000000000000000000000000000000000000010000000001010100000
000000000000000000000000000000000000000000000000000000000000000000100000000000101000
000000000000000000000000000000000000000000000000000000000000000001000000000110110000
100000000000000000000000000000000000000000000000000000000000000001100000001100111000
100000000000000000000000000000000000000000000000000000000000000010000000000011000000
100000000000000000000000000000000000000000000000000000000000000000100000001001001000
000000000000000000000000000000000000000000000000000000000000000001000000001111010000
000000000000000000000000000000000000000000000000000000000000000001100000000101011000
000000000000000000000000000000000000000000000000000000000000000010000000001011100000
000000000000000000000000000000000000000000000000000000000000000000100000000001101000
000000000000000000000000000000000000000000000000000000000000000001000000000111110000
100000000000000000000000000000000000000000000000000000000000000001100000001101111000
100000000000000000000000000000000000000000000000000000000000000010000000000100000000
100000000000000000000000000000000000000000000000000000000000000000100000001010001000
000000000000000000000000000000000000000000000000000000000000000001000000000000010000
000000000000000000000000000000000000000000000000000000000000000001100000000110011000
000000000000000000000000000000000000000000000000000000000000000010000000001100100000
000000000000000000000000000000000000000000000000000000000000000000100000000010101000
000000000000000000000000000000000000000000000000000000000000000001000000001000110000
100000000000000000000000000000000000000000000000000000000000000001100000001110111000
100000000000000000000000000000000000000000000000000000000000000010000000000101000000
100000000000000000000000000000000000000000000000000000000000000000100000001011001000
000000000000000000000000000000000000000000000000000000000000000001000000000001010000
000000000000000000000000000000000000000000000000000000000000000001100000000111011000
000000000000000000000000000000000000000000000000000000000000000010000000001101100000
000000000000000000000000000000000000000000000000000000000000000000100000000011101000
000000000000000000000000000000000000000000000000000000000000000001000000001001110000
000000000000000000000000000000000000000000000000000000000000000001100000001111111000
000000000000000000000000000000000000000000000000000000000000000010000000000110000000
100000000000000000000000000000000000000000000000000000000000000000100000001100001000
100000000000000000000000000000000000000000000000000000000000000001000000000010010000
100000000000000000000000000000000000000000000000000000000000000001100000001000011000
000000000000000000000000000000000000000000000000000000000000000010000000001110100000
000000000000000000000000000000000000000000000000000000000000000000100000000100101000
000000000000000000000000000000000000000000000000000000000000000001000000001010110000
000000000000000000000000000000000000000000000000000000000000000001100000000000111000
000000000000000000000000000000000000000000000000000000000000000010000000000111000000
100000000000000000000000000000000000000000000000000000000000000000100000001101001000
100000000000000000000000000000000000000000000000000000000000000001000000000011010000
100000000000000000000000000000000000000000000000000000000000000001100000001001011000
000000000000000000000000000000000000000000000000000000000000000010000000001111100000
000000000000000000000000000000000000000000000000000000000000000000100000000101101000
000000000000000000000000000000000000000000000000000000000000000001000000001011110000
000000000000000000000000000000000000000000000000000000000000000001100000000001111000
000000000000000000000000000000000000000000000000000000000000000010000000001000000000
100000000000000000000000000000000000000000000000000000000000000000100000001110001000
100000000000000000000000000000000000000000000000000000000000000001000000000100010000
100000000000000000000000000000000000000000000000000000000000000001100000001010011000
000000000000000000000000000000000000000000000000000000000000000010000000000000100000
000000000000000000000000000000000000000000000000000000000000000000100000000110101000
000000000000000000000000000000000000000000000000000000000000000001000000001100110000
000000000000000000000000000000000000000000000000000000000000000001100000000010111000
000000000000000000000000000000000000000000000000000000000000000010000000001001000000
000000000000000000000000000000000000000000000000000000000000000000100000001111001000
000000000000000000000000000000000000000000000000000000000000000001000000000101010000
100000000000000000000000000000000000000000000000000000000000000001100000001011011000
100000000000000000000000000000000000000000000000000000000000000010000000000001100000
100000000000000000000000000000000000000000000000000000000000000000100000000111101000
000000000000000000000000000000000000000000000000000000000000000001000000001101110000
000000000000000000000000000000000000000000000000000000000000000001100000000011111000
000000000000000000000000000000000000000000000000000000000000000010000000001010000000
000000000000000000000000000000000000000000000000000000000000000000100000000000001000
000000000000000000000000000000000000000000000000000000000000000001000000000110010000
100000000000000000000000000000000000000000000000000000000000000001100000001100011000
100000000000000000000000000000000000000000000000000000000000000010000000000010100000
100000000000000000000000000000000000000000000000000000000000000000100000001000101000
000000000000000000000000000000000000000000000000000000000000000001000000001110110000
000000000000000000000000000000000000000000000000000000000000000001100000000100111000
000000000000000000000000000000000000000000000000000000000000000010000000001011000000
000000000000000000000000000000000000000000000000000000000000000000100000000001001000
000000000000000000000000000000000000000000000000000000000000000001000000000111010000
100000000000000000000000000000000000000000000000000000000000000001100000001101011000
100000000000000000000000000000000000000000000000000000000000000010000000000011100000
100000000000000000000000000000000000000000000000000000000000000000100000001001101000
000000000000000000000000000000000000000000000000000000000000000001000000001111110000
000000000000000000000000000000000000000000000000000000000000000001100000000101111000
000000000000000000000000000000000000000000000000000000000000000010000000001100000000
000000000000000000000000000000000000000000000000000000000000000000100000000010001000
000000000000000000000000000000000000000000000000000000000000000001000000001000010000
000000000000000000000000000000000000000000000000000000000000000001100000001110011000
000000000000000000000000000000000000000000000000000000000000000010000000000100100000
100000000000000000000000000000000000000000000000000000000000000000100000001010101000
100000000000000000000000000000000000000000000000000000000000000001000000000000110000
100000000000000000000000000000000000000000000000000000000000000001100000000110111000
000000000000000000000000000000000000000000000000000000000000000010000000001101000000
000000000000000000000000000000000000000000000000000000000000000000100000000011001000
000000000000000000000000000000000000000000000000000000000000000001000000001001010000
000000000000000000000000000000000000000000000000000000000000000001100000001111011000
000000000000000000000000000000000000000000000000000000000000000010000000000101100000
100000000000000000000000000000000000000000000000000000000000000000100000001011101000
100000000000000000000000000000000000000000000000000000000000000001000000000001110000
100000000000000000000000000000000000000000000000000000000000000001100000000111111000
000000000000000000000000000000000000000000000000000000000000000010000000001110000000
000000000000000000000000000000000000000000000000000000000000000000100000000100001000
000000000000000000000000000000000000000000000000000000000000000001000000001010010000
000000000000000000000000000000000000000000000000000000000000000001100000000000011000
000000000000000000000000000000000000000000000000000000000000000010000000000110100000
100000000000000000000000000000000000000000000000000000000000000000100000001100101000
100000000000000000000000000000000000000000000000000000000000000001000000000010110000
100000000000000000000000000000000000000000000000000000000000000001100000001000111000
000000000000000000000000000000000000000000000000000000000000000010000000001111000000
000000000000000000000000000000000000000000000000000000000000000000100000000101001000
000000000000000000000000000000000000000000000000000000000000000001000000001011010000
000000000000000000000000000000000000000000000000000000000000000001100000000001011000
000000000000000000000000000000000000000000000000000000000000000010000000000111100000
000000000000000000000000000000000000000000000000000000000000000000100000001101101000
000000000000000000000000000000000000000000000000000000000000000001000000000011110000
100000000000000000000000000000000000000000000000000000000000000001100000001001111000
100000000000000000000000000000000000000000000000000000000000000010000000000000000000
100000000000000000000000000000000000000000000000000000000000000000100000000110001000
000000000000000000000000000000000000000000000000000000000000000001000000001100010000
000000000000000000000000000000000000000000000000000000000000000001100000000010011000
000000000000000000000000000000000000000000000000000000000000000010000000001000100000
000000000000000000000000000000000000000000000000000000000000000000100000001110101000
000000000000000000000000000000000000000000000000000000000000000001000000000100110000
100000000000000000000000000000000000000000000000000000000000000001100000001010111000
100000000000000000000000000000000000000000000000000000000000000010000000000001000000
100000000000000000000000000000000000000000000000000000000000000000100000000111001000
000000000000000000000000000000000000000000000000000000000000000001000000001101010000
000000000000000000000000000000000000000000000000000000000000000001100000000011011000
000000000000000000000000000000000000000000000000000000000000000010000000001001100000
000000000000000000000000000000000000000000000000000000000000000000100000001111101000
000000000000000000000000000000000000000000000000000000000000000001000000000101110000
100000000000000000000000000000000000000000000000000000000000000001100000001011111000
100000000000000000000000000000000000000000000000000000000000000010000000000010000000
100000000000000000000000000000000000000000000000000000000000000000100000001000001000
000000000000000000000000000000000000000000000000000000000000000001000000001110010000
000000000000000000000000000000000000000000000000000000000000000001100000000100011000
000000000000000000000000000000000000000000000000000000000000000010000000001010100000
000000000000000000000000000000000000000000000000000000000000000000100000000000101000
000000000000000000000000000000000000000000000000000000000000000001000000000110110000
000000000000000000000000000000000000000000000000000000000000000001100000001100111000
000000000000000000000000000000000000000000000000000000000000000010000000000011000000
100000000000000000000000000000000000000000000000000000000000000000100000001001001000
100000000000000000000000000000000000000000000000000000000000000001000000001111010000
100000000000000000000000000000000000000000000000000000000000000001100000000101011000
000000000000000000000000000000000000000000000000000000000000000010000000001011100000
000000000000000000000000000000000000000000000000000000000000000000100000000001101000
000000000000000000000000000000000000000000000000000000000000000001000000000111110000
000000000000000000000000000000000000000000000000000000000000000001100000001101111000
000000000000000000000000000000000000000000000000000000000000000010000000000100000000
100000000000000000000000000000000000000000000000000000000000000000100000001010001000
100000000000000000000000000000000000000000000000000000000000000001000000000000010000
100000000000000000000000000000000000000000000000000000000000000001100000000110011000
000000000000000000000000000000000000000000000000000000000000000010000000001100100000
000000000000000000000000000000000000000000000000000000000000000000100000000010101000
000000000000000000000000000000000000000000000000000000000000000001000000001000110000
000000000000000000000000000000000000000000000000000000000000000001100000001110111000
000000000000000000000000000000000000000000000000000000000000000010000000000101000000
100000000000000000000000000000000000000000000000000000000000000000100000001011001000
100000000000000000000000000000000000000000000000000000000000000001000000000001010000
100000000000000000000000000000000000000000000000000000000000000001100000000111011000
000000000000000000000000000000000000000000000000000000000000000010000000001101100000
000000000000000000000000000000000000000000000000000000000000000000100000000011101000
000000000000000000000000000000000000000000000000000000000000000001000000001001110000
000000000000000000000000000000000000000000000000000000000000000001100000001111111000
000000000000000000000000000000000000000000000000000000000000000010000000000110000000
000000000000000000000000000000000000000000000000000000000000000000100000001100001000
000000000000000000000000000000000000000000000000000000000000000001000000000010010000
100000000000000000000000000000000000000000000000000000000000000001100000001000011000
100000000000000000000000000000000000000000000000000000000000000010000000001110100000
100000000000000000000000000000000000000000000000000000000000000000100000000100101000
000000000000000000000000000000000000000000000000000000000000000001000000001010110000
000000000000000000000000000000000000000000000000000000000000000001100000000000111000
000000000000000000000000000000000000000000000000000000000000000010000000000111000000
000000000000000000000000000000000000000000000000000000000000000000100000001101001000
000000000000000000000000000000000000000000000000000000000000000001000000000011010000
100000000000000000000000000000000000000000000000000000000000000001100000001001011000
100000000000000000000000000000000000000000000000000000000000000010000000001111100000
100000000000000000000000000000000000000000000000000000000000000000100000000101101000
000000000000000000000000000000000000000000000000000000000000000001000000001011110000
000000000000000000000000000000000000000000000000000000000000000001100000000001111000
000000000000000000000000000000000000000000000000000000000000000010000000001000000000
000000000000000000000000000000000000000000000000000000000000000000100000001110001000
000000000000000000000000000000000000000000000000000000000000000001000000000100010000
100000000000000000000000000000000000000000000000000000000000000001100000001010011000
100000000000000000000000000000000000000000000000000000000000000010000000000000100000
100000000000000000000000000000000000000000000000000000000000000000100000000110101000
000000000000000000000000000000000000000000000000000000000000000001000000001100110000
000000000000000000000000000000000000000000000000000000000000000001100000000010111000
000000000000000000000000000000000000000000000000000000000000000010000000001001000000
000000000000000000000000000000000000000000000000000000000000000000100000001111001000
000000000000000000000000000000000000000000000000000000000000000001000000000101010000
000000000000000000000000000000000000000000000000000000000000000001100000001011011000
000000000000000000000000000000000000000000000000000000000000000010000000000001100000
100000000000000000000000000000000000000000000000000000000000000000100000000111101000
100000000000000000000000000000000000000000000000000000000000000001000000001101110000
100000000000000000000000000000000000000000000000000000000000000001100000000011111000
000000000000000000000000000000000000000000000000000000000000000010000000001010000000
000000000000000000000000000000000000000000000000000000000000000000100000000000001000
000000000000000000000000000000000000000000000000000000000000000001000000000110010000
000000000000000000000000000000000000000000000000000000000000000001100000001100011000
000000000000000000000000000000000000000000000000000000000000000010000000000010100000
100000000000000000000000000000000000000000000000000000000000000000100000001000101000
100000000000000000000000000000000000000000000000000000000000000001000000001110110000
100000000000000000000000000000000000000000000000000000000000000001100000000100111000
000000000000000000000000000000000000000000000000000000000000000010000000001011000000
000000000000000000000000000000000000000000000000000000000000000000100000000001001000
000000000000000000000000000000000000000000000000000000000000000001000000000111010000
000000000000000000000000000000000000000000000000000000000000000001100000001101011000
000000000000000000000000000000000000000000000000000000000000000010000000000011100000
100000000000000000000000000000000000000000000000000000000000000000100000001001101000
100000000000000000000000000000000000000000000000000000000000000001000000001111110000
100000000000000000000000000000000000000000000000000000000000000001100000000101111000
000000000000000000000000000000000000000000000000000000000000000010000000001100000000
000000000000000000000000000000000000000000000000000000000000000000100000000010001000
000000000000000000000000000000000000000000000000000000000000000001000000001000010000
000000000000000000000000000000000000000000000000000000000000000001100000001110011000
000000000000000000000000000000000000000000000000000000000000000010000000000100100000
000000000000000000000000000000000000000000000000000000000000000000100000001010101000
000000000000000000000000000000000000000000000000000000000000000001000000000000110000
100000000000000000000000000000000000000000000000000000000000000001100000000110111000
100000000000000000000000000000000000000000000000000000000000000010000000001101000000
100000000000000000000000000000000000000000000000000000000000000000100000000011001000
000000000000000000000000000000000000000000000000000000000000000001000000001001010000
000000000000000000000000000000000000000000000000000000000000000001100000001111011000
000000000000000000000000000000000000000000000000000000000000000010000000000101100000
000000000000000000000000000000000000000000000000000000000000000000100000001011101000
000000000000000000000000000000000000000000000000000000000000000001000000000001110000
100000000000000000000000000000000000000000000000000000000000000001100000000111111000
100000000000000000000000000000000000000000000000000000000000000010000000001110000000
100000000000000000000000000000000000000000000000000000000000000000100000000100001000
000000000000000000000000000000000000000000000000000000000000000001000000001010010000
000000000000000000000000000000000000000000000000000000000000000001100000000000011000
000000000000000000000000000000000000000000000000000000000000000010000000000110100000
000000000000000000000000000000000000000000000000000000000000000000100000001100101000
000000000000000000000000000000000000000000000000000000000000000001000000000010110000
100000000000000000000000000000000000000000000000000000000000000001100000001000111000
100000000000000000000000000000000000000000000000000000000000000010000000001111000000
100000000000000000000000000000000000000000000000000000000000000000100000000101001000
000000000000000000000000000000000000000000000000000000000000000001000000001011010000
000000000000000000000000000000000000000000000000000000000000000001100000000001011000
000000000000000000000000000000000000000000000000000000000000000010000000000111100000
000000000000000000000000000000000000000000000000000000000000000000100000001101101000
000000000000000000000000000000000000000000000000000000000000000001000000000011110000
000000000000000000000000000000000000000000000000000000000000000001100000001001111000
000000000000000000000000000000000000000000000000000000000000000010000000000000000000
100000000000000000000000000000000000000000000000000000000000000000100000000110001000
100000000000000000000000000000000000000000000000000000000000000001000000001100010000
100000000000000000000000000000000000000000000000000000000000000001100000000010011000
000000000000000000000000000000000000000000000000000000000000000010000000001000100000
000000000000000000000000000000000000000000000000000000000000000000100000001110101000
000000000000000000000000000000000000000000000000000000000000000001000000000100110000
000000000000000000000000000000000000000000000000000000000000000001100000001010111000
000000000000000000000000000000000000000000000000000000000000000010000000000001000000
100000000000000000000000000000000000000000000000000000000000000000100000000111001000
100000000000000000000000000000000000000000000000000000000000000001000000001101010000
100000000000000000000000000000000000000000000000000000000000000001100000000011011000
000000000000000000000000000000000000000000000000000000000000000010000000001001100000
000000000000000000000000000000000000000000000000000000000000000000100000001111101000
000000000000000000000000000000000000000000000000000000000000000001000000000101110000
000000000000000000000000000000000000000000000000000000000000000001100000001011111000
000000000000000000000000000000000000000000000000000000000000000010000000000010000000
100000000000000000000000000000000000000000000000000000000000000000100000001000001000
100000000000000000000000000000000000000000000000000000000000000001000000001110010000
100000000000000000000000000000000000000000000000000000000000000001100000000100011000
000000000000000000000000000000000000000000000000000000000000000010000000001010100000
000000000000000000000000000000000000000000000000000000000000000000100000000000101000
000000000000000000000000000000000000000000000000000000000000000001000000000110110000
000000000000000000000000000000000000000000000000000000000000000001100000001100111000
000000000000000000000000000000000000000000000000000000000000000010000000000011000000
000000000000000000000000000000000000000000000000000000000000000000100000001001001000
000000000000000000000000000000000000000000000000000000000000000001000000001111010000
100000000000000000000000000000000000000000000000000000000000000001100000000101011000
100000000000000000000000000000000000000000000000000000000000000010000000001011100000
100000000000000000000000000000000000000000000000000000000000000000100000000001101000
000000000000000000000000000000000000000000000000000000000000000001000000000111110000
000000000000000000000000000000000000000000000000000000000000000001100000001101111000
000000000000000000000000000000000000000000000000000000000000000010000000000100000000
000000000000000000000000000000000000000000000000000000000000000000100000001010001000
000000000000000000000000000000000000000000000000000000000000000001000000000000010000
100000000000000000000000000000000000000000000000000000000000000001100000000110011000
100000000000000000000000000000000000000000000000000000000000000010000000001100100000
100000000000000000000000000000000000000000000000000000000000000000100000000010101000
000000000000000000000000000000000000000000000000000000000000000001000000001000110000
000000000000000000000000000000000000000000000000000000000000000001100000001110111000
000000000000000000000000000000000000000000000000000000000000000010000000000101000000
000000000000000000000000000000000000000000000000000000000000000000100000001011001000
000000000000000000000000000000000000000000000000000000000000000001000000000001010000
100000000000000000000000000000000000000000000000000000000000000001100000000111011000
100000000000000000000000000000000000000000000000000000000000000010000000001101100000
100000000000000000000000000000000000000000000000000000000000000000100000000011101000
000000000000000000000000000000000000000000000000000000000000000001000000001001110000
000000000000000000000000000000000000000000000000000000000000000001100000001111111000
000000000000000000000000000000000000000000000000000000000000000010000000000110000000
000000000000000000000000000000000000000000000000000000000000000000100000001100001000
000000000000000000000000000000000000000000000000000000000000000001000000000010010000
000000000000000000000000000000000000000000000000000000000000000001100000001000011000
000000000000000000000000000000000000000000000000000000000000000010000000001110100000
100000000000000000000000000000000000000000000000000000000000000000100000000100101000
100000000000000000000000000000000000000000000000000000000000000001000000001010110000
100000000000000000000000000000000000000000000000000000000000000001100000000000111000
000000000000000000000000000000000000000000000000000000000000000010000000000111000000
000000000000000000000000000000000000000000000000000000000000000000100000001101001000
000000000000000000000000000000000000000000000000000000000000000001000000000011010000
000000000000000000000000000000000000000000000000000000000000000001100000001001011000
000000000000000000000000000000000000000000000000000000000000000010000000001111100000
100000000000000000000000000000000000000000000000000000000000000000100000000101101000
100000000000000000000000000000000000000000000000000000000000000001000000001011110000
100000000000000000000000000000000000000000000000000000000000000001100000000001111000
000000000000000000000000000000000000000000000000000000000000000010000000001000000000
000000000000000000000000000000000000000000000000000000000000000000100000001110001000
000000000000000000000000000000000000000000000000000000000000000001000000000100010000
000000000000000000000000000000000000000000000000000000000000000001100000001010011000
000000000000000000000000000000000000000000000000000000000000000010000000000000100000
100000000000000000000000000000000000000000000000000000000000000000100000000110101000
100000000000000000000000000000000000000000000000000000000000000001000000001100110000
100000000000000000000000000000000000000000000000000000000000000001100000000010111000
000000000000000000000000000000000000000000000000000000000000000010000000001001000000
000000000000000000000000000000000000000000000000000000000000000000100000001111001000
000000000000000000000000000000000000000000000000000000000000000001000000000101010000
000000000000000000000000000000000000000000000000000000000000000001100000001011011000
000000000000000000000000000000000000000000000000000000000000000010000000000001100000
000000000000000000000000000000000000000000000000000000000000000000100000000111101000
000000000000000000000000000000000000000000000000000000000000000001000000001101110000
100000000000000000000000000000000000000000000000000000000000000001100000000011111000
100000000000000000000000000000000000000000000000000000000000000010000000001010000000
100000000000000000000000000000000000000000000000000000000000000000100000000000001000
000000000000000000000000000000000000000000000000000000000000000001000000000110010000
000000000000000000000000000000000000000000000000000000000000000001100000001100011000
000000000000000000000000000000000000000000000000000000000000000010000000000010100000
000000000000000000000000000000000000000000000000000000000000000000100000001000101000
000000000000000000000000000000000000000000000000000000000000000001000000001110110000
100000000000000000000000000000000000000000000000000000000000000001100000000100111000
100000000000000000000000000000000000000000000000000000000000000010000000001011000000
100000000000000000000000000000000000000000000000000000000000000000100000000001001000
000000000000000000000000000000000000000000000000000000000000000001000000000111010000
000000000000000000000000000000000000000000000000000000000000000001100000001101011000
000000000000000000000000000000000000000000000000000000000000000010000000000011100000
000000000000000000000000000000000000000000000000000000000000000000100000001001101000
000000000000000000000000000000000000000000000000000000000000000001000000001111110000
100000000000000000000000000000000000000000000000000000000000000001100000000101111000
100000000000000000000000000000000000000000000000000000000000000010000000001100000000
100000000000000000000000000000000000000000000000000000000000000000100000000010001000
000000000000000000000000000000000000000000000000000000000000000001000000001000010000
000000000000000000000000000000000000000000000000000000000000000001100000001110011000
000000000000000000000000000000000000000000000000000000000000000010000000000100100000
000000000000000000000000000000000000000000000000000000000000000000100000001010101000
000000000000000000000000000000000000000000000000000000000000000001000000000000110000
000000000000000000000000000000000000000000000000000000000000000001100000000110111000
000000000000000000000000000000000000000000000000000000000000000010000000001101000000
100000000000000000000000000000000000000000000000000000000000000000100000000011001000
100000000000000000000000000000000000000000000000000000000000000001000000001001010000
100000000000000000000000000000000000000000000000000000000000000001100000001111011000
000000000000000000000000000000000000000000000000000000000000000010000000000101100000
000000000000000000000000000000000000000000000000000000000000000000100000001011101000
000000000000000000000000000000000000000000000000000000000000000001000000000001110000
000000000000000000000000000000000000000000000000000000000000000001100000000111111000
000000000000000000000000000000000000000000000000000000000000000010000000001110000000
100000000000000000000000000000000000000000000000000000000000000000100000000100001000
100000000000000000000000000000000000000000000000000000000000000001000000001010010000
100000000000000000000000000000000000000000000000000000000000000001100000000000011000
000000000000000000000000000000000000000000000000000000000000000010000000000110100000
000000000000000000000000000000000000000000000000000000000000000000100000001100101000
000000000000000000000000000000000000000000000000000000000000000001000000000010110000
000000000000000000000000000000000000000000000000000000000000000001100000001000111000
000000000000000000000000000000000000000000000000000000000000000010000000001111000000
100000000000000000000000000000000000000000000000000000000000000000100000000101001000
100000000000000000000000000000000000000000000000000000000000000001000000001011010000
100000000000000000000000000000000000000000000000000000000000000001100000000001011000
000000000000000000000000000000000000000000000000000000000000000010000000000111100000
000000000000000000000000000000000000000000000000000000000000000000100000001101101000
000000000000000000000000000000000000000000000000000000000000000001000000000011110000
000000000000000000000000000000000000000000000000000000000000000001100000001001111000
000000000000000000000000000000000000000000000000000000000000000010000000000000000000
000000000000000000000000000000000000000000000000000000000000000000100000000110001000
000000000000000000000000000000000000000000000000000000000000000001000000001100010000
100000000000000000000000000000000000000000000000000000000000000001100000000010011000
100000000000000000000000000000000000000000000000000000000000000010000000001000100000
100000000000000000000000000000000000000000000000000000000000000000100000001110101000
000000000000000000000000000000000000000000000000000000000000000001000000000100110000
000000000000000000000000000000000000000000000000000000000000000001100000001010111000
000000000000000000000000000000000000000000000000000000000000000010000000000001000000
000000000000000000000000000000000000000000000000000000000000000000100000000111001000
000000000000000000000000000000000000000000000000000000000000000001000000001101010000
100000000000000000000000000000000000000000000000000000000000000001100000000011011000
100000000000000000000000000000000000000000000000000000000000000010000000001001100000
100000000000000000000000000000000000000000000000000000000000000000100000001111101000
000000000000000000000000000000000000000000000000000000000000000001000000000101110000
000000000000000000000000000000000000000000000000000000000000000001100000001011111000
000000000000000000000000000000000000000000000000000000000000000010000000000010000000
000000000000000000000000000000000000000000000000000000000000000000100000001000001000
000000000000000000000000000000000000000000000000000000000000000001000000001110010000
100000000000000000000000000000000000000000000000000000000000000001100000000100011000
100000000000000000000000000000000000000000000000000000000000000010000000001010100000
100000000000000000000000000000000000000000000000000000000000000000100000000000101000
000000000000000000000000000000000000000000000000000000000000000001000000000110110000
000000000000000000000000000000000000000000000000000000000000000001100000001100111000
000000000000000000000000000000000000000000000000000000000000000010000000000011000000
000000000000000000000000000000000000000000000000000000000000000000100000001001001000
000000000000000000000000000000000000000000000000000000000000000001000000001111010000
000000000000000000000000000000000000000000000000000000000000000001100000000101011000
000000000000000000000000000000000000000000000000000000000000000010000000001011100000
100000000000000000000000000000000000000000000000000000000000000000100000000001101000
100000000000000000000000000000000000000000000000000000000000000001000000000111110000
100000000000000000000000000000000000000000000000000000000000000001100000001101111000
000000000000000000000000000000000000000000000000000000000000000010000000000100000000
000000000000000000000000000000000000000000000000000000000000000000100000001010001000
000000000000000000000000000000000000000000000000000000000000000001000000000000010000
000000000000000000000000000000000000000000000000000000000000000001100000000110011000
000000000000000000000000000000000000000000000000000000000000000010000000001100100000
100000000000000000000000000000000000000000000000000000000000000000100000000010101000
100000000000000000000000000000000000000000000000000000000000000001000000001000110000
100000000000000000000000000000000000000000000000000000000000000001100000001110111000
000000000000000000000000000000000000000000000000000000000000000010000000000101000000
000000000000000000000000000000000000000000000000000000000000000000100000001011001000
000000000000000000000000000000000000000000000000000000000000000001000000000001010000
000000000000000000000000000000000000000000000000000000000000000001100000000111011000
000000000000000000000000000000000000000000000000000000000000000010000000001101100000
100000000000000000000000000000000000000000000000000000000000000000100000000011101000
100000000000000000000000000000000000000000000000000000000000000001000000001001110000
100000000000000000000000000000000000000000000000000000000000000001100000001111111000
000000000000000000000000000000000000000000000000000000000000000010000000000110000000
000000000000000000000000000000000000000000000000000000000000000000100000001100001000
000000000000000000000000000000000000000000000000000000000000000001000000000010010000
000000000000000000000000000000000000000000000000000000000000000001100000001000011000
000000000000000000000000000000000000000000000000000000000000000010000000001110100000
000000000000000000000000000000000000000000000000000000000000000000100000000100101000
000000000000000000000000000000000000000000000000000000000000000001000000001010110000
100000000000000000000000000000000000000000000000000000000000000001100000000000111000
100000000000000000000000000000000000000000000000000000000000000010000000000111000000
100000000000000000000000000000000000000000000000000000000000000000100000001101001000
000000000000000000000000000000000000000000000000000000000000000001000000000011010000
000000000000000000000000000000000000000000000000000000000000000001100000001001011000
000000000000000000000000000000000000000000000000000000000000000010000000001111100000
000000000000000000000000000000000000000000000000000000000000000000100000000101101000
000000000000000000000000000000000000000000000000000000000000000001000000001011110000
100000000000000000000000000000000000000000000000000000000000000001100000000001111000
100000000000000000000000000000000000000000000000000000000000000010000000001000000000
100000000000000000000000000000000000000000000000000000000000000000100000001110001000
000000000000000000000000000000000000000000000000000000000000000001000000000100010000
000000000000000000000000000000000000000000000000000000000000000001100000001010011000
000000000000000000000000000000000000000000000000000000000000000010000000000000100000
000000000000000000000000000000000000000000000000000000000000000000100000000110101000
000000000000000000000000000000000000000000000000000000000000000001000000001100110000
100000000000000000000000000000000000000000000000000000000000000001100000000010111000
100000000000000000000000000000000000000000000000000000000000000010000000001001000000
100000000000000000000000000000000000000000000000000000000000000000100000001111001000
000000000000000000000000000000000000000000000000000000000000000001000000000101010000
000000000000000000000000000000000000000000000000000000000000000001100000001011011000
000000000000000000000000000000000000000000000000000000000000000010000000000001100000
000000000000000000000000000000000000000000000000000000000000000000100000000111101000
000000000000000000000000000000000000000000000000000000000000000001000000001101110000
000000000000000000000000000000000000000000000000000000000000000001100000000011111000
000000000000000000000000000000000000000000000000000000000000000010000000001010000000
100000000000000000000000000000000000000000000000000000000000000000100000000000001000
100000000000000000000000000000000000000000000000000000000000000001000000000110010000
100000000000000000000000000000000000000000000000000000000000000001100000001100011000
000000000000000000000000000000000000000000000000000000000000000010000000000010100000
000000000000000000000000000000000000000000000000000000000000000000100000001000101000
000000000000000000000000000000000000000000000000000000000000000001000000001110110000
000000000000000000000000000000000000000000000000000000000000000001100000000100111000
000000000000000000000000000000000000000000000000000000000000000010000000001011000000
100000000000000000000000000000000000000000000000000000000000000000100000000001001000
100000000000000000000000000000000000000000000000000000000000000001000000000111010000
100000000000000000000000000000000000000000000000000000000000000001100000001101011000
000000000000000000000000000000000000000000000000000000000000000010000000000011100000
000000000000000000000000000000000000000000000000000000000000000000100000001001101000
000000000000000000000000000000000000000000000000000000000000000001000000001111110000
000000000000000000000000000000000000000000000000000000000000000001100000000101111000
000000000000000000000000000000000000000000000000000000000000000010000000001100000000
100000000000000000000000000000000000000000000000000000000000000000100000000010001000
100000000000000000000000000000000000000000000000000000000000000001000000001000010000
100000000000000000000000000000000000000000000000000000000000000001100000001110011000
000000000000000000000000000000000000000000000000000000000000000010000000000100100000
000000000000000000000000000000000000000000000000000000000000000000100000001010101000
000000000000000000000000000000000000000000000000000000000000000001000000000000110000
000000000000000000000000000000000000000000000000000000000000000001100000000110111000
000000000000000000000000000000000000000000000000000000000000000010000000001101000000
000000000000000000000000000000000000000000000000000000000000000000100000000011001000
000000000000000000000000000000000000000000000000000000000000000001000000001001010000
100000000000000000000000000000000000000000000000000000000000000001100000001111011000
100000000000000000000000000000000000000000000000000000000000000010000000000101100000
100000000000000000000000000000000000000000000000000000000000000000100000001011101000
000000000000000000000000000000000000000000000000000000000000000001000000000001110000
000000000000000000000000000000000000000000000000000000000000000001100000000111111000
000000000000000000000000000000000000000000000000000000000000000010000000001110000000
000000000000000000000000000000000000000000000000000000000000000000100000000100001000
000000000000000000000000000000000000000000000000000000000000000001000000001010010000
100000000000000000000000000000000000000000000000000000000000000001100000000000011000
100000000000000000000000000000000000000000000000000000000000000010000000000110100000
100000000000000000000000000000000000000000000000000000000000000000100000001100101000
000000000000000000000000000000000000000000000000000000000000000001000000000010110000
000000000000000000000000000000000000000000000000000000000000000001100000001000111000
000000000000000000000000000000000000000000000000000000000000000010000000001111000000
000000000000000000000000000000000000000000000000000000000000000000100000000101001000
000000000000000000000000000000000000000000000000000000000000000001000000001011010000
100000000000000000000000000000000000000000000000000000000000000001100000000001011000
100000000000000000000000000000000000000000000000000000000000000010000000000111100000
100000000000000000000000000000000000000000000000000000000000000000100000001101101000
000000000000000000000000000000000000000000000000000000000000000001000000000011110000
000000000000000000000000000000000000000000000000000000000000000001100000001001111000
000000000000000000000000000000000000000000000000000000000000000010000000000000000000
000000000000000000000000000000000000000000000000000000000000000000100000000110001000
000000000000000000000000000000000000000000000000000000000000000001000000001100010000
000000000000000000000000000000000000000000000000000000000000000001100000000010011000
000000000000000000000000000000000000000000000000000000000000000010000000001000100000
100000000000000000000000000000000000000000000000000000000000000000100000001110101000
100000000000000000000000000000000000000000000000000000000000000001000000000100110000
100000000000000000000000000000000000000000000000000000000000000001100000001010111000
000000000000000000000000000000000000000000000000000000000000000010000000000001000000
000000000000000000000000000000000000000000000000000000000000000000100000000111001000
000000000000000000000000000000000000000000000000000000000000000001000000001101010000
000000000000000000000000000000000000000000000000000000000000000001100000000011011000
000000000000000000000000000000000000000000000000000000000000000010000000001001100000
100000000000000000000000000000000000000000000000000000000000000000100000001111101000
100000000000000000000000000000000000000000000000000000000000000001000000000101110000
100000000000000000000000000000000000000000000000000000000000000001100000001011111000
000000000000000000000000000000000000000000000000000000000000000010000000000010000000
000000000000000000000000000000000000000000000000000000000000000000100000001000001000
000000000000000000000000000000000000000000000000000000000000000001000000001110010000
000000000000000000000000000000000000000000000000000000000000000001100000000100011000
000000000000000000000000000000000000000000000000000000000000000010000000001010100000
100000000000000000000000000000000000000000000000000000000000000000100000000000101000
100000000000000000000000000000000000000000000000000000000000000001000000000110110000
100000000000000000000000000000000000000000000000000000000000000001100000001100111000
000000000000000000000000000000000000000000000000000000000000000010000000000011000000
000000000000000000000000000000000000000000000000000000000000000000100000001001001000
000000000000000000000000000000000000000000000000000000000000000001000000001111010000
000000000000000000000000000000000000000000000000000000000000000001100000000101011000
000000000000000000000000000000000000000000000000000000000000000010000000001011100000
000000000000000000000000000000000000000000000000000000000000000000100000000001101000
000000000000000000000000000000000000000000000000000000000000000001000000000111110000
100000000000000000000000000000000000000000000000000000000000000001100000001101111000
100000000000000000000000000000000000000000000000000000000000000010000000000100000000
100000000000000000000000000000000000000000000000000000000000000000100000001010001000
000000000000000000000000000000000000000000000000000000000000000001000000000000010000
000000000000000000000000000000000000000000000000000000000000000001100000000110011000
000000000000000000000000000000000000000000000000000000000000000010000000001100100000
000000000000000000000000000000000000000000000000000000000000000000100000000010101000
000000000000000000000000000000000000000000000000000000000000000001000000001000110000
100000000000000000000000000000000000000000000000000000000000000001100000001110111000
100000000000000000000000000000000000000000000000000000000000000010000000000101000000
100000000000000000000000000000000000000000000000000000000000000000100000001011001000
000000000000000000000000000000000000000000000000000000000000000001000000000001010000
000000000000000000000000000000000000000000000000000000000000000001100000000111011000
000000000000000000000000000000000000000000000000000000000000000010000000001101100000
000000000000000000000000000000000000000000000000000000000000000000100000000011101000
000000000000000000000000000000000000000000000000000000000000000001000000001001110000
100000000000000000000000000000000000000000000000000000000000000001100000001111111000
100000000000000000000000000000000000000000000000000000000000000010000000000110000000
100000000000000000000000000000000000000000000000000000000000000000100000001100001000
000000000000000000000000000000000000000000000000000000000000000001000000000010010000
000000000000000000000000000000000000000000000000000000000000000001100000001000011000
000000000000000000000000000000000000000000000000000000000000000010000000001110100000
000000000000000000000000000000000000000000000000000000000000000000100000000100101000
000000000000000000000000000000000000000000000000000000000000000001000000001010110000
000000000000000000000000000000000000000000000000000000000000000001100000000000111000
000000000000000000000000000000000000000000000000000000000000000010000000000111000000
100000000000000000000000000000000000000000000000000000000000000000100000001101001000
100000000000000000000000000000000000000000000000000000000000000001000000000011010000
100000000000000000000000000000000000000000000000000000000000000001100000001001011000
000000000000000000000000000000000000000000000000000000000000000010000000001111100000
000000000000000000000000000000000000000000000000000000000000000000100000000101101000
000000000000000000000000000000000000000000000000000000000000000001000000001011110000
000000000000000000000000000000000000000000000000000000000000000001100000000001111000
000000000000000000000000000000000000000000000000000000000000000010000000001000000000
100000000000000000000000000000000000000000000000000000000000000000100000001110001000
100000000000000000000000000000000000000000000000000000000000000001000000000100010000
100000000000000000000000000000000000000000000000000000000000000001100000001010011000
000000000000000000000000000000000000000000000000000000000000000010000000000000100000
000000000000000000000000000000000000000000000000000000000000000000100000000110101000
000000000000000000000000000000000000000000000000000000000000000001000000001100110000
000000000000000000000000000000000000000000000000000000000000000001100000000010111000
000000000000000000000000000000000000000000000000000000000000000010000000001001000000
100000000000000000000000000000000000000000000000000000000000000000100000001111001000
100000000000000000000000000000000000000000000000000000000000000001000000000101010000
100000000000000000000000000000000000000000000000000000000000000001100000001011011000
000000000000000000000000000000000000000000000000000000000000000010000000000001100000
000000000000000000000000000000000000000000000000000000000000000000100000000111101000
000000000000000000000000000000000000000000000000000000000000000001000000001101110000
000000000000000000000000000000000000000000000000000000000000000001100000000011111000
000000000000000000000000000000000000000000000000000000000000000010000000001010000000
000000000000000000000000000000000000000000000000000000000000000000100000000000001000
000000000000000000000000000000000000000000000000000000000000000001000000000110010000
100000000000000000000000000000000000000000000000000000000000000001100000001100011000
100000000000000000000000000000000000000000000000000000000000000010000000000010100000
100000000000000000000000000000000000000000000000000000000000000000100000001000101000
000000000000000000000000000000000000000000000000000000000000000001000000001110110000
000000000000000000000000000000000000000000000000000000000000000001100000000100111000
000000000000000000000000000000000000000000000000000000000000000010000000001011000000
000000000000000000000000000000000000000000000000000000000000000000100000000001001000
000000000000000000000000000000000000000000000000000000000000000001000000000111010000
100000000000000000000000000000000000000000000000000000000000000001100000001101011000
100000000000000000000000000000000000000000000000000000000000000010000000000011100000
100000000000000000000000000000000000000000000000000000000000000000100000001001101000
000000000000000000000000000000000000000000000000000000000000000001000000001111110000
000000000000000000000000000000000000000000000000000000000000000001100000000101111000
000000000000000000000000000000000000000000000000000000000000000010000000001100000000
000000000000000000000000000000000000000000000000000000000000000000100000000010001000
000000000000000000000000000000000000000000000000000000000000000001000000001000010000
100000000000000000000000000000000000000000000000000000000000000001100000001110011000
100000000000000000000000000000000000000000000000000000000000000010000000000100100000
100000000000000000000000000000000000000000000000000000000000000000100000001010101000
000000000000000000000000000000000000000000000000000000000000000001000000000000110000
000000000000000000000000000000000000000000000000000000000000000001100000000110111000
000000000000000000000000000000000000000000000000000000000000000010000000001101000000
000000000000000000000000000000000000000000000000000000000000000000100000000011001000
000000000000000000000000000000000000000000000000000000000000000001000000001001010000
000000000000000000000000000000000000000000000000000000000000000001100000001111011000
000000000000000000000000000000000000000000000000000000000000000010000000000101100000
100000000000000000000000000000000000000000000000000000000000000000100000001011101000
100000000000000000000000000000000000000000000000000000000000000001000000000001110000
100000000000000000000000000000000000000000000000000000000000000001100000000111111000
000000000000000000000000000000000000000000000000000000000000000010000000001110000000
000000000000000000000000000000000000000000000000000000000000000000100000000100001000
000000000000000000000000000000000000000000000000000000000000000001000000001010010000
000000000000000000000000000000000000000000000000000000000000000001100000000000011000
000000000000000000000000000000000000000000000000000000000000000010000000000110100000
100000000000000000000000000000000000000000000000000000000000000000100000001100101000
100000000000000000000000000000000000000000000000000000000000000001000000000010110000
100000000000000000000000000000000000000000000000000000000000000001100000001000111000
000000000000000000000000000000000000000000000000000000000000000010000000001111000000
000000000000000000000000000000000000000000000000000000000000000000100000000101001000
000000000000000000000000000000000000000000000000000000000000000001000000001011010000
000000000000000000000000000000000000000000000000000000000000000001100000000001011000
000000000000000000000000000000000000000000000000000000000000000010000000000111100000
100000000000000000000000000000000000000000000000000000000000000000100000001101101000
100000000000000000000000000000000000000000000000000000000000000001000000000011110000
100000000000000000000000000000000000000000000000000000000000000001100000001001111000
000000000000000000000000000000000000000000000000000000000000000010000000000000000000
000000000000000000000000000000000000000000000000000000000000000000100000000110001000
000000000000000000000000000000000000000000000000000000000000000001000000001100010000
000000000000000000000000000000000000000000000000000000000000000001100000000010011000
000000000000000000000000000000000000000000000000000000000000000010000000001000100000
000000000000000000000000000000000000000000000000000000000000000000100000001110101000
000000000000000000000000000000000000000000000000000000000000000001000000000100110000
100000000000000000000000000000000000000000000000000000000000000001100000001010111000
100000000000000000000000000000000000000000000000000000000000000010000000000001000000
100000000000000000000000000000000000000000000000000000000000000000100000000111001000
000000000000000000000000000000000000000000000000000000000000000001000000001101010000
000000000000000000000000000000000000000000000000000000000000000001100000000011011000
000000000000000000000000000000000000000000000000000000000000000010000000001001100000
000000000000000000000000000000000000000000000000000000000000000000100000001111101000
000000000000000000000000000000000000000000000000000000000000000001000000000101110000
100000000000000000000000000000000000000000000000000000000000000001100000001011111000
100000000000000000000000000000000000000000000000000000000000000010000000000010000000
100000000000000000000000000000000000000000000000000000000000000000100000001000001000
000000000000000000000000000000000000000000000000000000000000000001000000001110010000
000000000000000000000000000000000000000000000000000000000000000001100000000100011000
000000000000000000000000000000000000000000000000000000000000000010000000001010100000
000000000000000000000000000000000000000000000000000000000000000000100000000000101000
000000000000000000000000000000000000000000000000000000000000000001000000000110110000
100000000000000000000000000000000000000000000000000000000000000001100000001100111000
100000000000000000000000000000000000000000000000000000000000000010000000000011000000
100000000000000000000000000000000000000000000000000000000000000000100000001001001000
000000000000000000000000000000000000000000000000000000000000000001000000001111010000
000000000000000000000000000000000000000000000000000000000000000001100000000101011000
000000000000000000000000000000000000000000000000000000000000000010000000001011100000
000000000000000000000000000000000000000000000000000000000000000000100000000001101000
000000000000000000000000000000000000000000000000000000000000000001000000000111110000
000000000000000000000000000000000000000000000000000000000000000001100000001101111000
000000000000000000000000000000000000000000000000000000000000000010000000000100000000
100000000000000000000000000000000000000000000000000000000000000000100000001010001000
100000000000000000000000000000000000000000000000000000000000000001000000000000010000
100000000000000000000000000000000000000000000000000000000000000001100000000110011000
000000000000000000000000000000000000000000000000000000000000000010000000001100100000
000000000000000000000000000000000000000000000000000000000000000000100000000010101000
000000000000000000000000000000000000000000000000000000000000000001000000001000110000
000000000000000000000000000000000000000000000000000000000000000001100000001110111000
000000000000000000000000000000000000000000000000000000000000000010000000000101000000
100000000000000000000000000000000000000000000000000000000000000000100000001011001000
100000000000000000000000000000000000000000000000000000000000000001000000000001010000
100000000000000000000000000000000000000000000000000000000000000001100000000111011000
000000000000000000000000000000000000000000000000000000000000000010000000001101100000
000000000000000000000000000000000000000000000000000000000000000000100000000011101000
000000000000000000000000000000000000000000000000000000000000000001000000001001110000
000000000000000000000000000000000000000000000000000000000000000001100000001111111000
000000000000000000000000000000000000000000000000000000000000000010000000000110000000
100000000000000000000000000000000000000000000000000000000000000000100000001100001000
100000000000000000000000000000000000000000000000000000000000000001000000000010010000
100000000000000000000000000000000000000000000000000000000000000001100000001000011000
000000000000000000000000000000000000000000000000000000000000000010000000001110100000
000000000000000000000000000000000000000000000000000000000000000000100000000100101000
000000000000000000000000000000000000000000000000000000000000000001000000001010110000
000000000000000000000000000000000000000000000000000000000000000001100000000000111000
000000000000000000000000000000000000000000000000000000000000000010000000000111000000
000000000000000000000000000000000000000000000000000000000000000000100000001101001000
000000000000000000000000000000000000000000000000000000000000000001000000000011010000
100000000000000000000000000000000000000000000000000000000000000001100000001001011000
100000000000000000000000000000000000000000000000000000000000000010000000001111100000
100000000000000000000000000000000000000000000000000000000000000000100000000101101000
000000000000000000000000000000000000000000000000000000000000000001000000001011110000
000000000000000000000000000000000000000000000000000000000000000001100000000001111000
000000000000000000000000000000000000000000000000000000000000000010000000001000000000
000000000000000000000000000000000000000000000000000000000000000000100000001110001000
000000000000000000000000000000000000000000000000000000000000000001000000000100010000
100000000000000000000000000000000000000000000000000000000000000001100000001010011000
100000000000000000000000000000000000000000000000000000000000000010000000000000100000
100000000000000000000000000000000000000000000000000000000000000000100000000110101000
000000000000000000000000000000000000000000000000000000000000000001000000001100110000
000000000000000000000000000000000000000000000000000000000000000001100000000010111000
000000000000000000000000000000000000000000000000000000000000000010000000001001000000
000000000000000000000000000000000000000000000000000000000000000000100000001111001000
000000000000000000000000000000000000000000000000000000000000000001000000000101010000
100000000000000000000000000000000000000000000000000000000000000001100000001011011000
100000000000000000000000000000000000000000000000000000000000000010000000000001100000
100000000000000000000000000000000000000000000000000000000000000000100000000111101000
000000000000000000000000000000000000000000000000000000000000000001000000001101110000
000000000000000000000000000000000000000000000000000000000000000001100000000011111000
000000000000000000000000000000000000000000000000000000000000000010000000001010000000
000000000000000000000000000000000000000000000000000000000000000000100000000000001000
000000000000000000000000000000000000000000000000000000000000000001000000000110010000
000000000000000000000000000000000000000000000000000000000000000001100000001100011000
000000000000000000000000000000000000000000000000000000000000000010000000000010100000
100000000000000000000000000000000000000000000000000000000000000000100000001000101000
100000000000000000000000000000000000000000000000000000000000000001000000001110110000
100000000000000000000000000000000000000000000000000000000000000001100000000100111000
000000000000000000000000000000000000000000000000000000000000000010000000001011000000
000000000000000000000000000000000000000000000000000000000000000000100000000001001000
000000000000000000000000000000000000000000000000000000000000000001000000000111010000
000000000000000000000000000000000000000000000000000000000000000001100000001101011000
000000000000000000000000000000000000000000000000000000000000000010000000000011100000
100000000000000000000000000000000000000000000000000000000000000000100000001001101000
100000000000000000000000000000000000000000000000000000000000000001000000001111110000
100000000000000000000000000000000000000000000000000000000000000001100000000101111000
000000000000000000000000000000000000000000000000000000000000000010000000001100000000
000000000000000000000000000000000000000000000000000000000000000000100000000010001000
000000000000000000000000000000000000000000000000000000000000000001000000001000010000
000000000000000000000000000000000000000000000000000000000000000001100000001110011000
000000000000000000000000000000000000000000000000000000000000000010000000000100100000
100000000000000000000000000000000000000000000000000000000000000000100000001010101000
100000000000000000000000000000000000000000000000000000000000000001000000000000110000
100000000000000000000000000000000000000000000000000000000000000001100000000110111000
000000000000000000000000000000000000000000000000000000000000000010000000001101000000
000000000000000000000000000000000000000000000000000000000000000000100000000011001000
000000000000000000000000000000000000000000000000000000000000000001000000001001010000
000000000000000000000000000000000000000000000000000000000000000001100000001111011000
000000000000000000000000000000000000000000000000000000000000000010000000000101100000
000000000000000000000000000000000000000000000000000000000000000000100000001011101000
000000000000000000000000000000000000000000000000000000000000000001000000000001110000
100000000000000000000000000000000000000000000000000000000000000001100000000111111000
100000000000000000000000000000000000000000000000000000000000000010000000001110000000
100000000000000000000000000000000000000000000000000000000000000000100000000100001000
000000000000000000000000000000000000000000000000000000000000000001000000001010010000
000000000000000000000000000000000000000000000000000000000000000001100000000000011000
000000000000000000000000000000000000000000000000000000000000000010000000000110100000
000000000000000000000000000000000000000000000000000000000000000000100000001100101000
000000000000000000000000000000000000000000000000000000000000000001000000000010110000
100000000000000000000000000000000000000000000000000000000000000001100000001000111000
100000000000000000000000000000000000000000000000000000000000000010000000001111000000
100000000000000000000000000000000000000000000000000000000000000000100000000101001000
000000000000000000000000000000000000000000000000000000000000000001000000001011010000
000000000000000000000000000000000000000000000000000000000000000001100000000001011000
000000000000000000000000000000000000000000000000000000000000000010000000000111100000
000000000000000000000000000000000000000000000000000000000000000000100000001101101000
000000000000000000000000000000000000000000000000000000000000000001000000000011110000
100000000000000000000000000000000000000000000000000000000000000001100000001001111000
100000000000000000000000000000000000000000000000000000000000000010000000000000000000
100000000000000000000000000000000000000000000000000000000000000000100000000110001000
000000000000000000000000000000000000000000000000000000000000000001000000001100010000
000000000000000000000000000000000000000000000000000000000000000001100000000010011000
000000000000000000000000000000000000000000000000000000000000000010000000001000100000
000000000000000000000000000000000000000000000000000000000000000000100000001110101000
000000000000000000000000000000000000000000000000000000000000000001000000000100110000
000000000000000000000000000000000000000000000000000000000000000001100000001010111000
000000000000000000000000000000000000000000000000000000000000000010000000000001000000
100000000000000000000000000000000000000000000000000000000000000000100000000111001000
100000000000000000000000000000000000000000000000000000000000000001000000001101010000
100000000000000000000000000000000000000000000000000000000000000001100000000011011000
000000000000000000000000000000000000000000000000000000000000000010000000001001100000
000000000000000000000000000000000000000000000000000000000000000000100000001111101000
000000000000000000000000000000000000000000000000000000000000000001000000000101110000
000000000000000000000000000000000000000000000000000000000000000001100000001011111000
000000000000000000000000000000000000000000000000000000000000000010000000000010000000
100000000000000000000000000000000000000000000000000000000000000000100000001000001000
100000000000000000000000000000000000000000000000000000000000000001000000001110010000
100000000000000000000000000000000000000000000000000000000000000001100000000100011000
000000000000000000000000000000000000000000000000000000000000000010000000001010100000
000000000000000000000000000000000000000000000000000000000000000000100000000000101000
000000000000000000000000000000000000000000000000000000000000000001000000000110110000
000000000000000000000000000000000000000000000000000000000000000001100000001100111000
000000000000000000000000000000000000000000000000000000000000000010000000000011000000
100000000000000000000000000000000000000000000000000000000000000000100000001001001000
100000000000000000000000000000000000000000000000000000000000000001000000001111010000
100000000000000000000000000000000000000000000000000000000000000001100000000101011000
000000000000000000000000000000000000000000000000000000000000000010000000001011100000
000000000000000000000000000000000000000000000000000000000000000000100000000001101000
000000000000000000000000000000000000000000000000000000000000000001000000000111110000
000000000000000000000000000000000000000000000000000000000000000001100000001101111000
000000000000000000000000000000000000000000000000000000000000000010000000000100000000
000000000000000000000000000000000000000000000000000000000000000000100000001010001000
000000000000000000000000000000000000000000000000000000000000000001000000000000010000
100000000000000000000000000000000000000000000000000000000000000001100000000110011000
100000000000000000000000000000000000000000000000000000000000000010000000001100100000
100000000000000000000000000000000000000000000000000000000000000000100000000010101000
000000000000000000000000000000000000000000000000000000000000000001000000001000110000
000000000000000000000000000000000000000000000000000000000000000001100000001110111000
000000000000000000000000000000000000000000000000000000000000000010000000000101000000
000000000000000000000000000000000000000000000000000000000000000000100000001011001000
000000000000000000000000000000000000000000000000000000000000000001000000000001010000
100000000000000000000000000000000000000000000000000000000000000001100000000111011000
100000000000000000000000000000000000000000000000000000000000000010000000001101100000
100000000000000000000000000000000000000000000000000000000000000000100000000011101000
000000000000000000000000000000000000000000000000000000000000000001000000001001110000
000000000000000000000000000000000000000000000000000000000000000001100000001111111000
000000000000000000000000000000000000000000000000000000000000000010000000000110000000
000000000000000000000000000000000000000000000000000000000000000000100000001100001000
000000000000000000000000000000000000000000000000000000000000000001000000000010010000
100000000000000000000000000000000000000000000000000000000000000001100000001000011000
100000000000000000000000000000000000000000000000000000000000000010000000001110100000
100000000000000000000000000000000000000000000000000000000000000000100000000100101000
000000000000000000000000000000000000000000000000000000000000000001000000001010110000
000000000000000000000000000000000000000000000000000000000000000001100000000000111000
000000000000000000000000000000000000000000000000000000000000000010000000000111000000
000000000000000000000000000000000000000000000000000000000000000000100000001101001000
000000000000000000000000000000000000000000000000000000000000000001000000000011010000
000000000000000000000000000000000000000000000000000000000000000001100000001001011000
000000000000000000000000000000000000000000000000000000000000000010000000001111100000
100000000000000000000000000000000000000000000000000000000000000000100000000101101000
100000000000000000000000000000000000000000000000000000000000000001000000001011110000
100000000000000000000000000000000000000000000000000000000000000001100000000001111000
000000000000000000000000000000000000000000000000000000000000000010000000001000000000
000000000000000000000000000000000000000000000000000000000000000000100000001110001000
000000000000000000000000000000000000000000000000000000000000000001000000000100010000
000000000000000000000000000000000000000000000000000000000000000001100000001010011000
000000000000000000000000000000000000000000000000000000000000000010000000000000100000
100000000000000000000000000000000000000000000000000000000000000000100000000110101000
100000000000000000000000000000000000000000000000000000000000000001000000001100110000
100000000000000000000000000000000000000000000000000000000000000001100000000010111000
000000000000000000000000000000000000000000000000000000000000000010000000001001000000
000000000000000000000000000000000000000000000000000000000000000000100000001111001000
000000000000000000000000000000000000000000000000000000000000000001000000000101010000
000000000000000000000000000000000000000000000000000000000000000001100000001011011000
000000000000000000000000000000000000000000000000000000000000000010000000000001100000
100000000000000000000000000000000000000000000000000000000000000000100000000111101000
100000000000000000000000000000000000000000000000000000000000000001000000001101110000
100000000000000000000000000000000000000000000000000000000000000001100000000011111000
000000000000000000000000000000000000000000000000000000000000000010000000001010000000
000000000000000000000000000000000000000000000000000000000000000000100000000000001000
000000000000000000000000000000000000000000000000000000000000000001000000000110010000
000000000000000000000000000000000000000000000000000000000000000001100000001100011000
000000000000000000000000000000000000000000000000000000000000000010000000000010100000
000000000000000000000000000000000000000000000000000000000000000000100000001000101000
000000000000000000000000000000000000000000000000000000000000000001000000001110110000
100000000000000000000000000000000000000000000000000000000000000001100000000100111000
100000000000000000000000000000000000000000000000000000000000000010000000001011000000
100000000000000000000000000000000000000000000000000000000000000000100000000001001000
000000000000000000000000000000000000000000000000000000000000000001000000000111010000
000000000000000000000000000000000000000000000000000000000000000001100000001101011000
000000000000000000000000000000000000000000000000000000000000000010000000000011100000
000000000000000000000000000000000000000000000000000000000000000000100000001001101000
000000000000000000000000000000000000000000000000000000000000000001000000001111110000
100000000000000000000000000000000000000000000000000000000000000001100000000101111000
100000000000000000000000000000000000000000000000000000000000000010000000001100000000
100000000000000000000000000000000000000000000000000000000000000000100000000010001000
000000000000000000000000000000000000000000000000000000000000000001000000001000010000
000000000000000000000000000000000000000000000000000000000000000001100000001110011000
000000000000000000000000000000000000000000000000000000000000000010000000000100100000
000000000000000000000000000000000000000000000000000000000000000000100000001010101000
000000000000000000000000000000000000000000000000000000000000000001000000000000110000
100000000000000000000000000000000000000000000000000000000000000001100000000110111000
100000000000000000000000000000000000000000000000000000000000000010000000001101000000
100000000000000000000000000000000000000000000000000000000000000000100000000011001000
000000000000000000000000000000000000000000000000000000000000000001000000001001010000
000000000000000000000000000000000000000000000000000000000000000001100000001111011000
000000000000000000000000000000000000000000000000000000000000000010000000000101100000
000000000000000000000000000000000000000000000000000000000000000000100000001011101000
000000000000000000000000000000000000000000000000000000000000000001000000000001110000
000000000000000000000000000000000000000000000000000000000000000001100000000111111000
000000000000000000000000000000000000000000000000000000000000000010000000001110000000
100000000000000000000000000000000000000000000000000000000000000000100000000100001000
100000000000000000000000000000000000000000000000000000000000000001000000001010010000
100000000000000000000000000000000000000000000000000000000000000001100000000000011000
000000000000000000000000000000000000000000000000000000000000000010000000000110100000
000000000000000000000000000000000000000000000000000000000000000000100000001100101000
000000000000000000000000000000000000000000000000000000000000000001000000000010110000
000000000000000000000000000000000000000000000000000000000000000001100000001000111000
000000000000000000000000000000000000000000000000000000000000000010000000001111000000
100000000000000000000000000000000000000000000000000000000000000000100000000101001000
100000000000000000000000000000000000000000000000000000000000000001000000001011010000
100000000000000000000000000000000000000000000000000000000000000001100000000001011000
000000000000000000000000000000000000000000000000000000000000000010000000000111100000
000000000000000000000000000000000000000000000000000000000000000000100000001101101000
000000000000000000000000000000000000000000000000000000000000000001000000000011110000
000000000000000000000000000000000000000000000000000000000000000001100000001001111000
000000000000000000000000000000000000000000000000000000000000000010000000000000000000
100000000000000000000000000000000000000000000000000000000000000000100000000110001000
100000000000000000000000000000000000000000000000000000000000000001000000001100010000
100000000000000000000000000000000000000000000000000000000000000001100000000010011000
000000000000000000000000000000000000000000000000000000000000000010000000001000100000
000000000000000000000000000000000000000000000000000000000000000000100000001110101000
000000000000000000000000000000000000000000000000000000000000000001000000000100110000
000000000000000000000000000000000000000000000000000000000000000001100000001010111000
000000000000000000000000000000000000000000000000000000000000000010000000000001000000
000000000000000000000000000000000000000000000000000000000000000000100000000111001000
000000000000000000000000000000000000000000000000000000000000000001000000001101010000
100000000000000000000000000000000000000000000000000000000000000001100000000011011000
100000000000000000000000000000000000000000000000000000000000000010000000001001100000
100000000000000000000000000000000000000000000000000000000000000000100000001111101000
000000000000000000000000000000000000000000000000000000000000000001000000000101110000
000000000000000000000000000000000000000000000000000000000000000001100000001011111000
000000000000000000000000000000000000000000000000000000000000000010000000000010000000
000000000000000000000000000000000000000000000000000000000000000000100000001000001000
000000000000000000000000000000000000000000000000000000000000000001000000001110010000
100000000000000000000000000000000000000000000000000000000000000001100000000100011000
100000000000000000000000000000000000000000000000000000000000000010000000001010100000
100000000000000000000000000000000000000000000000000000000000000000100000000000101000
000000000000000000000000000000000000000000000000000000000000000001000000000110110000
000000000000000000000000000000000000000000000000000000000000000001100000001100111000
000000000000000000000000000000000000000000000000000000000000000010000000000011000000
000000000000000000000000000000000000000000000000000000000000000000100000001001001000
000000000000000000000000000000000000000000000000000000000000000001000000001111010000
100000000000000000000000000000000000000000000000000000000000000001100000000101011000
100000000000000000000000000000000000000000000000000000000000000010000000001011100000
100000000000000000000000000000000000000000000000000000000000000000100000000001101000
000000000000000000000000000000000000000000000000000000000000000001000000000111110000
000000000000000000000000000000000000000000000000000000000000000001100000001101111000
000000000000000000000000000000000000000000000000000000000000000010000000000100000000
000000000000000000000000000000000000000000000000000000000000000000100000001010001000
000000000000000000000000000000000000000000000000000000000000000001000000000000010000
000000000000000000000000000000000000000000000000000000000000000001100000000110011000
000000000000000000000000000000000000000000000000000000000000000010000000001100100000
100000000000000000000000000000000000000000000000000000000000000000100000000010101000
100000000000000000000000000000000000000000000000000000000000000001000000001000110000
100000000000000000000000000000000000000000000000000000000000000001100000001110111000
000000000000000000000000000000000000000000000000000000000000000010000000000101000000
000000000000000000000000000000000000000000000000000000000000000000100000001011001000
000000000000000000000000000000000000000000000000000000000000000001000000000001010000
000000000000000000000000000000000000000000000000000000000000000001100000000111011000
000000000000000000000000000000000000000000000000000000000000000010000000001101100000
100000000000000000000000000000000000000000000000000000000000000000100000000011101000
100000000000000000000000000000000000000000000000000000000000000001000000001001110000
100000000000000000000000000000000000000000000000000000000000000001100000001111111000
000000000000000000000000000000000000000000000000000000000000000010000000000110000000
000000000000000000000000000000000000000000000000000000000000000000100000001100001000
000000000000000000000000000000000000000000000000000000000000000001000000000010010000
000000000000000000000000000000000000000000000000000000000000000001100000001000011000
000000000000000000000000000000000000000000000000000000000000000010000000001110100000
100000000000000000000000000000000000000000000000000000000000000000100000000100101000
100000000000000000000000000000000000000000000000000000000000000001000000001010110000
100000000000000000000000000000000000000000000000000000000000000001100000000000111000
000000000000000000000000000000000000000000000000000000000000000010000000000111000000
000000000000000000000000000000000000000000000000000000000000000000100000001101001000
000000000000000000000000000000000000000000000000000000000000000001000000000011010000
000000000000000000000000000000000000000000000000000000000000000001100000001001011000
000000000000000000000000000000000000000000000000000000000000000010000000001111100000
000000000000000000000000000000000000000000000000000000000000000000100000000101101000
000000000000000000000000000000000000000000000000000000000000000001000000001011110000
100000000000000000000000000000000000000000000000000000000000000001100000000001111000
100000000000000000000000000000000000000000000000000000000000000010000000001000000000
100000000000000000000000000000000000000000000000000000000000000000100000001110001000
000000000000000000000000000000000000000000000000000000000000000001000000000100010000
000000000000000000000000000000000000000000000000000000000000000001100000001010011000
000000000000000000000000000000000000000000000000000000000000000010000000000000100000
000000000000000000000000000000000000000000000000000000000000000000100000000110101000
000000000000000000000000000000000000000000000000000000000000000001000000001100110000
100000000000000000000000000000000000000000000000000000000000000001100000000010111000
100000000000000000000000000000000000000000000000000000000000000010000000001001000000
100000000000000000000000000000000000000000000000000000000000000000100000001111001000
000000000000000000000000000000000000000000000000000000000000000001000000000101010000
000000000000000000000000000000000000000000000000000000000000000001100000001011011000
000000000000000000000000000000000000000000000000000000000000000010000000000001100000
000000000000000000000000000000000000000000000000000000000000000000100000000111101000
000000000000000000000000000000000000000000000000000000000000000001000000001101110000
100000000000000000000000000000000000000000000000000000000000000001100000000011111000
100000000000000000000000000000000000000000000000000000000000000010000000001010000000
100000000000000000000000000000000000000000000000000000000000000000100000000000001000
000000000000000000000000000000000000000000000000000000000000000001000000000110010000
000000000000000000000000000000000000000000000000000000000000000001100000001100011000
000000000000000000000000000000000000000000000000000000000000000010000000000010100000
000000000000000000000000000000000000000000000000000000000000000000100000001000101000
000000000000000000000000000000000000000000000000000000000000000001000000001110110000
000000000000000000000000000000000000000000000000000000000000000001100000000100111000
000000000000000000000000000000000000000000000000000000000000000010000000001011000000
100000000000000000000000000000000000000000000000000000000000000000100000000001001000
100000000000000000000000000000000000000000000000000000000000000001000000000111010000
100000000000000000000000000000000000000000000000000000000000000001100000001101011000
000000000000000000000000000000000000000000000000000000000000000010000000000011100000
000000000000000000000000000000000000000000000000000000000000000000100000001001101000
000000000000000000000000000000000000000000000000000000000000000001000000001111110000
000000000000000000000000000000000000000000000000000000000000000001100000000101111000
000000000000000000000000000000000000000000000000000000000000000010000000001100000000
100000000000000000000000000000000000000000000000000000000000000000100000000010001000
100000000000000000000000000000000000000000000000000000000000000001000000001000010000
100000000000000000000000000000000000000000000000000000000000000001100000001110011000
000000000000000000000000000000000000000000000000000000000000000010000000000100100000
000000000000000000000000000000000000000000000000000000000000000000100000001010101000
000000000000000000000000000000000000000000000000000000000000000001000000000000110000
000000000000000000000000000000000000000000000000000000000000000001100000000110111000
000000000000000000000000000000000000000000000000000000000000000010000000001101000000
100000000000000000000000000000000000000000000000000000000000000000100000000011001000
100000000000000000000000000000000000000000000000000000000000000001000000001001010000
100000000000000000000000000000000000000000000000000000000000000001100000001111011000
000000000000000000000000000000000000000000000000000000000000000010000000000101100000
000000000000000000000000000000000000000000000000000000000000000000100000001011101000
000000000000000000000000000000000000000000000000000000000000000001000000000001110000
000000000000000000000000000000000000000000000000000000000000000001100000000111111000
000000000000000000000000000000000000000000000000000000000000000010000000001110000000
000000000000000000000000000000000000000000000000000000000000000000100000000100001000
000000000000000000000000000000000000000000000000000000000000000001000000001010010000
100000000000000000000000000000000000000000000000000000000000000001100000000000011000
100000000000000000000000000000000000000000000000000000000000000010000000000110100000
100000000000000000000000000000000000000000000000000000000000000000100000001100101000
000000000000000000000000000000000000000000000000000000000000000001000000000010110000
000000000000000000000000000000000000000000000000000000000000000001100000001000111000
000000000000000000000000000000000000000000000000000000000000000010000000001111000000
000000000000000000000000000000000000000000000000000000000000000000100000000101001000
000000000000000000000000000000000000000000000000000000000000000001000000001011010000
100000000000000000000000000000000000000000000000000000000000000001100000000001011000
100000000000000000000000000000000000000000000000000000000000000010000000000111100000
100000000000000000000000000000000000000000000000000000000000000000100000001101101000
000000000000000000000000000000000000000000000000000000000000000001000000000011110000
000000000000000000000000000000000000000000000000000000000000000001100000001001111000
000000000000000000000000000000000000000000000000000000000000000010000000000000000000
000000000000000000000000000000000000000000000000000000000000000000100000000110001000
000000000000000000000000000000000000000000000000000000000000000001000000001100010000
100000000000000000000000000000000000000000000000000000000000000001100000000010011000
100000000000000000000000000000000000000000000000000000000000000010000000001000100000
100000000000000000000000000000000000000000000000000000000000000000100000001110101000
000000000000000000000000000000000000000000000000000000000000000001000000000100110000
000000000000000000000000000000000000000000000000000000000000000001100000001010111000
000000000000000000000000000000000000000000000000000000000000000010000000000001000000
000000000000000000000000000000000000000000000000000000000000000000100000000111001000
000000000000000000000000000000000000000000000000000000000000000001000000001101010000
000000000000000000000000000000000000000000000000000000000000000001100000000011011000
000000000000000000000000000000000000000000000000000000000000000010000000001001100000
100000000000000000000000000000000000000000000000000000000000000000100000001111101000
100000000000000000000000000000000000000000000000000000000000000001000000000101110000
100000000000000000000000000000000000000000000000000000000000000001100000001011111000
000000000000000000000000000000000000000000000000000000000000000010000000000010000000
000000000000000000000000000000000000000000000000000000000000000000100000001000001000
000000000000000000000000000000000000000000000000000000000000000001000000001110010000
000000000000000000000000000000000000000000000000000000000000000001100000000100011000
000000000000000000000000000000000000000000000000000000000000000010000000001010100000
100000000000000000000000000000000000000000000000000000000000000000100000000000101000
100000000000000000000000000000000000000000000000000000000000000001000000000110110000
100000000000000000000000000000000000000000000000000000000000000001100000001100111000
000000000000000000000000000000000000000000000000000000000000000010000000000011000000
000000000000000000000000000000000000000000000000000000000000000000100000001001001000
000000000000000000000000000000000000000000000000000000000000000001000000001111010000
000000000000000000000000000000000000000000000000000000000000000001100000000101011000
000000000000000000000000000000000000000000000000000000000000000010000000001011100000
100000000000000000000000000000000000000000000000000000000000000000100000000001101000
100000000000000000000000000000000000000000000000000000000000000001000000000111110000
100000000000000000000000000000000000000000000000000000000000000001100000001101111000
000000000000000000000000000000000000000000000000000000000000000010000000000100000000
000000000000000000000000000000000000000000000000000000000000000000100000001010001000
000000000000000000000000000000000000000000000000000000000000000001000000000000010000
000000000000000000000000000000000000000000000000000000000000000001100000000110011000
000000000000000000000000000000000000000000000000000000000000000010000000001100100000
000000000000000000000000000000000000000000000000000000000000000000100000000010101000
000000000000000000000000000000000000000000000000000000000000000001000000001000110000
100000000000000000000000000000000000000000000000000000000000000001100000001110111000
100000000000000000000000000000000000000000000000000000000000000010000000000101000000
100000000000000000000000000000000000000000000000000000000000000000100000001011001000
000000000000000000000000000000000000000000000000000000000000000001000000000001010000
000000000000000000000000000000000000000000000000000000000000000001100000000111011000
000000000000000000000000000000000000000000000000000000000000000010000000001101100000
000000000000000000000000000000000000000000000000000000000000000000100000000011101000
000000000000000000000000000000000000000000000000000000000000000001000000001001110000
100000000000000000000000000000000000000000000000000000000000000001100000001111111000
100000000000000000000000000000000000000000000000000000000000000010000000000110000000
100000000000000000000000000000000000000000000000000000000000000000100000001100001000
000000000000000000000000000000000000000000000000000000000000000001000000000010010000
000000000000000000000000000000000000000000000000000000000000000001100000001000011000
000000000000000000000000000000000000000000000000000000000000000010000000001110100000
000000000000000000000000000000000000000000000000000000000000000000100000000100101000
000000000000000000000000000000000000000000000000000000000000000001000000001010110000
100000000000000000000000000000000000000000000000000000000000000001100000000000111000
100000000000000000000000000000000000000000000000000000000000000010000000000111000000
100000000000000000000000000000000000000000000000000000000000000000100000001101001000
000000000000000000000000000000000000000000000000000000000000000001000000000011010000
000000000000000000000000000000000000000000000000000000000000000001100000001001011000
000000000000000000000000000000000000000000000000000000000000000010000000001111100000
000000000000000000000000000000000000000000000000000000000000000000100000000101101000
000000000000000000000000000000000000000000000000000000000000000001000000001011110000
000000000000000000000000000000000000000000000000000000000000000001100000000001111000
000000000000000000000000000000000000000000000000000000000000000010000000001000000000
100000000000000000000000000000000000000000000000000000000000000000100000001110001000
100000000000000000000000000000000000000000000000000000000000000001000000000100010000
100000000000000000000000000000000000000000000000000000000000000001100000001010011000
000000000000000000000000000000000000000000000000000000000000000010000000000000100000
000000000000000000000000000000000000000000000000000000000000000000100000000110101000
000000000000000000000000000000000000000000000000000000000000000001000000001100110000
000000000000000000000000000000000000000000000000000000000000000001100000000010111000
000000000000000000000000000000000000000000000000000000000000000010000000001001000000
100000000000000000000000000000000000000000000000000000000000000000100000001111001000
100000000000000000000000000000000000000000000000000000000000000001000000000101010000
100000000000000000000000000000000000000000000000000000000000000001100000001011011000
000000000000000000000000000000000000000000000000000000000000000010000000000001100000
000000000000000000000000000000000000000000000000000000000000000000100000000111101000
000000000000000000000000000000000000000000000000000000000000000001000000001101110000
000000000000000000000000000000000000000000000000000000000000000001100000000011111000
000000000000000000000000000000000000000000000000000000000000000010000000001010000000
100000000000000000000000000000000000000000000000000000000000000000100000000000001000
100000000000000000000000000000000000000000000000000000000000000001000000000110010000
100000000000000000000000000000000000000000000000000000000000000001100000001100011000
000000000000000000000000000000000000000000000000000000000000000010000000000010100000
000000000000000000000000000000000000000000000000000000000000000000100000001000101000
000000000000000000000000000000000000000000000000000000000000000001000000001110110000
000000000000000000000000000000000000000000000000000000000000000001100000000100111000
000000000000000000000000000000000000000000000000000000000000000010000000001011000000
000000000000000000000000000000000000000000000000000000000000000000100000000001001000
000000000000000000000000000000000000000000000000000000000000000001000000000111010000
100000000000000000000000000000000000000000000000000000000000000001100000001101011000
100000000000000000000000000000000000000000000000000000000000000010000000000011100000
100000000000000000000000000000000000000000000000000000000000000000100000001001101000
000000000000000000000000000000000000000000000000000000000000000001000000001111110000
000000000000000000000000000000000000000000000000000000000000000001100000000101111000
000000000000000000000000000000000000000000000000000000000000000010000000001100000000
000000000000000000000000000000000000000000000000000000000000000000100000000010001000
000000000000000000000000000000000000000000000000000000000000000001000000001000010000
100000000000000000000000000000000000000000000000000000000000000001100000001110011000
100000000000000000000000000000000000000000000000000000000000000010000000000100100000
100000000000000000000000000000000000000000000000000000000000000000100000001010101000
000000000000000000000000000000000000000000000000000000000000000001000000000000110000
000000000000000000000000000000000000000000000000000000000000000001100000000110111000
000000000000000000000000000000000000000000000000000000000000000010000000001101000000
000000000000000000000000000000000000000000000000000000000000000000100000000011001000
000000000000000000000000000000000000000000000000000000000000000001000000001001010000
100000000000000000000000000000000000000000000000000000000000000001100000001111011000
100000000000000000000000000000000000000000000000000000000000000010000000000101100000
100000000000000000000000000000000000000000000000000000000000000000100000001011101000
000000000000000000000000000000000000000000000000000000000000000001000000000001110000
000000000000000000000000000000000000000000000000000000000000000001100000000111111000
000000000000000000000000000000000000000000000000000000000000000010000000001110000000
000000000000000000000000000000000000000000000000000000000000000000100000000100001000
000000000000000000000000000000000000000000000000000000000000000001000000001010010000
000000000000000000000000000000000000000000000000000000000000000001100000000000011000
000000000000000000000000000000000000000000000000000000000000000010000000000110100000
100000000000000000000000000000000000000000000000000000000000000000100000001100101000
100000000000000000000000000000000000000000000000000000000000000001000000000010110000
100000000000000000000000000000000000000000000000000000000000000001100000001000111000
000000000000000000000000000000000000000000000000000000000000000010000000001111000000
000000000000000000000000000000000000000000000000000000000000000000100000000101001000
000000000000000000000000000000000000000000000000000000000000000001000000001011010000
000000000000000000000000000000000000000000000000000000000000000001100000000001011000
000000000000000000000000000000000000000000000000000000000000000010000000000111100000
100000000000000000000000000000000000000000000000000000000000000000100000001101101000
100000000000000000000000000000000000000000000000000000000000000001000000000011110000
100000000000000000000000000000000000000000000000000000000000000001100000001001111000
000000000000000000000000000000000000000000000000000000000000000010000000000000000000
000000000000000000000000000000000000000000000000000000000000000000100000000110001000
000000000000000000000000000000000000000000000000000000000000000001000000001100010000
000000000000000000000000000000000000000000000000000000000000000001100000000010011000
000000000000000000000000000000000000000000000000000000000000000010000000001000100000
100000000000000000000000000000000000000000000000000000000000000000100000001110101000
100000000000000000000000000000000000000000000000000000000000000001000000000100110000
100000000000000000000000000000000000000000000000000000000000000001100000001010111000
000000000000000000000000000000000000000000000000000000000000000010000000000001000000
000000000000000000000000000000000000000000000000000000000000000000100000000111001000
000000000000000000000000000000000000000000000000000000000000000001000000001101010000
000000000000000000000000000000000000000000000000000000000000000001100000000011011000
000000000000000000000000000000000000000000000000000000000000000010000000001001100000
000000000000000000000000000000000000000000000000000000000000000000100000001111101000
000000000000000000000000000000000000000000000000000000000000000001000000000101110000
100000000000000000000000000000000000000000000000000000000000000001100000001011111000
100000000000000000000000000000000000000000000000000000000000000010000000000010000000
100000000000000000000000000000000000000000000000000000000000000000100000001000001000
000000000000000000000000000000000000000000000000000000000000000001000000001110010000
000000000000000000000000000000000000000000000000000000000000000001100000000100011000
000000000000000000000000000000000000000000000000000000000000000010000000001010100000
000000000000000000000000000000000000000000000000000000000000000000100000000000101000
000000000000000000000000000000000000000000000000000000000000000001000000000110110000
100000000000000000000000000000000000000000000000000000000000000001100000001100111000
100000000000000000000000000000000000000000000000000000000000000010000000000011000000
100000000000000000000000000000000000000000000000000000000000000000100000001001001000
000000000000000000000000000000000000000000000000000000000000000001000000001111010000
000000000000000000000000000000000000000000000000000000000000000001100000000101011000
000000000000000000000000000000000000000000000000000000000000000010000000001011100000
000000000000000000000000000000000000000000000000000000000000000000100000000001101000
000000000000000000000000000000000000000000000000000000000000000001000000000111110000
100000000000000000000000000000000000000000000000000000000000000001100000001101111000
100000000000000000000000000000000000000000000000000000000000000010000000000100000000
100000000000000000000000000000000000000000000000000000000000000000100000001010001000
000000000000000000000000000000000000000000000000000000000000000001000000000000010000
000000000000000000000000000000000000000000000000000000000000000001100000000110011000
000000000000000000000000000000000000000000000000000000000000000010000000001100100000
000000000000000000000000000000000000000000000000000000000000000000100000000010101000
000000000000000000000000000000000000000000000000000000000000000001000000001000110000
000000000000000000000000000000000000000000000000000000000000000001100000001110111000
000000000000000000000000000000000000000000000000000000000000000010000000000101000000
100000000000000000000000000000000000000000000000000000000000000000100000001011001000
100000000000000000000000000000000000000000000000000000000000000001000000000001010000
100000000000000000000000000000000000000000000000000000000000000001100000000111011000
000000000000000000000000000000000000000000000000000000000000000010000000001101100000
000000000000000000000000000000000000000000000000000000000000000000100000000011101000
000000000000000000000000000000000000000000000000000000000000000001000000001001110000
000000000000000000000000000000000000000000000000000000000000000001100000001111111000
000000000000000000000000000000000000000000000000000000000000000010000000000110000000
100000000000000000000000000000000000000000000000000000000000000000100000001100001000
100000000000000000000000000000000000000000000000000000000000000001000000000010010000
100000000000000000000000000000000000000000000000000000000000000001100000001000011000
000000000000000000000000000000000000000000000000000000000000000010000000001110100000
000000000000000000000000000000000000000000000000000000000000000000100000000100101000
000000000000000000000000000000000000000000000000000000000000000001000000001010110000
000000000000000000000000000000000000000000000000000000000000000001100000000000111000
000000000000000000000000000000000000000000000000000000000000000010000000000111000000
100000000000000000000000000000000000000000000000000000000000000000100000001101001000
100000000000000000000000000000000000000000000000000000000000000001000000000011010000
100000000000000000000000000000000000000000000000000000000000000001100000001001011000
000000000000000000000000000000000000000000000000000000000000000010000000001111100000
000000000000000000000000000000000000000000000000000000000000000000100000000101101000
000000000000000000000000000000000000000000000000000000000000000001000000001011110000
000000000000000000000000000000000000000000000000000000000000000001100000000001111000
000000000000000000000000000000000000000000000000000000000000000010000000001000000000
000000000000000000000000000000000000000000000000000000000000000000100000001110001000
000000000000000000000000000000000000000000000000000000000000000001000000000100010000
100000000000000000000000000000000000000000000000000000000000000001100000001010011000
100000000000000000000000000000000000000000000000000000000000000010000000000000100000
100000000000000000000000000000000000000000000000000000000000000000100000000110101000
000000000000000000000000000000000000000000000000000000000000000001000000001100110000
000000000000000000000000000000000000000000000000000000000000000001100000000010111000
000000000000000000000000000000000000000000000000000000000000000010000000001001000000
000000000000000000000000000000000000000000000000000000000000000000100000001111001000
000000000000000000000000000000000000000000000000000000000000000001000000000101010000
100000000000000000000000000000000000000000000000000000000000000001100000001011011000
100000000000000000000000000000000000000000000000000000000000000010000000000001100000
100000000000000000000000000000000000000000000000000000000000000000100000000111101000
000000000000000000000000000000000000000000000000000000000000000001000000001101110000
000000000000000000000000000000000000000000000000000000000000000001100000000011111000
000000000000000000000000000000000000000000000000000000000000000010000000001010000000
000000000000000000000000000000000000000000000000000000000000000000100000000000001000
000000000000000000000000000000000000000000000000000000000000000001000000000110010000
100000000000000000000000000000000000000000000000000000000000000001100000001100011000
100000000000000000000000000000000000000000000000000000000000000010000000000010100000
100000000000000000000000000000000000000000000000000000000000000000100000001000101000
000000000000000000000000000000000000000000000000000000000000000001000000001110110000
000000000000000000000000000000000000000000000000000000000000000001100000000100111000
000000000000000000000000000000000000000000000000000000000000000010000000001011000000
000000000000000000000000000000000000000000000000000000000000000000100000000001001000
000000000000000000000000000000000000000000000000000000000000000001000000000111010000
000000000000000000000000000000000000000000000000000000000000000001100000001101011000
000000000000000000000000000000000000000000000000000000000000000010000000000011100000
100000000000000000000000000000000000000000000000000000000000000000100000001001101000
100000000000000000000000000000000000000000000000000000000000000001000000001111110000
100000000000000000000000000000000000000000000000000000000000000001100000000101111000
000000000000000000000000000000000000000000000000000000000000000010000000001100000000
000000000000000000000000000000000000000000000000000000000000000000100000000010001000
000000000000000000000000000000000000000000000000000000000000000001000000001000010000
000000000000000000000000000000000000000000000000000000000000000001100000001110011000
000000000000000000000000000000000000000000000000000000000000000010000000000100100000
100000000000000000000000000000000000000000000000000000000000000000100000001010101000
100000000000000000000000000000000000000000000000000000000000000001000000000000110000
100000000000000000000000000000000000000000000000000000000000000001100000000110111000
000000000000000000000000000000000000000000000000000000000000000010000000001101000000
000000000000000000000000000000000000000000000000000000000000000000100000000011001000
000000000000000000000000000000000000000000000000000000000000000001000000001001010000
000000000000000000000000000000000000000000000000000000000000000001100000001111011000
000000000000000000000000000000000000000000000000000000000000000010000000000101100000
100000000000000000000000000000000000000000000000000000000000000000100000001011101000
100000000000000000000000000000000000000000000000000000000000000001000000000001110000
100000000000000000000000000000000000000000000000000000000000000001100000000111111000
000000000000000000000000000000000000000000000000000000000000000010000000001110000000
000000000000000000000000000000000000000000000000000000000000000000100000000100001000
000000000000000000000000000000000000000000000000000000000000000001000000001010010000
000000000000000000000000000000000000000000000000000000000000000001100000000000011000
000000000000000000000000000000000000000000000000000000000000000010000000000110100000
000000000000000000000000000000000000000000000000000000000000000000100000001100101000
000000000000000000000000000000000000000000000000000000000000000001000000000010110000
100000000000000000000000000000000000000000000000000000000000000001100000001000111000
100000000000000000000000000000000000000000000000000000000000000010000000001111000000
100000000000000000000000000000000000000000000000000000000000000000100000000101001000
000000000000000000000000000000000000000000000000000000000000000001000000001011010000
000000000000000000000000000000000000000000000000000000000000000001100000000001011000
000000000000000000000000000000000000000000000000000000000000000010000000000111100000
000000000000000000000000000000000000000000000000000000000000000000100000001101101000
000000000000000000000000000000000000000000000000000000000000000001000000000011110000
100000000000000000000000000000000000000000000000000000000000000001100000001001111000
100000000000000000000000000000000000000000000000000000000000000010000000000000000000
100000000000000000000000000000000000000000000000000000000000000000100000000110001000
000000000000000000000000000000000000000000000000000000000000000001000000001100010000
000000000000000000000000000000000000000000000000000000000000000001100000000010011000
000000000000000000000000000000000000000000000000000000000000000010000000001000100000
000000000000000000000000000000000000000000000000000000000000000000100000001110101000
000000000000000000000000000000000000000000000000000000000000000001000000000100110000
100000000000000000000000000000000000000000000000000000000000000001100000001010111000
100000000000000000000000000000000000000000000000000000000000000010000000000001000000
100000000000000000000000000000000000000000000000000000000000000000100000000111001000
000000000000000000000000000000000000000000000000000000000000000001000000001101010000
000000000000000000000000000000000000000000000000000000000000000001100000000011011000
000000000000000000000000000000000000000000000000000000000000000010000000001001100000
000000000000000000000000000000000000000000000000000000000000000000100000001111101000
000000000000000000000000000000000000000000000000000000000000000001000000000101110000
000000000000000000000000000000000000000000000000000000000000000001100000001011111000
000000000000000000000000000000000000000000000000000000000000000010000000000010000000
100000000000000000000000000000000000000000000000000000000000000000100000001000001000
100000000000000000000000000000000000000000000000000000000000000001000000001110010000
100000000000000000000000000000000000000000000000000000000000000001100000000100011000
000000000000000000000000000000000000000000000000000000000000000010000000001010100000
000000000000000000000000000000000000000000000000000000000000000000100000000000101000
000000000000000000000000000000000000000000000000000000000000000001000000000110110000
000000000000000000000000000000000000000000000000000000000000000001100000001100111000
000000000000000000000000000000000000000000000000000000000000000010000000000011000000
100000000000000000000000000000000000000000000000000000000000000000100000001001001000
100000000000000000000000000000000000000000000000000000000000000001000000001111010000
100000000000000000000000000000000000000000000000000000000000000001100000000101011000
000000000000000000000000000000000000000000000000000000000000000010000000001011100000
000000000000000000000000000000000000000000000000000000000000000000100000000001101000
000000000000000000000000000000000000000000000000000000000000000001000000000111110000
000000000000000000000000000000000000000000000000000000000000000001100000001101111000
000000000000000000000000000000000000000000000000000000000000000010000000000100000000
100000000000000000000000000000000000000000000000000000000000000000100000001010001000
100000000000000000000000000000000000000000000000000000000000000001000000000000010000
100000000000000000000000000000000000000000000000000000000000000001100000000110011000
000000000000000000000000000000000000000000000000000000000000000010000000001100100000
000000000000000000000000000000000000000000000000000000000000000000100000000010101000
000000000000000000000000000000000000000000000000000000000000000001000000001000110000
000000000000000000000000000000000000000000000000000000000000000001100000001110111000
000000000000000000000000000000000000000000000000000000000000000010000000000101000000
000000000000000000000000000000000000000000000000000000000000000000100000001011001000
000000000000000000000000000000000000000000000000000000000000000001000000000001010000
100000000000000000000000000000000000000000000000000000000000000001100000000111011000
100000000000000000000000000000000000000000000000000000000000000010000000001101100000
100000000000000000000000000000000000000000000000000000000000000000100000000011101000
000000000000000000000000000000000000000000000000000000000000000001000000001001110000
000000000000000000000000000000000000000000000000000000000000000001100000001111111000
000000000000000000000000000000000000000000000000000000000000000010000000000110000000
000000000000000000000000000000000000000000000000000000000000000000100000001100001000
000000000000000000000000000000000000000000000000000000000000000001000000000010010000
100000000000000000000000000000000000000000000000000000000000000001100000001000011000
100000000000000000000000000000000000000000000000000000000000000010000000001110100000
100000000000000000000000000000000000000000000000000000000000000000100000000100101000
000000000000000000000000000000000000000000000000000000000000000001000000001010110000
000000000000000000000000000000000000000000000000000000000000000001100000000000111000
000000000000000000000000000000000000000000000000000000000000000010000000000111000000
000000000000000000000000000000000000000000000000000000000000000000100000001101001001
000000000000000000000000000000000000000000000000000000000000000001000000000011010001
000000000000000000000000000000000000000000000000000000000000000001100000001001011001
000000000000000000000000000000000000000000000000000000000000000010000000001111100001
000000000001000000000000000000000000000000000000000000000000000000100000000101101000
000000000001111111111111111111111111111111111111111111111111111101000000001011110000
000000000010000000000000000000000000000000000000000000000000000001100000000001111000
000000000010111111111111111111111111111111111111111111111111111110000000001000000000
010000000000111111111111111111111111111111111111111111111111111100100000001110001000
011111111111000000000000000000000000000000000000000000000000000001000000000100010000
011111111111100000000000000000000000000000000000000000000000000001100000001010011000
011111111111100000000000000000000000000000000000000000000000000010000000000000100000
100000000000000000000000000000000000000000000000000000000000000000100000000110101000
100000000000000000000000000000000000000000000000000000000000000001000000001100110000
100000000000000000000000000000000000000000000000000000000000000001100000000010111001
100000000000000000000000000000000000000000000000000000000000000010000000001001000001
100000000000000000000000000000000000000000000000000000000000000000100000001111001001
100000000001000000000000000000000000000000000000000000000000000001000000000101010000
100000000001111111111111111111111111111111111111111111111111111101100000001011011000
100000000010000000000000000000000000000000000000000000000000000010000000000001100000
100000000010111111111111111111111111111111111111111111111111111100100000000111101000
110000000000111111111111111111111111111111111111111111111111111101000000001101110000
111111111111000000000000000000000000000000000000000000000000000001100000000011111000
011111111111100000000000000000000000000000000000000000000000000010000000001010000000
011111111111100000000000000000000000000000000000000000000000000000100000000000001000
000000000000000000000000000000000000000000000000000000000000000001000000000110010000
000000000000000000000000000000000000000000000000000000000000000001100000001100011001
000000000000000000000000000000000000000000000000000000000000000010000000000010100001
000000000000000000000000000000000000000000000000000000000000000000100000001000101001
000000000001000000000000000000000000000000000000000000000000000001000000001110110000
000000000001000000000000000000000000000000000000000000000000000101100000000100111000
000000000010000000000000000000000000000000000000000000000000000010000000001011000000
000000000011000000000000000000000000000000000000000000000000000000100000000001001000
100000000000000000000000000000000000000000000000000000000000000001000000000111010000
100000000000000000000000000000000000000000000000000000000000000001100000001101011001
100000000001000000000000000000000000000000000000000000000000000010000000000011100000
100000000001000000000000000000000000000000000000000000000000000100100000001001101000
100000000010000000000000000000000000000000000000000000000000000001000000001111110000
100000000011000000000000000000000000000000000000000000000000000001100000000101111000
000000000000000000000000000000000000000000000000000000000000000010000000001100000000
000000000000000000000000000000000000000000000000000000000000000000100000000010001001
000000000000000000000000000000000000000000000000000000000000000001000000001000010001
000000000000000000000000000000000000000000000000000000000000000001100000001110011001
000000000001000000000000000000000000000000000000000000000000001010000000000100100000
100000000000000000000000000000000000000000000000000000000000000000100000001010101000
100000000000000000000000000000000000000000000000000000000000000001000000000000110001
100000000001000000000000000000000000000000000000000000000000001001100000000110111000
000000000000000000000000000000000000000000000000000000000000000010000000001101000001
000000000000000000000000000000000000000000000000000000000000000000100000000011001001
000000000000000000000000000000000000000000000000000000000000000001000000001001010000
000000000000000000000000000000000000000000000000000000000000000001100000001111011001
000000000000000000000000000000000000000000000000000000000000000010000000000101100001
000000000000000000000000000000000000000000000000000000000000000000100000001011101001
000000000001011111111111111111111111111111111111111111111111111101000000000001110000
100000000000000000000000000000000000000000000000000000000000000001100000000111111000
100000000000000000000000000000000000000000000000000000000000000010000000001110000001
100000000001011111111111111111111111111111111111111111111111111100100000000100001000
000000000000000000000000000000000000000000000000000000000000000001000000001010010000
000000000000000000000000000000000000000000000000000000000000000001100000000000011001
000000000000000000000000000000000000000000000000000000000000000010000000000110100001
000000000000000000000000000000000000000000000000000000000000000000100000001100101001
000000000001100000000000000000000000000000000000000000000000000001000000000010110000
100000000000000000000000000000000000000000000000000000000000000001100000001000111000
100000000000000000000000000000000000000000000000000000000000000010000000001111000001
100000000001100000000000000000000000000000000000000000000000000000100000000101001000
000000000000000000000000000000000000000000000000000000000000000001000000001011010000
000000000000000000000000000000000000000000000000000000000000000001100000000001011001
000000000000000000000000000000000000000000000000000000000000000010000000000111100001
000000000000000000000000000000000000000000000000000000000000000000100000001101101001
000000000001100000000000000000000000000000000000000000000000000101000000000011110000
100000000000000000000000000000000000000000000000000000000000000001100000001001111000
100000000000000000000000000000000000000000000000000000000000000010000000000000000001
100000000001100000000000000000000000000000000000000000000000000100100000000110001000
000000000000000000000000000000000000000000000000000000000000000001000000001100010001
000000000000000000000000000000000000000000000000000000000000000001100000000010011001
000000000000000000000000000000000000000000000000000000000000000010000000001000100000
000000000000000000000000000000000000000000000000000000000000000000100000001110101001
000000000000000000000000000000000000000000000000000000000000000001000000000100110001
000000000000000000000000000000000000000000000000000000000000000001100000001010111001
000000000001111111111111111111111111111111111111111111111111111010000000000001000000
100000000000000000000000000000000000000000000000000000000000000000100000000111001000
100000000000000000000000000000000000000000000000000000000000000001000000001101010001
100000000001111111111111111111111111111111111111111111111111111001100000000011011000
000000000000000000000000000000000000000000000000000000000000000010000000001001100000
000000000000000000000000000000000000000000000000000000000000000000100000001111101001
000000000000000000000000000000000000000000000000000000000000000001000000000101110001
000000000000000000000000000000000000000000000000000000000000000001100000001011111001
000000000001000000000000000000000000000000000000000000000000000010000000000010000000
000000000001111111111111111111111111111111111111111111111111111000100000001000001000
000000000001111111111111111111111111111111111111111111111111111101000000001110010000
000000000010000000000000000000000000000000000000000000000000000001100000000100011000
000000000010111111111111111111111111111111111111111111111111111010000000001010100000
000000000011000000000000000000000000000000000000000000000000000000100000000000101000
000000000011111111111111111111111111111111111111111111111111111001000000000110110000
100000000000000000000000000000000000000000000000000000000000000001100000001100111000
100000000000000000000000000000000000000000000000000000000000000010000000000011000001
100000000001000000000000000000000000000000000000000000000000000000100000001001001000
100000000001111111111111111111111111111111111111111111111111111001000000001111010000
100000000001111111111111111111111111111111111111111111111111111101100000000101011000
100000000010000000000000000000000000000000000000000000000000000010000000001011100000
100000000010111111111111111111111111111111111111111111111111111000100000000001101000
100000000011000000000000000000000000000000000000000000000000000001000000000111110000
100000000011111111111111111111111111111111111111111111111111111001100000001101111000
000000000000000000000000000000000000000000000000000000000000000010000000000100000000
000000000000000000000000000000000000000000000000000000000000000000100000001010001001
000000000000000000000000000000000000000000000000000000000000000001000000000000010001
000000000000000000000000000000000000000000000000000000000000000001100000000110011001
000000000000000000000000000000000000000000000000000000000000000010000000001100100001
000000000000000000000000000000000000000000000000000000000000000000100000000010101001
000000000001000000000000000000000000000000000000000000000000000001000000001000110000
000000000001111111111111111111111111111111111111111111111111111101100000001110111000
000000000010000000000000000000000000000000000000000000000000000010000000000101000000
000000000010111111111111111111111111111111111111111111111111111100100000001011001000
100000000000000000000000000000000000000000000000000000000000000001000000000001010000
100000000000000000000000000000000000000000000000000000000000000001100000000111011001
100000000000000000000000000000000000000000000000000000000000000010000000001101100001
100000000000000000000000000000000000000000000000000000000000000000100000000011101001
100000000001000000000000000000000000000000000000000000000000000001000000001001110000
100000000001111111111111111111111111111111111111111111111111111101100000001111111000
100000000010000000000000000000000000000000000000000000000000000010000000000110000000
100000000010111111111111111111111111111111111111111111111111111100100000001100001000
000000000000000000000000000000000000000000000000000000000000000001000000000010010000
000000000000000000000000000000000000000000000000000000000000000001100000001000011001
000000000000000000000000000000000000000000000000000000000000000010000000001110100001
000000000000000000000000000000000000000000000000000000000000000000100000000100101001
000000000001000000000000000000000000000000000000000000000000000001000000001010110000
000000000010000000000000000000000000000000000000000000000000000001100000000000111000
000000000010000000000000000000000000000000000000000000000000000110000000000111000000
000000000011000000000000000000000000000000000000000000000000000000100000001101001000
100000000000000000000000000000000000000000000000000000000000000001000000000011010000
100000000000000000000000000000000000000000000000000000000000000001100000001001011001
100000000001000000000000000000000000000000000000000000000000000010000000001111100000
100000000010000000000000000000000000000000000000000000000000000000100000000101101000
100000000010000000000000000000000000000000000000000000000000000101000000001011110000
100000000011000000000000000000000000000000000000000000000000000001100000000001111000
000000000000000000000000000000000000000000000000000000000000000010000000001000000000
000000000000000000000000000000000000000000000000000000000000000000100000001110001001
000000000000000000000000000000000000000000000000000000000000000001000000000100010001
000000000000000000000000000000000000000000000000000000000000000001100000001010011001
000000000010000000000000000000000000000000000000000000000000001010000000000000100000
100000000000000000000000000000000000000000000000000000000000000000100000000110101000
100000000000000000000000000000000000000000000000000000000000000001000000001100110001
100000000010000000000000000000000000000000000000000000000000001001100000000010111000
000000000000000000000000000000000000000000000000000000000000000010000000001001000001
000000000000000000000000000000000000000000000000000000000000000000100000001111001001
000000000000000000000000000000000000000000000000000000000000000001000000000101010000
000000000000000000000000000000000000000000000000000000000000000001100000001011011001
000000000000000000000000000000000000000000000000000000000000000010000000000001100001
000000000000000000000000000000000000000000000000000000000000000000100000000111101001
000000000010011111111111111111111111111111111111111111111111111101000000001101110000
100000000000000000000000000000000000000000000000000000000000000001100000000011111000
100000000000000000000000000000000000000000000000000000000000000010000000001010000001
100000000010011111111111111111111111111111111111111111111111111100100000000000001000
000000000000000000000000000000000000000000000000000000000000000001000000000110010000
000000000000000000000000000000000000000000000000000000000000000001100000001100011001
000000000000000000000000000000000000000000000000000000000000000010000000000010100001
000000000000000000000000000000000000000000000000000000000000000000100000001000101001
000000000010100000000000000000000000000000000000000000000000000001000000001110110000
100000000000000000000000000000000000000000000000000000000000000001100000000100111000
100000000000000000000000000000000000000000000000000000000000000010000000001011000001
100000000010100000000000000000000000000000000000000000000000000000100000000001001000
000000000000000000000000000000000000000000000000000000000000000001000000000111010000
000000000000000000000000000000000000000000000000000000000000000001100000001101011001
000000000000000000000000000000000000000000000000000000000000000010000000000011100001
000000000000000000000000000000000000000000000000000000000000000000100000001001101001
000000000010100000000000000000000000000000000000000000000000000101000000001111110000
100000000000000000000000000000000000000000000000000000000000000001100000000101111000
100000000000000000000000000000000000000000000000000000000000000010000000001100000001
100000000010100000000000000000000000000000000000000000000000000100100000000010001000
000000000000000000000000000000000000000000000000000000000000000001000000001000010001
000000000000000000000000000000000000000000000000000000000000000001100000001110011001
000000000000000000000000000000000000000000000000000000000000000010000000000100100000
000000000000000000000000000000000000000000000000000000000000000000100000001010101001
000000000000000000000000000000000000000000000000000000000000000001000000000000110001
000000000000000000000000000000000000000000000000000000000000000001100000000110111001
000000000010111111111111111111111111111111111111111111111111111010000000001101000000
100000000000000000000000000000000000000000000000000000000000000000100000000011001000
100000000000000000000000000000000000000000000000000000000000000001000000001001010001
100000000010111111111111111111111111111111111111111111111111111001100000001111011000
000000000000000000000000000000000000000000000000000000000000000010000000000101100000
000000000000000000000000000000000000000000000000000000000000000000100000001011101001
000000000000000000000000000000000000000000000000000000000000000001000000000001110001
000000000000000000000000000000000000000000000000000000000000000001100000000111111001
000000000001000000000000000000000000000000000000000000000000000010000000001110000000
000000000001111111111111111111111111111111111111111111111111111000100000000100001000
000000000010000000000000000000000000000000000000000000000000000001000000001010010000
000000000010111111111111111111111111111111111111111111111111111001100000000000011000
000000000010111111111111111111111111111111111111111111111111111110000000000110100000
000000000011000000000000000000000000000000000000000000000000000000100000001100101000
000000000011111111111111111111111111111111111111111111111111111001000000000010110000
100000000000000000000000000000000000000000000000000000000000000001100000001000111000
100000000000000000000000000000000000000000000000000000000000000010000000001111000001
100000000001000000000000000000000000000000000000000000000000000000100000000101001000
100000000001111111111111111111111111111111111111111111111111111001000000001011010000
100000000010000000000000000000000000000000000000000000000000000001100000000001011000
100000000010111111111111111111111111111111111111111111111111111010000000000111100000
100000000010111111111111111111111111111111111111111111111111111100100000001101101000
100000000011000000000000000000000000000000000000000000000000000001000000000011110000
100000000011111111111111111111111111111111111111111111111111111001100000001001111000
000000000000000000000000000000000000000000000000000000000000000010000000000000000001
000000000000000000000000000000000000000000000000000000000000000000100000000110001001
000000000000000000000000000000000000000000000000000000000000000001000000001100010000
000000000000000000000000000000000000000000000000000000000000000001100000000010011001
000000000000000000000000000000000000000000000000000000000000000010000000001000100001
000000000000000000000000000000000000000000000000000000000000000000100000001110101001
000000000011111111111111111111111111111111111111111111111111111101000000000100110000
100000000000000000000000000000000000000000000000000000000000000001100000001010111000
100000000000000000000000000000000000000000000000000000000000000010000000000001000001
100000000011111111111111111111111111111111111111111111111111111100100000000111001000
000000000000000000000000000000000000000000000000000000000000000001000000001101010000
000000000000000000000000000000000000000000000000000000000000000001100000000011011001
000000000000000000000000000000000000000000000000000000000000000010000000001001100001
000000000000000000000000000000000000000000000000000000000000000000100000001111101001
000000000100000000000000000000000000000000000000000000000000000001000000000101110000
100000000000000000000000000000000000000000000000000000000000000001100000001011111000
100000000000000000000000000000000000000000000000000000000000000010000000000010000001
100000000100000000000000000000000000000000000000000000000000000000100000001000001000
000000000000000000000000000000000000000000000000000000000000000001000000001110010000
000000000000000000000000000000000000000000000000000000000000000001100000000100011001
000000000000000000000000000000000000000000000000000000000000000010000000001010100001
000000000000000000000000000000000000000000000000000000000000000000100000000000101001
000000000100000000000000000000000000000000000000000000000000000101000000000110110000
100000000000000000000000000000000000000000000000000000000000000001100000001100111000
100000000000000000000000000000000000000000000000000000000000000010000000000011000001
100000000100000000000000000000000000000000000000000000000000000100100000001001001000
000000000000000000000000000000000000000000000000000000000000000001000000001111010001
000000000000000000000000000000000000000000000000000000000000000001100000000101011001
000000000000000000000000000000000000000000000000000000000000000010000000001011100000
000000000000000000000000000000000000000000000000000000000000000000100000000001101001
000000000000000000000000000000000000000000000000000000000000000001000000000111110001
000000000000000000000000000000000000000000000000000000000000000001100000001101111001
000000000111111111111111111111111111111111111111111111111111111110000000000100000000
100000000000000000000000000000000000000000000000000000000000000000100000001010001000
100000000000000000000000000000000000000000000000000000000000000001000000000000010001
100000000111111111111111111111111111111111111111111111111111111101100000000110011000
000000000000000000000000000000000000000000000000000000000000000010000000001100100000
000000000000000000000000000000000000000000000000000000000000000000100000000010101001
000000000000000000000000000000000000000000000000000000000000000001000000001000110001
000000000000000000000000000000000000000000000000000000000000000001100000001110111001
000000001000000000000000000000000000000000000000000000000000000010000000000101000000
100000000000000000000000000000000000000000000000000000000000000000100000001011001000
100000000000000000000000000000000000000000000000000000000000000001000000000001010001
100000001000000000000000000000000000000000000000000000000000000001100000000111011000
000000000000000000000000000000000000000000000000000000000000000010000000001101100000
000000000000000000000000000000000000000000000000000000000000000000100000000011101001
000000000000000000000000000000000000000000000000000000000000000001000000001001110001
000000000000000000000000000000000000000000000000000000000000000001100000001111111001
000000001000000000000000000000000000000000000000000000000000000110000000000110000000
100000000000000000000000000000000000000000000000000000000000000000100000001100001000
100000000000000000000000000000000000000000000000000000000000000001000000000010010001
100000001000000000000000000000000000000000000000000000000000000101100000001000011000
000000000000000000000000000000000000000000000000000000000000000010000000001110100001
000000000000000000000000000000000000000000000000000000000000000000100000000100101001
000000000000000000000000000000000000000000000000000000000000000001000000001010110000
000000000000000000000000000000000000000000000000000000000000000001100000000000111001
000000000000000000000000000000000000000000000000000000000000000010000000000111000001
000000000000000000000000000000000000000000000000000000000000000000100000001101001001
000000001111111111111111111111111111111111111111111111111111111101000000000011010000
100000000000000000000000000000000000000000000000000000000000000001100000001001011000
100000000000000000000000000000000000000000000000000000000000000010000000001111100001
100000001111111111111111111111111111111111111111111111111111111100100000000101101000
000000000000000000000000000000000000000000000000000000000000000001000000001011110000
000000000000000000000000000000000000000000000000000000000000000001100000000001111001
000000000000000000000000000000000000000000000000000000000000000010000000001000000001
000000000000000000000000000000000000000000000000000000000000000000100000001110001001
000000010000000000000000000000000000000000000000000000000000000001000000000100010000
100000000000000000000000000000000000000000000000000000000000000001100000001010011000
100000000000000000000000000000000000000000000000000000000000000010000000000000100001
100000010000000000000000000000000000000000000000000000000000000000100000000110101000
000000000000000000000000000000000000000000000000000000000000000001000000001100110000
000000000000000000000000000000000000000000000000000000000000000001100000000010111001
000000000000000000000000000000000000000000000000000000000000000010000000001001000001
000000000000000000000000000000000000000000000000000000000000000000100000001111001001
000000010000000000000000000000000000000000000000000000000000000101000000000101010000
100000000000000000000000000000000000000000000000000000000000000001100000001011011000
100000000000000000000000000000000000000000000000000000000000000010000000000001100001
100000010000000000000000000000000000000000000000000000000000000100100000000111101000
000000000000000000000000000000000000000000000000000000000000000001000000001101110001
000000000000000000000000000000000000000000000000000000000000000001100000000011111001
000000000000000000000000000000000000000000000000000000000000000010000000001010000000
000000000000000000000000000000000000000000000000000000000000000000100000000000001001
000000000000000000000000000000000000000000000000000000000000000001000000000110010001
000000000000000000000000000000000000000000000000000000000000000001100000001100011001
000000011111111111111111111111111111111111111111111111111111111110000000000010100000
100000000000000000000000000000000000000000000000000000000000000000100000001000101000
100000000000000000000000000000000000000000000000000000000000000001000000001110110001
100000011111111111111111111111111111111111111111111111111111111101100000000100111000
000000000000000000000000000000000000000000000000000000000000000010000000001011000000
000000000000000000000000000000000000000000000000000000000000000000100000000001001001
000000000000000000000000000000000000000000000000000000000000000001000000000111010001
000000000000000000000000000000000000000000000000000000000000000001100000001101011001
000000100000000000000000000000000000000000000000000000000000000010000000000011100000
100000000000000000000000000000000000000000000000000000000000000000100000001001101000
100000000000000000000000000000000000000000000000000000000000000001000000001111110001
100000100000000000000000000000000000000000000000000000000000000001100000000101111000
000000000000000000000000000000000000000000000000000000000000000010000000001100000000
000000000000000000000000000000000000000000000000000000000000000000100000000010001001
000000000000000000000000000000000000000000000000000000000000000001000000001000010001
000000000000000000000000000000000000000000000000000000000000000001100000001110011001
000000100000000000000000000000000000000000000000000000000000000110000000000100100000
100000000000000000000000000000000000000000000000000000000000000000100000001010101000
100000000000000000000000000000000000000000000000000000000000000001000000000000110001
100000100000000000000000000000000000000000000000000000000000000101100000000110111000
000000000000000000000000000000000000000000000000000000000000000010000000001101000001
000000000000000000000000000000000000000000000000000000000000000000100000000011001001
000000000000000000000000000000000000000000000000000000000000000001000000001001010000
000000000000000000000000000000000000000000000000000000000000000001100000001111011001
000000000000000000000000000000000000000000000000000000000000000010000000000101100001
000000000000000000000000000000000000000000000000000000000000000000100000001011101001
000000111111111111111111111111111111111111111111111111111111111101000000000001110000
100000000000000000000000000000000000000000000000000000000000000001100000000111111000
100000000000000000000000000000000000000000000000000000000000000010000000001110000001
100000111111111111111111111111111111111111111111111111111111111100100000000100001000
000000000000000000000000000000000000000000000000000000000000000001000000001010010000
000000000000000000000000000000000000000000000000000000000000000001100000000000011001
000000000000000000000000000000000000000000000000000000000000000010000000000110100001
000000000000000000000000000000000000000000000000000000000000000000100000001100101001
000001000000000000000000000000000000000000000000000000000000000001000000000010110000
100000000000000000000000000000000000000000000000000000000000000001100000001000111000
100000000000000000000000000000000000000000000000000000000000000010000000001111000001
100001000000000000000000000000000000000000000000000000000000000000100000000101001000
000000000000000000000000000000000000000000000000000000000000000001000000001011010000
000000000000000000000000000000000000000000000000000000000000000001100000000001011001
000000000000000000000000000000000000000000000000000000000000000010000000000111100001
000000000000000000000000000000000000000000000000000000000000000000100000001101101001
000001000000000000000000000000000000000000000000000000000000000101000000000011110000
100000000000000000000000000000000000000000000000000000000000000001100000001001111000
100000000000000000000000000000000000000000000000000000000000000010000000000000000001
100001000000000000000000000000000000000000000000000000000000000100100000000110001000
000000000000000000000000000000000000000000000000000000000000000001000000001100010001
000000000000000000000000000000000000000000000000000000000000000001100000000010011001
000000000000000000000000000000000000000000000000000000000000000010000000001000100000
000000000000000000000000000000000000000000000000000000000000000000100000001110101001
000000000000000000000000000000000000000000000000000000000000000001000000000100110001
000000000000000000000000000000000000000000000000000000000000000001100000001010111001
000001111111111111111111111111111111111111111111111111111111111110000000000001000000
100000000000000000000000000000000000000000000000000000000000000000100000000111001000
100000000000000000000000000000000000000000000000000000000000000001000000001101010001
100001111111111111111111111111111111111111111111111111111111111101100000000011011000
000000000000000000000000000000000000000000000000000000000000000010000000001001100000
000000000000000000000000000000000000000000000000000000000000000000100000001111101001
000000000000000000000000000000000000000000000000000000000000000001000000000101110001
000000000000000000000000000000000000000000000000000000000000000001100000001011111001
000010000000000000000000000000000000000000000000000000000000000010000000000010000000
100000000000000000000000000000000000000000000000000000000000000000100000001000001000
100000000000000000000000000000000000000000000000000000000000000001000000001110010001
100010000000000000000000000000000000000000000000000000000000000001100000000100011000
000000000000000000000000000000000000000000000000000000000000000010000000001010100000
000000000000000000000000000000000000000000000000000000000000000000100000000000101001
000000000000000000000000000000000000000000000000000000000000000001000000000110110001
000000000000000000000000000000000000000000000000000000000000000001100000001100111001
000010000000000000000000000000000000000000000000000000000000000110000000000011000000
100000000000000000000000000000000000000000000000000000000000000000100000001001001000
100000000000000000000000000000000000000000000000000000000000000001000000001111010001
100010000000000000000000000000000000000000000000000000000000000101100000000101011000
000000000000000000000000000000000000000000000000000000000000000010000000001011100001
000000000000000000000000000000000000000000000000000000000000000000100000000001101001
000000000000000000000000000000000000000000000000000000000000000001000000000111110000
000000000000000000000000000000000000000000000000000000000000000001100000001101111001
000000000000000000000000000000000000000000000000000000000000000010000000000100000001
000000000000000000000000000000000000000000000000000000000000000000100000001010001001
000011111111111111111111111111111111111111111111111111111111111101000000000000010000
100000000000000000000000000000000000000000000000000000000000000001100000000110011000
100000000000000000000000000000000000000000000000000000000000000010000000001100100001
100011111111111111111111111111111111111111111111111111111111111100100000000010101000
000000000000000000000000000000000000000000000000000000000000000001000000001000110000
000000000000000000000000000000000000000000000000000000000000000001100000001110111001
000000000000000000000000000000000000000000000000000000000000000010000000000101000001
000000000000000000000000000000000000000000000000000000000000000000100000001011001001
000100000000000000000000000000000000000000000000000000000000000001000000000001010000
100000000000000000000000000000000000000000000000000000000000000001100000000111011000
100000000000000000000000000000000000000000000000000000000000000010000000001101100001
100100000000000000000000000000000000000000000000000000000000000000100000000011101000
000000000000000000000000000000000000000000000000000000000000000001000000001001110000
000000000000000000000000000000000000000000000000000000000000000001100000001111111001
000000000000000000000000000000000000000000000000000000000000000010000000000110000001
000000000000000000000000000000000000000000000000000000000000000000100000001100001001
000100000000000000000000000000000000000000000000000000000000000101000000000010010000
100000000000000000000000000000000000000000000000000000000000000001100000001000011000
100000000000000000000000000000000000000000000000000000000000000010000000001110100001
100100000000000000000000000000000000000000000000000000000000000100100000000100101000
000000000000000000000000000000000000000000000000000000000000000001000000001010110001
000000000000000000000000000000000000000000000000000000000000000001100000000000111001
000000000000000000000000000000000000000000000000000000000000000010000000000111000000
000000000000000000000000000000000000000000000000000000000000000000100000001101001001
000000000000000000000000000000000000000000000000000000000000000001000000000011010001
000000000000000000000000000000000000000000000000000000000000000001100000001001011001
000111111111111111111111111111111111111111111111111111111111111110000000001111100000
100000000000000000000000000000000000000000000000000000000000000000100000000101101000
100000000000000000000000000000000000000000000000000000000000000001000000001011110001
100111111111111111111111111111111111111111111111111111111111111101100000000001111000
000000000000000000000000000000000000000000000000000000000000000010000000001000000000
000000000000000000000000000000000000000000000000000000000000000000100000001110001001
000000000001000000000000000000000000000000000000000000000000000001000000000100010000
000000000001000000000000000000000000000000000000000000000000000101100000001010011000
001000000000000000000000000000000000000000000000000000000000000010000000000000100000
100000000000000000000000000000000000000000000000000000000000000000100000000110101000
100000000001000000000000000000000000000000000000000000000000000001000000001100110000
101000000000000000000000000000000000000000000000000000000000000001100000000010111000
000000000000000000000000000000000000000000000000000000000000000010000000001001000000
000000000001000000000000000000000000000000000000000000000000000100100000001111001000
000000000001000000000000000000000000000000000000000000000000001001000000000101010000
000000000001000000000000000000000000000000000000000000000000001101100000001011011000
001000000000000000000000000000000000000000000000000000000000000110000000000001100000
100000000000000000000000000000000000000000000000000000000000000000100000000111101000
100000000001000000000000000000000000000000000000000000000000001001000000001101110000
101000000000000000000000000000000000000000000000000000000000000101100000000011111000
000000000001000000000000000000000000000000000000000000000000001110000000001010000000
100101010110011000111000111000111000111000111000111000111000110100100000000000001000
001111111100111111111111111111111111111111111111111111111111111101000000000110010000
000000000000000000000000000000000000000000000000000000000000000001100000001100011000
000000000000000000000000000000000000000000000000000000000000000010000000000010100001
000000000000000000000000000000000000000000000000000000000000000000100000001000101001
000000000001000000000000000000000000000000000000000000000000000001000000001110110000
000000000001111111111111111111111111111111111111111111111111111101100000000100111000
000000000010000000000000000000000000000000000000000000000000000010000000001011000000
000000000010111111111111111111111111111111111111111111111111111100100000000001001000
001111000110111111111111111111111111111111111111111111111111111101000000000111010000
001111000111000000000000000000000000000000000000000000000000000001100000001101011000
001111000111000000000000000000000000000000000000000000000000000110000000000011100000
001111000111111111111111111111111111111111111111111111111111111100100000001001101000
001111001000000000000000000000000000000000000000000000000000000001000000001111110000
001111001000000000000000000000000000000000000000000000000000000101100000000101111000
001111001000111111111111111111111111111111111111111111111111111110000000001100000000
001111001001000000000000000000000000000000000000000000000000000000100000000010001000
001111001001000000000000000000000000000000000000000000000000000101000000001000010000
001111111100111111111111111111111111111111111111111111111111111101100000001110011000
001111111101000000000000000000000000000000000000000000000000000010000000000100100000
001111111101000000000000000000000000000000000000000000000000000100100000001010101000
001111111110000000000000000000000000000000000000000000000000000001000000000000110000
011111111101000000000000000000000000000000000000000000000000000001100000000110111000
011111111101111111111111111111111111111111111111111111111111111110000000001101000000
100000000000000000000000000000000000000000000000000000000000000000100000000011001000
100000000000000000000000000000000000000000000000000000000000000001000000001001010001
100000000000000000000000000000000000000000000000000000000000000001100000001111011001
100000000001000000000000000000000000000000000000000000000000000010000000000101100000
100000000001111111111111111111111111111111111111111111111111111100100000001011101000
100000000010000000000000000000000000000000000000000000000000000001000000000001110000
100000000010111111111111111111111111111111111111111111111111111101100000000111111000
101111000110111111111111111111111111111111111111111111111111111110000000001110000000
101111000111000000000000000000000000000000000000000000000000000000100000000100001000
101111000111000000000000000000000000000000000000000000000000000101000000001010010000
101111000111111111111111111111111111111111111111111111111111111101100000000000011000
101111001000000000000000000000000000000000000000000000000000000010000000000110100000
101111001000000000000000000000000000000000000000000000000000000100100000001100101000
101111001000111111111111111111111111111111111111111111111111111101000000000010110000
101111001001000000000000000000000000000000000000000000000000000001100000001000111000
101111001001000000000000000000000000000000000000000000000000000110000000001111000000
101111111101000000000000000000000000000000000000000000000000000000100000000101001000
101111111110000000000000000000000000000000000000000000000000000001000000001011010000
111111111101000000000000000000000000000000000000000000000000000001100000000001011000
111111111101111111111111111111111111111111111111111111111111111110000000000111100000
000000000000000000000000000000000000000000000000000000000000000000100000001101101000
000000000001000000000000000000000000000000000000000000000000000001000000000011110000
000000000010000000000000000000000000000000000000000000000000000001100000001001111000
000000000011000000000000000000000000000000000000000000000000000010000000000000000000
001111000111000000000000000000000000000000000000000000000000000000100000000110001000
001111000111000000000000000000000000000000000000000000000000000101000000001100010000
001111000111000000000000000000000000000000000000000000000000001001100000000010011000
001111001000000000000000000000000000000000000000000000000000000010000000001000100000
001111001000000000000000000000000000000000000000000000000000000100100000001110101000
001111001000000000000000000000000000000000000000000000000000001001000000000100110000
001111001001000000000000000000000000000000000000000000000000000001100000001010111000
001111001001000000000000000000000000000000000000000000000000000110000000000001000000
001111001001000000000000000000000000000000000000000000000000001000100000000111001000
001111111101000000000000000000000000000000000000000000000000000101000000001101010000
001111111101000000000000000000000000000000000000000000000000001001100000000011011000
001111111101000000000000000000000000000000000000000000000000001110000000001001100000
001111111110000000000000000000000000000000000000000000000000000100100000001111101000
011111111110000000000000000000000000000000000000000000000000000001000000000101110000
100000000000000000000000000000000000000000000000000000000000000001100000001011111000
100000000001000000000000000000000000000000000000000000000000000010000000000010000000
100000000010000000000000000000000000000000000000000000000000000000100000001000001000
100000000011000000000000000000000000000000000000000000000000000001000000001110010000
101111000111000000000000000000000000000000000000000000000000000001100000000100011000
101111000111000000000000000000000000000000000000000000000000000110000000001010100000
101111000111000000000000000000000000000000000000000000000000001000100000000000101000
101111001000000000000000000000000000000000000000000000000000000001000000000110110000
101111001000000000000000000000000000000000000000000000000000000101100000001100111000
101111001000000000000000000000000000000000000000000000000000001010000000000011000000
101111001001000000000000000000000000000000000000000000000000000000100000001001001000
101111001001000000000000000000000000000000000000000000000000000101000000001111010000
101111001001000000000000000000000000000000000000000000000000001001100000000101011000
101111111101000000000000000000000000000000000000000000000000001010000000001011100000
101111111110000000000000000000000000000000000000000000000000000100100000000001101000
111111111110000000000000000000000000000000000000000000000000000001000000000111110000
000000000000000000000000000000000000000000000000000000000000000001100000001101111000
001111111101000000000000000000000000000000000000000000000000001110000000000100000000
001111111101000000000000000000000000000000000000000000000000010000100000001010001000
001111111101000000000000000000000000000000000000000000000000010101000000000000010000
001111111110000000000000000000000000000000000000000000000000001001100000000110011000
100000000000000000000000000000000000000000000000000000000000000010000000001100100000
101111111101000000000000000000000000000000000000000000000000010000100000000010101000
101111111110000000000000000000000000000000000000000000000000001001000000001000110000
001111111101000000000000000000000000000000000000000000000000010101100000001110111000
001111111110000111111111111111111111111111111111111111111111111010000000000101000000
000000000000000000000000000000000000000000000000000000000000000000100000001011001000
001111111110000111111111111111111111111111111111111111111111111001000000000001010000
001111111110000111111111111111111111111111111111111111111111111101100000000111011000
001111111110000111111111111111111111111111111111111111111111111110000000001101100000
001111111110011111111111111111111111111111111111111111111111111100100000000011101000
100000000000000000000000000000000000000000000000000000000000000001000000001001110000
101111111110000111111111111111111111111111111111111111111111111101100000001111111000
101111111110011111111111111111111111111111111111111111111111111110000000000110000000
000000000000000000000000000000000000000000000000000000000000000000100000001100001000
001111111110000111111111111111111111111111111111111111111111111101000000000010010000
001111111110001000000000000000000000000000000000000000000000000001100000001000011000
001111111110001000000000000000000000000000000000000000000000000110000000001110100000
001111111110100000000000000000000000000000000000000000000000000000100000000100101000
100000000000000000000000000000000000000000000000000000000000000001000000001010110000
101111111110001000000000000000000000000000000000000000000000000001100000000000111000
101111111110100000000000000000000000000000000000000000000000000010000000000111000000
000000000000000000000000000000000000000000000000000000000000000000100000001101001000
001111111110001000000000000000000000000000000000000000000000000101000000000011010000
001111111110001000000000000000000000000000000000000000000000001001100000001001011000
001111111110001000000000000000000000000000000000000000000000001010000000001111100000
001111111110100000000000000000000000000000000000000000000000000100100000000101101000
100000000000000000000000000000000000000000000000000000000000000001000000001011110000
101111111110001000000000000000000000000000000000000000000000001001100000000001111000
101111111110100000000000000000000000000000000000000000000000000110000000001000000000
001111111110001000000000000000000000000000000000000000000000001000100000001110001000
001111111110111111111111111111111111111111111111111111111111101101000000000100010000
000000000000000000000000000000000000000000000000000000000000000001100000001010011000
001111000111111111111111111111111111111111111111111111111111110110000000000000100000
001111000111111111111111111111111111111111111111111111111111111000100000000110101000
001111001000000000000000000000000000000000000000000000000000000001000000001100110000
001111001000111111111111111111111111111111111111111111111111110101100000000010111000
001111001000111111111111111111111111111111111111111111111111111010000000001001000000
001111001001000000000000000000000000000000000000000000000000000000100000001111001000
001111001001111111111111111111111111111111111111111111111111110101000000000101010000
001111001001111111111111111111111111111111111111111111111111111001100000001011011000
001111001010000000000000000000000000000000000000000000000000000010000000000001100000
001111111110111111111111111111111111111111111111111111111111101100100000000111101000
001111111110111111111111111111111111111111111111111111111111110001000000001101110000
001111111110111111111111111111111111111111111111111111111111110101100000000011111000
001111111110111111111111111111111111111111111111111111111111111010000000001010000000
100000000000000000000000000000000000000000000000000000000000000000100000000000001000
101111000111111111111111111111111111111111111111111111111111110101000000000110010000
101111000111111111111111111111111111111111111111111111111111111001100000001100011000
101111001000000000000000000000000000000000000000000000000000000010000000000010100000
101111001000111111111111111111111111111111111111111111111111110100100000001000101000
101111001000111111111111111111111111111111111111111111111111111001000000001110110000
101111001001000000000000000000000000000000000000000000000000000001100000000100111000
101111001001111111111111111111111111111111111111111111111111110110000000001011000000
101111001001111111111111111111111111111111111111111111111111111000100000000001001000
101111001010000000000000000000000000000000000000000000000000000001000000000111010000
101111111110111111111111111111111111111111111111111111111111110001100000001101011000
101111111110111111111111111111111111111111111111111111111111111010000000000011100000
000000000000000000000000000000000000000000000000000000000000000000100000001001101000
000000000001000000000000000000000000000000000000000000000000000001000000001111110000
000000000001111111111111111111111111111111111111111111111111111001100000000101111000
000000000010000000000000000000000000000000000000000000000000000010000000001100000000
000000000010111111111111111111111111111111111111111111111111111000100000000010001000
000000000011000000000000000000000000000000000000000000000000000001000000001000010000
000000000011111111111111111111111111111111111111111111111111111001100000001110011000
001111000111111111111111111111111111111111111111111111111111111010000000000100100000
001111000111111111111111111111111111111111111111111111111111111100100000001010101000
001111001000000000000000000000000000000000000000000000000000000001000000000000110000
001111001000111111111111111111111111111111111111111111111111111001100000000110111000
001111001000111111111111111111111111111111111111111111111111111110000000001101000000
001111001001000000000000000000000000000000000000000000000000000000100000000011001000
001111001001111111111111111111111111111111111111111111111111111001000000001001010000
001111001001111111111111111111111111111111111111111111111111111101100000001111011000
001111001010000000000000000000000000000000000000000000000000000010000000000101100000
001111111110111111111111111111111111111111111111111111111111110100100000001011101000
001111111110111111111111111111111111111111111111111111111111111001000000000001110000
001111111110111111111111111111111111111111111111111111111111111101100000000111111000
011111111110000000000000000000000000000000000000000000000000000010000000001110000000
011111111110111111111111111111111111111111111111111111111111111000100000000100001000
100000000000000000000000000000000000000000000000000000000000000001000000001010010000
100000000001000000000000000000000000000000000000000000000000000001100000000000011000
100000000001111111111111111111111111111111111111111111111111111010000000000110100000
100000000010000000000000000000000000000000000000000000000000000000100000001100101000
100000000010111111111111111111111111111111111111111111111111111001000000000010110000
100000000011000000000000000000000000000000000000000000000000000001100000001000111000
100000000011111111111111111111111111111111111111111111111111111010000000001111000000
101111000111111111111111111111111111111111111111111111111111111000100000000101001000
101111000111111111111111111111111111111111111111111111111111111101000000001011010000
101111001000000000000000000000000000000000000000000000000000000001100000000001011000
101111001000111111111111111111111111111111111111111111111111111010000000000111100000
101111001000111111111111111111111111111111111111111111111111111100100000001101101000
101111001001000000000000000000000000000000000000000000000000000001000000000011110000
101111001001111111111111111111111111111111111111111111111111111001100000001001111000
101111001001111111111111111111111111111111111111111111111111111110000000000000000000
101111001010000000000000000000000000000000000000000000000000000000100000000110001000
101111111110111111111111111111111111111111111111111111111111111001000000001100010000
101111111110111111111111111111111111111111111111111111111111111101100000000010011000
111111111110000000000000000000000000000000000000000000000000000010000000001000100000
111111111110111111111111111111111111111111111111111111111111111000100000001110101000
000000000000000000000000000000000000000000000000000000000000000001000000000100110000
000000000000000000000000000000000000000000000000000000000000000001100000001010111000
000000000000000000000000000000000000000000000000000000000000000010000000000001000000
000000000000000000000000000000000000000000000000000000000000000000100000000111001000
000000000000000000000000000000000000000000000000000000000000000001000000001101010000
000000000000000000000000000000000000000000000000000000000000000001100000000011011000
000000000000000000000000000000000000000000000000000000000000000010000000001001100000
000000000000000000000000000000000000000000000000000000000000000000100000001111101000
000000000000000000000000000000000000000000000000000000000000000001000000000101110000
000000000000000000000000000000000000000000000000000000000000000001100000001011111000
000000000000000000000000000000000000000000000000000000000000000010000000000010000000
000000000000000000000000000000000000000000000000000000000000000000100000001000001000
000000000000000000000000000000000000000000000000000000000000000001000000001110010000
000000000000000000000000000000000000000000000000000000000000000001100000000100011000
000000000000000000000000000000000000000000000000000000000000000010000000001010100000
000000000000000000000000000000000000000000000000000000000000000000100000000000101000
000000000000000000000000000000000000000000000000000000000000000001000000000110110000
000000000000000000000000000000000000000000000000000000000000000001100000001100111000
000000000000000000000000000000000000000000000000000000000000000010000000000011000000
000000000000000000000000000000000000000000000000000000000000000000100000001001001000
000000000000000000000000000000000000000000000000000000000000000001000000001111010000
000000000000000000000000000000000000000000000000000000000000000001100000000101011000
000000000000000000000000000000000000000000000000000000000000000010000000001011100000
000000000000000000000000000000000000000000000000000000000000000000100000000001101000
000000000000000000000000000000000000000000000000000000000000000001000000000111110000
000000000000000000000000000000000000000000000000000000000000000001100000001101111000
000000000000000000000000000000000000000000000000000000000000000010000000000100000000
000000000000000000000000000000000000000000000000000000000000000000100000001010001000
000000000000000000000000000000000000000000000000000000000000000001000000000000010000
000000000000000000000000000000000000000000000000000000000000000001100000000110011000
000000000000000000000000000000000000000000000000000000000000000010000000001100100000
000000000000000000000000000000000000000000000000000000000000000000100000000010101000
000000000000000000000000000000000000000000000000000000000000000001000000001000110000
000000000000000000000000000000000000000000000000000000000000000001100000001110111000
000000000000000000000000000000000000000000000000000000000000000010000000000101000000
000000000000000000000000000000000000000000000000000000000000000000100000001011001000
000000000000000000000000000000000000000000000000000000000000000001000000000001010000
000000000000000000000000000000000000000000000000000000000000000001100000000111011000
000000000000000000000000000000000000000000000000000000000000000010000000001101100000
000000000000000000000000000000000000000000000000000000000000000000100000000011101000
000000000000000000000000000000000000000000000000000000000000000001000000001001110000
000000000000000000000000000000000000000000000000000000000000000001100000001111111000
000000000000000000000000000000000000000000000000000000000000000010000000000110000000
000000000000000000000000000000000000000000000000000000000000000000100000001100001000
000000000000000000000000000000000000000000000000000000000000000001000000000010010000
000000000000000000000000000000000000000000000000000000000000000001100000001000011000
000000000000000000000000000000000000000000000000000000000000000010000000001110100000
000000000000000000000000000000000000000000000000000000000000000000100000000100101000
000000000000000000000000000000000000000000000000000000000000000001000000001010110000
000000000000000000000000000000000000000000000000000000000000000001100000000000111000
000000000000000000000000000000000000000000000000000000000000000010000000000111000000
000000000000000000000000000000000000000000000000000000000000000000100000001101001000
000000000000000000000000000000000000000000000000000000000000000001000000000011010000
000000000000000000000000000000000000000000000000000000000000000001100000001001011000
000000000000000000000000000000000000000000000000000000000000000010000000001111100000
000000000000000000000000000000000000000000000000000000000000000000100000000101101000
000000000000000000000000000000000000000000000000000000000000000001000000001011110000
000000000000000000000000000000000000000000000000000000000000000001100000000001111000
000000000000000000000000000000000000000000000000000000000000000010000000001000000000
000000000000000000000000000000000000000000000000000000000000000000100000001110001000
000000000000000000000000000000000000000000000000000000000000000001000000000100010000
000000000000000000000000000000000000000000000000000000000000000001100000001010011000
000000000000000000000000000000000000000000000000000000000000000010000000000000100000
000000000000000000000000000000000000000000000000000000000000000000100000000110101000
000000000000000000000000000000000000000000000000000000000000000001000000001100110000
000000000000000000000000000000000000000000000000000000000000000001100000000010111000
000000000000000000000000000000000000000000000000000000000000000010000000001001000000
000000000000000000000000000000000000000000000000000000000000000000100000001111001000
000000000000000000000000000000000000000000000000000000000000000001000000000101010000
000000000000000000000000000000000000000000000000000000000000000001100000001011011000
000000000000000000000000000000000000000000000000000000000000000010000000000001100000
000000000000000000000000000000000000000000000000000000000000000000100000000111101000
000000000000000000000000000000000000000000000000000000000000000001000000001101110000
000000000000000000000000000000000000000000000000000000000000000001100000000011111000
000000000000000000000000000000000000000000000000000000000000000010000000001010000000
000000000000000000000000000000000000000000000000000000000000000000100000000000001000
000000000000000000000000000000000000000000000000000000000000000001000000000110010000
000000000000000000000000000000000000000000000000000000000000000001100000001100011000
000000000000000000000000000000000000000000000000000000000000000010000000000010100000
000000000000000000000000000000000000000000000000000000000000000000100000001000101000
000000000000000000000000000000000000000000000000000000000000000001000000001110110000
000000000000000000000000000000000000000000000000000000000000000001100000000100111000
000000000000000000000000000000000000000000000000000000000000000010000000001011000000
000000000000000000000000000000000000000000000000000000000000000000100000000001001000
000000000000000000000000000000000000000000000000000000000000000001000000000111010000
000000000000000000000000000000000000000000000000000000000000000001100000001101011000
000000000000000000000000000000000000000000000000000000000000000010000000000011100000
000000000000000000000000000000000000000000000000000000000000000000100000001001101000
000000000000000000000000000000000000000000000000000000000000000001000000001111110000
000000000000000000000000000000000000000000000000000000000000000001100000000101111000
000000000000000000000000000000000000000000000000000000000000000010000000001100000000
000000000000000000000000000000000000000000000000000000000000000000100000000010001000
000000000000000000000000000000000000000000000000000000000000000001000000001000010000
000000000000000000000000000000000000000000000000000000000000000001100000001110011000
000000000000000000000000000000000000000000000000000000000000000010000000000100100000
000000000000000000000000000000000000000000000000000000000000000000100000001010101000
000000000000000000000000000000000000000000000000000000000000000001000000000000110000
000000000000000000000000000000000000000000000000000000000000000001100000000110111000
000000000000000000000000000000000000000000000000000000000000000010000000001101000000
000000000000000000000000000000000000000000000000000000000000000000100000000011001000
000000000000000000000000000000000000000000000000000000000000000001000000001001010000
000000000000000000000000000000000000000000000000000000000000000001100000001111011000
000000000000000000000000000000000000000000000000000000000000000010000000000101100000
000000000000000000000000000000000000000000000000000000000000000000100000001011101000
000000000000000000000000000000000000000000000000000000000000000001000000000001110000
000000000000000000000000000000000000000000000000000000000000000001100000000111111000
000000000000000000000000000000000000000000000000000000000000000010000000001110000000
000000000000000000000000000000000000000000000000000000000000000000100000000100001000
000000000000000000000000000000000000000000000000000000000000000001000000001010010000
000000000000000000000000000000000000000000000000000000000000000001100000000000011000
000000000000000000000000000000000000000000000000000000000000000010000000000110100000
000000000000000000000000000000000000000000000000000000000000000000100000001100101000
000000000000000000000000000000000000000000000000000000000000000001000000000010110000
000000000000000000000000000000000000000000000000000000000000000001100000001000111000
000000000000000000000000000000000000000000000000000000000000000010000000001111000000
000000000000000000000000000000000000000000000000000000000000000000100000000101001000
000000000000000000000000000000000000000000000000000000000000000001000000001011010000
000000000000000000000000000000000000000000000000000000000000000001100000000001011000
000000000000000000000000000000000000000000000000000000000000000010000000000111100000
000000000000000000000000000000000000000000000000000000000000000000100000001101101000
000000000000000000000000000000000000000000000000000000000000000001000000000011110000
000000000000000000000000000000000000000000000000000000000000000001100000001001111000
000000000000000000000000000000000000000000000000000000000000000010000000000000000000
000000000000000000000000000000000000000000000000000000000000000000100000000110001000
000000000000000000000000000000000000000000000000000000000000000001000000001100010000
000000000000000000000000000000000000000000000000000000000000000001100000000010011000
000000000000000000000000000000000000000000000000000000000000000010000000001000100000
000000000000000000000000000000000000000000000000000000000000000000100000001110101000
000000000000000000000000000000000000000000000000000000000000000001000000000100110000
000000000000000000000000000000000000000000000000000000000000000001100000001010111000
000000000000000000000000000000000000000000000000000000000000000010000000000001000000
000000000000000000000000000000000000000000000000000000000000000000100000000111001000
000000000000000000000000000000000000000000000000000000000000000001000000001101010000
000000000000000000000000000000000000000000000000000000000000000001100000000011011000
000000000000000000000000000000000000000000000000000000000000000010000000001001100000
000000000000000000000000000000000000000000000000000000000000000000100000001111101000
000000000000000000000000000000000000000000000000000000000000000001000000000101110000
000000000000000000000000000000000000000000000000000000000000000001100000001011111000
000000000000000000000000000000000000000000000000000000000000000010000000000010000000
000000000000000000000000000000000000000000000000000000000000000000100000001000001000
000000000000000000000000000000000000000000000000000000000000000001000000001110010000
000000000000000000000000000000000000000000000000000000000000000001100000000100011000
000000000000000000000000000000000000000000000000000000000000000010000000001010100000
000000000000000000000000000000000000000000000000000000000000000000100000000000101000
000000000000000000000000000000000000000000000000000000000000000001000000000110110000
000000000000000000000000000000000000000000000000000000000000000001100000001100111000
000000000000000000000000000000000000000000000000000000000000000010000000000011000000
000000000000000000000000000000000000000000000000000000000000000000100000001001001000
000000000000000000000000000000000000000000000000000000000000000001000000001111010000
000000000000000000000000000000000000000000000000000000000000000001100000000101011000
000000000000000000000000000000000000000000000000000000000000000010000000001011100000
000000000000000000000000000000000000000000000000000000000000000000100000000001101000
000000000000000000000000000000000000000000000000000000000000000001000000000111110000
000000000000000000000000000000000000000000000000000000000000000001100000001101111000
000000000000000000000000000000000000000000000000000000000000000010000000000100000000
000000000001000000000000000000000000000000000000000000000000000000100000001010001000
000000000001000000000000000000000000000000000000000000000000000101000000000000010000
000000000001000000000000000000000000000000000000000000000000001001100000000110011000
000000000001011111111111111111111111111111111111111111111111111110000000001100100000
000000000001100000000000000000000000000000000000000000000000000000100000000010101000
000000000001100000000000000000000000000000000000000000000000000101000000001000110000
000000000001111111111111111111111111111111111111111111111111111001100000001110111000
000000000001111111111111111111111111111111111111111111111111111110000000000101000000
000000000010000000000000000000000000000000000000000000000000000000100000001011001000
000000000010000000000000000000000000000000000000000000000000000101000000000001010000
000000000010000000000000000000000000000000000000000000000000001001100000000111011000
000000000010011111111111111111111111111111111111111111111111111110000000001101100000
000000000010100000000000000000000000000000000000000000000000000000100000000011101000
000000000010100000000000000000000000000000000000000000000000000101000000001001110000
000000000010111111111111111111111111111111111111111111111111111001100000001111111000
000000000010111111111111111111111111111111111111111111111111111110000000000110000000
000000000011111111111111111111111111111111111111111111111111111100100000001100001000
000000000100000000000000000000000000000000000000000000000000000001000000000010010000
000000000100000000000000000000000000000000000000000000000000000101100000001000011000
000000000111111111111111111111111111111111111111111111111111111110000000001110100000
000000001000000000000000000000000000000000000000000000000000000000100000000100101000
000000001000000000000000000000000000000000000000000000000000000101000000001010110000
000000001111111111111111111111111111111111111111111111111111111101100000000000111000
000000010000000000000000000000000000000000000000000000000000000010000000000111000000
000000010000000000000000000000000000000000000000000000000000000100100000001101001000
000000011111111111111111111111111111111111111111111111111111111101000000000011010000
000000100000000000000000000000000000000000000000000000000000000001100000001001011000
000000100000000000000000000000000000000000000000000000000000000110000000001111100000
000000111111111111111111111111111111111111111111111111111111111100100000000101101000
000001000000000000000000000000000000000000000000000000000000000001000000001011110000
000001000000000000000000000000000000000000000000000000000000000101100000000001111000
000001111111111111111111111111111111111111111111111111111111111110000000001000000000
000010000000000000000000000000000000000000000000000000000000000000100000001110001000
000010000000000000000000000000000000000000000000000000000000000101000000000100010000
000011111111111111111111111111111111111111111111111111111111111101100000001010011000
000100000000000000000000000000000000000000000000000000000000000010000000000000100000
000100000000000000000000000000000000000000000000000000000000000100100000000110101000
000111111111111111111111111111111111111111111111111111111111111101000000001100110000
001000000000000000000000000000000000000000000000000000000000000001100000000010111000
001000000000000000000000000000000000000000000000000000000000000110000000001001000000
001111001000111111111111111111111111111111111111111111111111111100100000001111001000
001111001001000000000000000000000000000000000000000000000000000001000000000101010000
001111001001000000000000000000000000000000000000000000000000000101100000001011011000
001111001001111111111111111111111111111111111111111111111111111110000000000001100000
001111001010000000000000000000000000000000000000000000000000000000100000000111101000
001111001010000000000000000000000000000000000000000000000000000101000000001101110000
001111001010111111111111111111111111111111111111111111111111111101100000000011111000
001111001011000000000000000000000000000000000000000000000000000010000000001010000000
001111001011000000000000000000000000000000000000000000000000000100100000000000001000
001111111110000000000000000000000000000000000000000000000000000001000000000110010000
001111111110000000000000000000000000000000000000000000000000000101100000001100011000
001111111110000000000000000000000000000000000000000000000000001010000000000010100000
001111111110011111111111111111111111111111111111111111111111111100100000001000101000
001111111110100000000000000000000000000000000000000000000000000001000000001110110000
001111111110100000000000000000000000000000000000000000000000000101100000000100111000
001111111110111111111111111111111111111111111111111111111111111010000000001011000000
001111111110111111111111111111111111111111111111111111111111111100100000000001001000
001111111111000000000000000000000000000000000000000000000000000001000000000111010000
001111111111000000000000000000000000000000000000000000000000000101100000001101011000
001111111111000000000000000000000000000000000000000000000000001010000000000011100000
001111111111011111111111111111111111111111111111111111111111111100100000001001101000
001111111111100000000000000000000000000000000000000000000000000001000000001111110000
001111111111100000000000000000000000000000000000000000000000000101100000000101111000
001111111111111111111111111111111111111111111111111111111111111010000000001100000000
001111111111111111111111111111111111111111111111111111111111111100100000000010001000
010000000000000000000000000000000000000000000000000000000000000001000000001000010000
010000000000000000000000000000000000000000000000000000000000000101100000001110011000
010000000000000000000000000000000000000000000000000000000000001010000000000100100000
010000000000011111111111111111111111111111111111111111111111111100100000001010101000
010000000000100000000000000000000000000000000000000000000000000001000000000000110000
010000000000100000000000000000000000000000000000000000000000000101100000000110111000
010000000000111111111111111111111111111111111111111111111111111010000000001101000000
010000000000111111111111111111111111111111111111111111111111111100100000000011001000
010101010101010101010101010101010101010101010101010101010101010101000000001001010000
011111111101000000000000000000000000000000000000000000000000000001100000001111011000
011111111101000000000000000000000000000000000000000000000000000110000000000101100000
011111111101000000000000000000000000000000000000000000000000001000100000001011101000
011111111101011111111111111111111111111111111111111111111111111101000000000001110000
011111111101100000000000000000000000000000000000000000000000000001100000000111111000
011111111101100000000000000000000000000000000000000000000000000110000000001110000000
011111111101111111111111111111111111111111111111111111111111111000100000000100001000
011111111101111111111111111111111111111111111111111111111111111101000000001010010000
011111111110000000000000000000000000000000000000000000000000000001100000000000011000
011111111110000000000000000000000000000000000000000000000000000110000000000110100000
011111111110000000000000000000000000000000000000000000000000001000100000001100101000
011111111110011111111111111111111111111111111111111111111111111101000000000010110000
011111111110100000000000000000000000000000000000000000000000000001100000001000111000
011111111110100000000000000000000000000000000000000000000000000110000000001111000000
011111111110111111111111111111111111111111111111111111111111111000100000000101001000
011111111110111111111111111111111111111111111111111111111111111101000000001011010000
011111111111000000000000000000000000000000000000000000000000000001100000000001011000
011111111111100000000000000000000000000000000000000000000000000010000000000111100000
011111111111100000000000000000000000000000000000000000000000000000100000001101101000
011111111111100000000000000000000000000000000000000000000000000001000000000011110000
011111111111100000000000000000000000000000000000000000000000000001100000001001111000
011111111111100000000000000000000000000000000000000000000000000010000000000000000000
011111111111100000000000000000000000000000000000000000000000000000100000000110001000
011111111111100000000000000000000000000000000000000000000000000001000000001100010000
100000000000000000000000000000000000000000000000000000000000000001100000000010011000
100000000000000000000000000000000000000000000000000000000000000010000000001000100000
100000000000000000000000000000000000000000000000000000000000000000100000001110101000
100000000000000000000000000000000000000000000000000000000000000001000000000100110000
100000000000000000000000000000000000000000000000000000000000000001100000001010111000
100000000000000000000000000000000000000000000000000000000000000010000000000001000000
100000000000000000000000000000000000000000000000000000000000000000100000000111001000
100000000000000000000000000000000000000000000000000000000000000001000000001101010000
100000000001000000000000000000000000000000000000000000000000000001100000000011011000
100000000001000000000000000000000000000000000000000000000000000110000000001001100000
100000000001000000000000000000000000000000000000000000000000001000100000001111101000
100000000001011111111111111111111111111111111111111111111111111101000000000101110000
100000000001100000000000000000000000000000000000000000000000000001100000001011111000
100000000001100000000000000000000000000000000000000000000000000110000000000010000000
100000000001111111111111111111111111111111111111111111111111111000100000001000001000
100000000001111111111111111111111111111111111111111111111111111101000000001110010000
100000000010000000000000000000000000000000000000000000000000000001100000000100011000
100000000010000000000000000000000000000000000000000000000000000110000000001010100000
100000000010000000000000000000000000000000000000000000000000001000100000000000101000
100000000010011111111111111111111111111111111111111111111111111101000000000110110000
100000000010100000000000000000000000000000000000000000000000000001100000001100111000
100000000010100000000000000000000000000000000000000000000000000110000000000011000000
100000000010111111111111111111111111111111111111111111111111111000100000001001001000
100000000010111111111111111111111111111111111111111111111111111101000000001111010000
101010101010101010101010101010101010101010101010101010101010101001100000000101011000
101111001000111111111111111111111111111111111111111111111111111110000000001011100000
101111001001000000000000000000000000000000000000000000000000000000100000000001101000
101111001001000000000000000000000000000000000000000000000000000101000000000111110000
101111001001111111111111111111111111111111111111111111111111111101100000001101111000
101111001010000000000000000000000000000000000000000000000000000010000000000100000000
101111001010000000000000000000000000000000000000000000000000000100100000001010001000
101111001010111111111111111111111111111111111111111111111111111101000000000000010000
101111001011000000000000000000000000000000000000000000000000000001100000000110011000
101111001011000000000000000000000000000000000000000000000000000110000000001100100000
101111111110000000000000000000000000000000000000000000000000000000100000000010101000
101111111110000000000000000000000000000000000000000000000000000101000000001000110000
101111111110000000000000000000000000000000000000000000000000001001100000001110111000
101111111110011111111111111111111111111111111111111111111111111110000000000101000000
101111111110100000000000000000000000000000000000000000000000000000100000001011001000
101111111110100000000000000000000000000000000000000000000000000101000000000001010000
101111111110111111111111111111111111111111111111111111111111111001100000000111011000
101111111110111111111111111111111111111111111111111111111111111110000000001101100000
101111111111000000000000000000000000000000000000000000000000000000100000000011101000
101111111111000000000000000000000000000000000000000000000000000101000000001001110000
101111111111000000000000000000000000000000000000000000000000001001100000001111111000
101111111111011111111111111111111111111111111111111111111111111110000000000110000000
101111111111100000000000000000000000000000000000000000000000000000100000001100001000
101111111111100000000000000000000000000000000000000000000000000101000000000010010000
101111111111111111111111111111111111111111111111111111111111111001100000001000011000
101111111111111111111111111111111111111111111111111111111111111110000000001110100000
110000000000000000000000000000000000000000000000000000000000000000100000000100101000
110000000000000000000000000000000000000000000000000000000000000101000000001010110000
110000000000000000000000000000000000000000000000000000000000001001100000000000111000
110000000000011111111111111111111111111111111111111111111111111110000000000111000000
110000000000100000000000000000000000000000000000000000000000000000100000001101001000
110000000000100000000000000000000000000000000000000000000000000101000000000011010000
110000000000111111111111111111111111111111111111111111111111111001100000001001011000
110000000000111111111111111111111111111111111111111111111111111110000000001111100000
110111111111111111111111111111111111111111111111111111111111111100100000000101101000
111011111111111111111111111111111111111111111111111111111111111101000000001011110000
111101111111111111111111111111111111111111111111111111111111111101100000000001111000
111110111111111111111111111111111111111111111111111111111111111110000000001000000000
111111011111111111111111111111111111111111111111111111111111111100100000001110001000
111111101111111111111111111111111111111111111111111111111111111101000000000100010000
111111110111111111111111111111111111111111111111111111111111111101100000001010011000
111111111011111111111111111111111111111111111111111111111111111110000000000000100000
111111111101000000000000000000000000000000000000000000000000000000100000000110101000
111111111101000000000000000000000000000000000000000000000000000101000000001100110000
111111111101000000000000000000000000000000000000000000000000001001100000000010111000
111111111101011111111111111111111111111111111111111111111111111110000000001001000000
111111111101100000000000000000000000000000000000000000000000000000100000001111001000
111111111101100000000000000000000000000000000000000000000000000101000000000101010000
111111111101111111111111111111111111111111111111111111111111111001100000001011011000
111111111101111111111111111111111111111111111111111111111111111110000000000001100000
111111111110000000000000000000000000000000000000000000000000000000100000000111101000
111111111110000000000000000000000000000000000000000000000000000101000000001101110000
111111111110000000000000000000000000000000000000000000000000001001100000000011111000
111111111110011111111111111111111111111111111111111111111111111110000000001010000000
111111111110100000000000000000000000000000000000000000000000000000100000000000001000
111111111110100000000000000000000000000000000000000000000000000101000000000110010000
111111111110111111111111111111111111111111111111111111111111111001100000001100011000
111111111110111111111111111111111111111111111111111111111111111110000000000010100000
111111111111000000000000000000000000000000000000000000000000000000100000001000101000
011111111111100000000000000000000000000000000000000000000000000001000000001110110000
011111111111100000000000000000000000000000000000000000000000000001100000000100111000
011111111111100000000000000000000000000000000000000000000000000010000000001011000000
011111111111100000000000000000000000000000000000000000000000000000100000000001001000
011111111111100000000000000000000000000000000000000000000000000001000000000111010000
011111111111100000000000000000000000000000000000000000000000000001100000001101011000
011111111111100000000000000000000000000000000000000000000000000010000000000011100000
011111111111100000000000000000000000000000000000000000000000000000100000001001101000
011111111111100000000000000000000000000000000000000000000000000001000000001111110000
011111111111100000000000000000000000000000000000000000000000000001100000000101111000
011111111111100000000000000000000000000000000000000000000000000010000000001100000000
011111111111100000000000000000000000000000000000000000000000000000100000000010001000
011111111111100000000000000000000000000000000000000000000000000001000000001000010000
011111111111100000000000000000000000000000000000000000000000000001100000001110011000
011111111111100000000000000000000000000000000000000000000000000010000000000100100000
011111111111100000000000000000000000000000000000000000000000000000100000001010101000
011111111111100000000000000000000000000000000000000000000000000001000000000000110000
011111111111100000000000000000000000000000000000000000000000000001100000000110111000
011111111111100000000000000000000000000000000000000000000000000010000000001101000000
011111111111100000000000000000000000000000000000000000000000000000100000000011001000
011111111111100000000000000000000000000000000000000000000000000001000000001001010000
011111111111100000000000000000000000000000000000000000000000000001100000001111011000
011111111111100000000000000000000000000000000000000000000000000010000000000101100000
011111111111100000000000000000000000000000000000000000000000000000100000001011101000
011111111111100000000000000000000000000000000000000000000000000001000000000001110000
011111111111100000000000000000000000000000000000000000000000000001100000000111111000
011111111111100000000000000000000000000000000000000000000000000010000000001110000000
011111111111100000000000000000000000000000000000000000000000000000100000000100001000
011111111111100000000000000000000000000000000000000000000000000001000000001010010000
011111111111100000000000000000000000000000000000000000000000000001100000000000011000
011111111111100000000000000000000000000000000000000000000000000010000000000110100000
011111111111100000000000000000000000000000000000000000000000000000100000001100101000
011111111111100000000000000000000000000000000000000000000000000001000000000010110000
011111111111100000000000000000000000000000000000000000000000000001100000001000111000
011111111111100000000000000000000000000000000000000000000000000010000000001111000000
011111111111100000000000000000000000000000000000000000000000000000100000000101001000
011111111111100000000000000000000000000000000000000000000000000001000000001011010000
011111111111100000000000000000000000000000000000000000000000000001100000000001011000
011111111111100000000000000000000000000000000000000000000000000010000000000111100000
011111111111100000000000000000000000000000000000000000000000000000100000001101101000
011111111111100000000000000000000000000000000000000000000000000001000000000011110000
011111111111100000000000000000000000000000000000000000000000000001100000001001111000
011111111111100000000000000000000000000000000000000000000000000010000000000000000000
011111111111100000000000000000000000000000000000000000000000000000100000000110001000
011111111111100000000000000000000000000000000000000000000000000001000000001100010000
011111111111100000000000000000000000000000000000000000000000000001100000000010011000
011111111111100000000000000000000000000000000000000000000000000010000000001000100000
011111111111100000000000000000000000000000000000000000000000000000100000001110101000
011111111111100000000000000000000000000000000000000000000000000001000000000100110000
011111111111100000000000000000000000000000000000000000000000000001100000001010111000
011111111111100000000000000000000000000000000000000000000000000010000000000001000000
011111111111100000000000000000000000000000000000000000000000000000100000000111001000
011111111111100000000000000000000000000000000000000000000000000001000000001101010000
011111111111100000000000000000000000000000000000000000000000000001100000000011011000
011111111111100000000000000000000000000000000000000000000000000010000000001001100000
011111111111100000000000000000000000000000000000000000000000000000100000001111101000
011111111111100000000000000000000000000000000000000000000000000001000000000101110000
000000000000000000000000000000000000000000000000000000000000000001100000001011111000
000000000010000000000000000000000000000000000000000000000000000010000000000010000000
000000000011000000000000000000000000000000000000000000000000000000100000001000001000
001111001001000000000000000000000000000000000000000000000000000001000000001110010000
001111001001000000000000000000000000000000000000000000000000000101100000000100011000
001111001001000000000000000000000000000000000000000000000000001010000000001010100000
001111001010000000000000000000000000000000000000000000000000000000100000000000101000
001111001010000000000000000000000000000000000000000000000000000101000000000110110000
001111001010000000000000000000000000000000000000000000000000001001100000001100111000
001111001011000000000000000000000000000000000000000000000000000010000000000011000000
001111001011000000000000000000000000000000000000000000000000000100100000001001001000
001111001011000000000000000000000000000000000000000000000000001001000000001111010000
001111111111000000000000000000000000000000000000000000000000000101100000000101011000
001111111111000000000000000000000000000000000000000000000000001010000000001011100000
001111111111000000000000000000000000000000000000000000000000001100100000000001101000
001111111111100000000000000000000000000000000000000000000000000001000000000111110000
001111111111100000000000000000000000000000000000000000000000001001100000001101111000
001111111111100000000000000000000000000000000000000000000000001110000000000100000000
011111111110000000000000000000000000000000000000000000000000000000100000001010001000
011111111111000000000000000000000000000000000000000000000000000001000000000000010010
100000000000000000000000000000000000000000000000000000000000000001100000000110011000
100000000010000000000000000000000000000000000000000000000000000010000000001100100000
100000000011000000000000000000000000000000000000000000000000000000100000000010101000
101111001001000000000000000000000000000000000000000000000000000001000000001000110000
101111001001000000000000000000000000000000000000000000000000000101100000001110111000
101111001001000000000000000000000000000000000000000000000000001010000000000101000000
101111001010000000000000000000000000000000000000000000000000000000100000001011001000
101111001010000000000000000000000000000000000000000000000000000101000000000001010000
101111001010000000000000000000000000000000000000000000000000001001100000000111011000
101111001011000000000000000000000000000000000000000000000000000010000000001101100000
101111001011000000000000000000000000000000000000000000000000000100100000000011101000
101111001011000000000000000000000000000000000000000000000000001001000000001001110000
101111111111000000000000000000000000000000000000000000000000000101100000001111111000
101111111111000000000000000000000000000000000000000000000000001010000000000110000000
101111111111100000000000000000000000000000000000000000000000000000100000001100001000
101111111111100000000000000000000000000000000000000000000000001001000000000010010000
101111111111100000000000000000000000000000000000000000000000001101100000001000011000
111111111110000000000000000000000000000000000000000000000000000010000000001110100000
111111111111000000000000000000000000000000000000000000000000000000100000000100101010
000000000000000000000000000000000000000000000000000000000000000001000000001010110000
001111111111000000000000000000000000000000000000000000000000001001100000000000111000
001111111111000000000000000000000000000000000000000000000000001110000000000111000000
001111111111000000000000000000000000000000000000000000000000010000100000001101001000
001111111111000000000000000000000000000000000000000000000000010101000000000011010000
100000000000000000000000000000000000000000000000000000000000000001100000001001011000
101111111111000000000000000000000000000000000000000000000000001010000000001111100000
101111111111000000000000000000000000000000000000000000000000010000100000000101101000
001111111111000000000000000000000000000000000000000000000000010101000000001011110000
001111111111100000000000000000000000000000000000000000000000001101100000000001111000
001111111111100000000000000000000000000000000000000000000000010010000000001000000000
001111111111100000000000000000000000000000000000000000000000011000100000001110001000
101111111111100000000000000000000000000000000000000000000000001101000000000100010000
101111111111100000000000000000000000000000000000000000000000010001100000001010011000
101111111111100000000000000000000000000000000000000000000000011010000000000000100000
010000000000000111111111111111111111111111111111111111111111111000100000000110101000
000000000000000000000000000000000000000000000000000000000000000001000000001100110000
001111111111011111111111111111111111111111111111111111111111111101100000000010111000
010000000000000111111111111111111111111111111111111111111111111010000000001001000000
010000000000000111111111111111111111111111111111111111111111111100100000001111001000
010000000000000111111111111111111111111111111111111111111111111101000000000101010000
100000000000000000000000000000000000000000000000000000000000000001100000001011011000
101111111111011111111111111111111111111111111111111111111111111110000000000001100000
110000000000000111111111111111111111111111111111111111111111111100100000000111101000
000000000000000000000000000000000000000000000000000000000000000001000000001101110000
001111111111100000000000000000000000000000000000000000000000000001100000000011111000
010000000000000111111111111111111111111111111111111111111111111110000000001010000000
010000000000001000000000000000000000000000000000000000000000000000100000000000001000
010000000000001000000000000000000000000000000000000000000000000101000000000110010000
100000000000000000000000000000000000000000000000000000000000000001100000001100011000
101111111111100000000000000000000000000000000000000000000000000010000000000010100000
110000000000001000000000000000000000000000000000000000000000000000100000001000101000
000000000000000000000000000000000000000000000000000000000000000001000000001110110000
001111111111100000000000000000000000000000000000000000000000000101100000000100111000
010000000000001000000000000000000000000000000000000000000000000110000000001011000000
010000000000001000000000000000000000000000000000000000000000001000100000000001001000
010000000000001000000000000000000000000000000000000000000000001001000000000111010000
100000000000000000000000000000000000000000000000000000000000000001100000001101011000
101111111111100000000000000000000000000000000000000000000000000110000000000011100000
110000000000001000000000000000000000000000000000000000000000001000100000001001101000
010000000000001000000000000000000000000000000000000000000000001001000000001111110000
010000000000111111111111111111111111111111111111111111111111101101100000000101111000
000000000000000000000000000000000000000000000000000000000000000010000000001100000000
001111001001111111111111111111111111111111111111111111111111110100100000000010001000
001111001001111111111111111111111111111111111111111111111111111001000000001000010000
001111001010000000000000000000000000000000000000000000000000000001100000001110011000
001111001010111111111111111111111111111111111111111111111111110110000000000100100000
001111001010111111111111111111111111111111111111111111111111111000100000001010101000
001111001011000000000000000000000000000000000000000000000000000001000000000000110000
001111001011111111111111111111111111111111111111111111111111110101100000000110111000
001111001011111111111111111111111111111111111111111111111111111010000000001101000000
001111001100000000000000000000000000000000000000000000000000000000100000000011001000
001111111111111111111111111111111111111111111111111111111111111001000000001001010000
010000000000111111111111111111111111111111111111111111111111101101100000001111011000
010000000000111111111111111111111111111111111111111111111111110010000000000101100000
010000000000111111111111111111111111111111111111111111111111110100100000001011101000
100000000000000000000000000000000000000000000000000000000000000001000000000001110000
101111001001111111111111111111111111111111111111111111111111110101100000000111111000
101111001001111111111111111111111111111111111111111111111111111010000000001110000000
101111001010000000000000000000000000000000000000000000000000000000100000000100001000
101111001010111111111111111111111111111111111111111111111111110101000000001010010000
101111001010111111111111111111111111111111111111111111111111111001100000000000011000
101111001011000000000000000000000000000000000000000000000000000010000000000110100000
101111001011111111111111111111111111111111111111111111111111110100100000001100101000
101111001011111111111111111111111111111111111111111111111111111001000000000010110000
101111001100000000000000000000000000000000000000000000000000000001100000001000111000
101111111111111111111111111111111111111111111111111111111111111010000000001111000000
110000000000111111111111111111111111111111111111111111111111110000100000000101001000
000000000000000000000000000000000000000000000000000000000000000001000000001011010000
000000000010000000000000000000000000000000000000000000000000000001100000000001011000
000000000010111111111111111111111111111111111111111111111111111010000000000111100000
000000000011000000000000000000000000000000000000000000000000000000100000001101101000
000000000011111111111111111111111111111111111111111111111111111001000000000011110000
001111001001111111111111111111111111111111111111111111111111111001100000001001111000
001111001001111111111111111111111111111111111111111111111111111110000000000000000000
001111001010000000000000000000000000000000000000000000000000000000100000000110001000
001111001010111111111111111111111111111111111111111111111111111001000000001100010000
001111001010111111111111111111111111111111111111111111111111111101100000000010011000
001111001011000000000000000000000000000000000000000000000000000010000000001000100000
001111001011111111111111111111111111111111111111111111111111111000100000001110101000
001111001011111111111111111111111111111111111111111111111111111101000000000100110000
001111001100000000000000000000000000000000000000000000000000000001100000001010111000
001111111111111111111111111111111111111111111111111111111111111110000000000001000000
010000000000111111111111111111111111111111111111111111111111110100100000000111001000
010000000000111111111111111111111111111111111111111111111111111001000000001101010000
010000000000111111111111111111111111111111111111111111111111111101100000000011011000
011111111110000000000000000000000000000000000000000000000000000010000000001001100000
011111111110111111111111111111111111111111111111111111111111111000100000001111101000
011111111111000000000000000000000000000000000000000000000000000001000000000101110010
011111111111000000000000000000000000000000000000000000000000000001100000001011111010
100000000000000000000000000000000000000000000000000000000000000010000000000010000000
100000000010000000000000000000000000000000000000000000000000000000100000001000001000
100000000010111111111111111111111111111111111111111111111111111001000000001110010000
100000000011000000000000000000000000000000000000000000000000000001100000000100011000
100000000011111111111111111111111111111111111111111111111111111010000000001010100000
101111001001111111111111111111111111111111111111111111111111111000100000000000101000
101111001001111111111111111111111111111111111111111111111111111101000000000110110000
101111001010000000000000000000000000000000000000000000000000000001100000001100111000
101111001010111111111111111111111111111111111111111111111111111010000000000011000000
101111001010111111111111111111111111111111111111111111111111111100100000001001001000
101111001011000000000000000000000000000000000000000000000000000001000000001111010000
101111001011111111111111111111111111111111111111111111111111111001100000000101011000
101111001011111111111111111111111111111111111111111111111111111110000000001011100000
101111001100000000000000000000000000000000000000000000000000000000100000000001101000
101111111111111111111111111111111111111111111111111111111111111101000000000111110000
110000000000111111111111111111111111111111111111111111111111111001100000001101111000
111111111110000000000000000000000000000000000000000000000000000010000000000100000000
111111111110111111111111111111111111111111111111111111111111111000100000001010001000
111111111111000000000000000000000000000000000000000000000000000001000000000000010010
111111111111000000000000000000000000000000000000000000000000000001100000000110011010
000000000000000000000000000000000000000000000000000000000000000010000000001100100000
000000000010000000000000000000000000000000000000000000000000000000100000000010101000
000000000010111111111111111111111111111111111111111111111111111101000000001000110000
001111001010111111111111111111111111111111111111111111111111111101100000001110111000
001111001011000000000000000000000000000000000000000000000000000010000000000101000000
001111001011000000000000000000000000000000000000000000000000000100100000001011001000
001111001011111111111111111111111111111111111111111111111111111101000000000001010000
001111001100000000000000000000000000000000000000000000000000000001100000000111011000
001111001100000000000000000000000000000000000000000000000000000110000000001101100000
001111001100111111111111111111111111111111111111111111111111111100100000000011101000
001111001101000000000000000000000000000000000000000000000000000001000000001001110000
001111001101000000000000000000000000000000000000000000000000000101100000001111111000
010000000000000000000000000000000000000000000000000000000000000010000000000110000000
010000000000111111111111111111111111111111111111111111111111111100100000001100001000
010000000001000000000000000000000000000000000000000000000000000001000000000010010000
010000000001000000000000000000000000000000000000000000000000000101100000001000011000
011111111101000000000000000000000000000000000000000000000000000010000000001110100000
011111111101111111111111111111111111111111111111111111111111111100100000000100101000
011111111110000000000000000000000000000000000000000000000000000001000000001010110000
011111111110111111111111111111111111111111111111111111111111111101100000000000111000
011111111111000000000000000000000000000000000000000000000000000010000000000111000010
011111111111000000000000000000000000000000000000000000000000000000100000001101001010
100000000000000000000000000000000000000000000000000000000000000001000000000011010000
100000000010000000000000000000000000000000000000000000000000000001100000001001011000
100000000010111111111111111111111111111111111111111111111111111110000000001111100000
101111001010111111111111111111111111111111111111111111111111111100100000000101101000
101111001011000000000000000000000000000000000000000000000000000001000000001011110000
101111001011000000000000000000000000000000000000000000000000000101100000000001111000
101111001011111111111111111111111111111111111111111111111111111110000000001000000000
101111001100000000000000000000000000000000000000000000000000000000100000001110001000
101111001100000000000000000000000000000000000000000000000000000101000000000100010000
101111001100111111111111111111111111111111111111111111111111111101100000001010011000
101111001101000000000000000000000000000000000000000000000000000010000000000000100000
101111001101000000000000000000000000000000000000000000000000000100100000000110101000
110000000000000000000000000000000000000000000000000000000000000001000000001100110000
110000000001000000000000000000000000000000000000000000000000000001100000000010111000
111111111101000000000000000000000000000000000000000000000000000010000000001001000000
111111111101111111111111111111111111111111111111111111111111111100100000001111001000
111111111110000000000000000000000000000000000000000000000000000001000000000101010000
111111111110111111111111111111111111111111111111111111111111111101100000001011011000
111111111111000000000000000000000000000000000000000000000000000010000000000001100010
111111111111000000000000000000000000000000000000000000000000000000100000000111101010
000000000000000000000000000000000000000000000000000000000000000001000000001101110000
000000000011000000000000000000000000000000000000000000000000000001100000000011111000
001111001011000000000000000000000000000000000000000000000000000010000000001010000000
001111001011000000000000000000000000000000000000000000000000000100100000000000001000
001111001011000000000000000000000000000000000000000000000000001001000000000110010000
001111001100000000000000000000000000000000000000000000000000000001100000001100011000
001111001100000000000000000000000000000000000000000000000000000110000000000010100000
001111001100000000000000000000000000000000000000000000000000001000100000001000101000
001111001101000000000000000000000000000000000000000000000000000001000000001110110000
001111001101000000000000000000000000000000000000000000000000000101100000000100111000
001111001101000000000000000000000000000000000000000000000000001010000000001011000000
010000000000000000000000000000000000000000000000000000000000000100100000000001001000
010000000001000000000000000000000000000000000000000000000000000101000000000111010000
010000000001000000000000000000000000000000000000000000000000001001100000001101011000
010000000001000000000000000000000000000000000000000000000000001110000000000011100000
011111111110000000000000000000000000000000000000000000000000000000100000001001101000
011111111111000000000000000000000000000000000000000000000000000001000000001111110010
011111111111000000000000000000000000000000000000000000000000000001100000000101111010
100000000000000000000000000000000000000000000000000000000000000010000000001100000000
100000000011000000000000000000000000000000000000000000000000000000100000000010001000
101111001011000000000000000000000000000000000000000000000000000001000000001000010000
101111001011000000000000000000000000000000000000000000000000000101100000001110011000
101111001011000000000000000000000000000000000000000000000000001010000000000100100000
101111001100000000000000000000000000000000000000000000000000000000100000001010101000
101111001100000000000000000000000000000000000000000000000000000101000000000000110000
101111001100000000000000000000000000000000000000000000000000001001100000000110111000
101111001101000000000000000000000000000000000000000000000000000010000000001101000000
101111001101000000000000000000000000000000000000000000000000000100100000000011001000
101111001101000000000000000000000000000000000000000000000000001001000000001001010000
110000000000000000000000000000000000000000000000000000000000000101100000001111011000
110000000001000000000000000000000000000000000000000000000000001010000000000101100000
111111111110000000000000000000000000000000000000000000000000000000100000001011101000
111111111111000000000000000000000000000000000000000000000000000001000000000001110010
111111111111000000000000000000000000000000000000000000000000000001100000000111111010
000000000000000000000000000000000000000000000000000000000000000010000000001110000000
010000000000000000000000000000000000000000000000000000000000001000100000000100001000
010000000001000000000000000000000000000000000000000000000000001101000000001010010000
010000000001000000000000000000000000000000000000000000000000010001100000000000011000
010000000001000000000000000000000000000000000000000000000000010110000000000110100000
100000000000000000000000000000000000000000000000000000000000000000100000001100101000
110000000000000000000000000000000000000000000000000000000000001001000000000010110000
110000000001000000000000000000000000000000000000000000000000010001100000001000111000
010000000001000000000000000000000000000000000000000000000000010110000000001111000000
010000000010000111111111111111111111111111111111111111111111111000100000000101001000
000000000000000000000000000000000000000000000000000000000000000001000000001011010000
010000000000011111111111111111111111111111111111111111111111111101100000000001011000
010000000010000111111111111111111111111111111111111111111111111010000000000111100000
010000000010000111111111111111111111111111111111111111111111111100100000001101101000
010000000010000111111111111111111111111111111111111111111111111101000000000011110000
100000000000000000000000000000000000000000000000000000000000000001100000001001111000
110000000000011111111111111111111111111111111111111111111111111110000000000000000000
110000000010000111111111111111111111111111111111111111111111111100100000000110001000
000000000000000000000000000000000000000000000000000000000000000001000000001100010000
010000000000100000000000000000000000000000000000000000000000000001100000000010011000
010000000010000111111111111111111111111111111111111111111111111110000000001000100000
010000000010001000000000000000000000000000000000000000000000000000100000001110101000
010000000010001000000000000000000000000000000000000000000000000101000000000100110000
100000000000000000000000000000000000000000000000000000000000000001100000001010111000
110000000000100000000000000000000000000000000000000000000000000010000000000001000000
110000000010001000000000000000000000000000000000000000000000000000100000000111001000
000000000000000000000000000000000000000000000000000000000000000001000000001101010000
010000000000100000000000000000000000000000000000000000000000000101100000000011011000
010000000010001000000000000000000000000000000000000000000000000110000000001001100000
010000000010001000000000000000000000000000000000000000000000001000100000001111101000
010000000010001000000000000000000000000000000000000000000000001001000000000101110000
100000000000000000000000000000000000000000000000000000000000000001100000001011111000
110000000000100000000000000000000000000000000000000000000000000110000000000010000000
110000000010001000000000000000000000000000000000000000000000001000100000001000001000
010000000010001000000000000000000000000000000000000000000000001001000000001110010000
010000000010111111111111111111111111111111111111111111111111101101100000000100011000
000000000000000000000000000000000000000000000000000000000000000010000000001010100000
001111001011111111111111111111111111111111111111111111111111110100100000000000101000
001111001011111111111111111111111111111111111111111111111111111001000000000110110000
001111001100000000000000000000000000000000000000000000000000000001100000001100111000
001111001100111111111111111111111111111111111111111111111111110110000000000011000000
001111001100111111111111111111111111111111111111111111111111111000100000001001001000
001111001101000000000000000000000000000000000000000000000000000001000000001111010000
001111001101111111111111111111111111111111111111111111111111110101100000000101011000
001111001101111111111111111111111111111111111111111111111111111010000000001011100000
001111001110000000000000000000000000000000000000000000000000000000100000000001101000
010000000000111111111111111111111111111111111111111111111111111001000000000111110000
010000000010111111111111111111111111111111111111111111111111101101100000001101111000
010000000010111111111111111111111111111111111111111111111111110010000000000100000000
010000000010111111111111111111111111111111111111111111111111110100100000001010001000
100000000000000000000000000000000000000000000000000000000000000001000000000000010000
101111001011111111111111111111111111111111111111111111111111110101100000000110011000
101111001011111111111111111111111111111111111111111111111111111010000000001100100000
101111001100000000000000000000000000000000000000000000000000000000100000000010101000
101111001100111111111111111111111111111111111111111111111111110101000000001000110000
101111001100111111111111111111111111111111111111111111111111111001100000001110111000
101111001101000000000000000000000000000000000000000000000000000010000000000101000000
101111001101111111111111111111111111111111111111111111111111110100100000001011001000
101111001101111111111111111111111111111111111111111111111111111001000000000001010000
101111001110000000000000000000000000000000000000000000000000000001100000000111011000
110000000000111111111111111111111111111111111111111111111111111010000000001101100000
110000000010111111111111111111111111111111111111111111111111110000100000000011101000
000000000000000000000000000000000000000000000000000000000000000001000000001001110000
000000000011000000000000000000000000000000000000000000000000000001100000001111111000
000000000011111111111111111111111111111111111111111111111111111010000000000110000000
001111001011111111111111111111111111111111111111111111111111111000100000001100001000
001111001011111111111111111111111111111111111111111111111111111101000000000010010000
001111001100000000000000000000000000000000000000000000000000000001100000001000011000
001111001100111111111111111111111111111111111111111111111111111010000000001110100000
001111001100111111111111111111111111111111111111111111111111111100100000000100101000
001111001101000000000000000000000000000000000000000000000000000001000000001010110000
001111001101111111111111111111111111111111111111111111111111111001100000000000111000
001111001101111111111111111111111111111111111111111111111111111110000000000111000000
001111001110000000000000000000000000000000000000000000000000000000100000001101001000
010000000000111111111111111111111111111111111111111111111111111101000000000011010000
010000000010111111111111111111111111111111111111111111111111110101100000001001011000
010000000010111111111111111111111111111111111111111111111111111010000000001111100000
010000000010111111111111111111111111111111111111111111111111111100100000000101101000
011111111110000000000000000000000000000000000000000000000000000001000000001011110000
011111111110111111111111111111111111111111111111111111111111111001100000000001111000
011111111111000000000000000000000000000000000000000000000000000010000000001000000010
011111111111000000000000000000000000000000000000000000000000000000100000001110001010
011111111111000000000000000000000000000000000000000000000000000001000000000100010010
011111111111000000000000000000000000000000000000000000000000000001100000001010011010
100000000000000000000000000000000000000000000000000000000000000010000000000000100000
100000000011000000000000000000000000000000000000000000000000000000100000000110101000
100000000011111111111111111111111111111111111111111111111111111001000000001100110000
101111001011111111111111111111111111111111111111111111111111111001100000000010111000
101111001011111111111111111111111111111111111111111111111111111110000000001001000000
101111001100000000000000000000000000000000000000000000000000000000100000001111001000
101111001100111111111111111111111111111111111111111111111111111001000000000101010000
101111001100111111111111111111111111111111111111111111111111111101100000001011011000
101111001101000000000000000000000000000000000000000000000000000010000000000001100000
101111001101111111111111111111111111111111111111111111111111111000100000000111101000
101111001101111111111111111111111111111111111111111111111111111101000000001101110000
101111001110000000000000000000000000000000000000000000000000000001100000000011111000
110000000000111111111111111111111111111111111111111111111111111110000000001010000000
110000000010111111111111111111111111111111111111111111111111111000100000000000001000
111111111110000000000000000000000000000000000000000000000000000001000000000110010000
111111111110111111111111111111111111111111111111111111111111111001100000001100011000
111111111111000000000000000000000000000000000000000000000000000010000000000010100010
111111111111000000000000000000000000000000000000000000000000000000100000001000101010
111111111111000000000000000000000000000000000000000000000000000001000000001110110010
111111111111000000000000000000000000000000000000000000000000000001100000000100111010
010000000010111111111111111111111111111111111111111111111111111110000000001011000000
011010101011110001110001110001110001110001110001110001110001101000100000000001001000
000000000000000000000000000000000000000000000000000000000000000001000000000111010000
010101010101010101010101010101010101010101010101010101010101010101100000001101011000
011010101011110001110001110001110001110001110001110001110001101010000000000011100000
011010101011110001110001110001110001110001110001110001110001110000100000001001101000
011010101011110001110001110001110001110001110001110001110001110101000000001111110000
100000000000000000000000000000000000000000000000000000000000000001100000000101111000
110101010101010101010101010101010101010101010101010101010101010110000000001100000000
111010101011110001110001110001110001110001110001110001110001110000100000000010001000
011010101011110001110001110001110001110001110001110001110001110101000000001000010000
111111111111000000000000000000000000000000000000000000000000000001100000001110011010
111111111111000000000000000000000000000000000000000000000000000010000000000100100010
111111111111000000000000000000000000000000000000000000000000000000100000001010101010
111111111111000000000000000000000000000000000000000000000000000001000000000000110010
111111111111000000000000000000000000000000000000000000000000000001100000000110111010
111111111111000000000000000000000000000000000000000000000000000010000000001101000010
111111111111000000000000000000000000000000000000000000000000000000100000000011001010
111111111111000000000000000000000000000000000000000000000000000001000000001001010010
011111111111000000000000000000000000000000000000000000000000000001100000001111011010
000000000000000000000000000000000000000000000000000000000000000010000000000101100000
011111111101000000000000000000000000000000000000000000000000000000100000001011101000
011111111101111111111111111111111111111111111111111111111111111101000000000001110000
011111111110000000000000000000000000000000000000000000000000000001100000000111111000
011111111110111111111111111111111111111111111111111111111111111110000000001110000000
011111111111000000000000000000000000000000000000000000000000000000100000000100001010
011111111111000000000000000000000000000000000000000000000000000001000000001010010010
011111111111000000000000000000000000000000000000000000000000000001100000000000011010
011111111111000000000000000000000000000000000000000000000000000010000000000110100010
011111111111000000000000000000000000000000000000000000000000000000100000001100101010
011111111111000000000000000000000000000000000000000000000000000001000000000010110010
011111111111000000000000000000000000000000000000000000000000000001100000001000111010
011111111111000000000000000000000000000000000000000000000000000010000000001111000010
011111111111000000000000000000000000000000000000000000000000000000100000000101001010
011111111111000000000000000000000000000000000000000000000000000001000000001011010010
011111111111000000000000000000000000000000000000000000000000000001100000000001011010
011111111111000000000000000000000000000000000000000000000000000010000000000111100010
011111111111000000000000000000000000000000000000000000000000000000100000001101101010
011111111111000000000000000000000000000000000000000000000000000001000000000011110010
100000000000000000000000000000000000000000000000000000000000000001100000001001111000
111111111101000000000000000000000000000000000000000000000000000010000000000000000000
111111111101111111111111111111111111111111111111111111111111111100100000000110001000
111111111110000000000000000000000000000000000000000000000000000001000000001100010000
111111111110111111111111111111111111111111111111111111111111111101100000000010011000
111111111111000000000000000000000000000000000000000000000000000010000000001000100010
111111111111000000000000000000000000000000000000000000000000000000100000001110101010
111111111111000000000000000000000000000000000000000000000000000001000000000100110010
111111111111000000000000000000000000000000000000000000000000000001100000001010111010
111111111111000000000000000000000000000000000000000000000000000010000000000001000010
111111111111000000000000000000000000000000000000000000000000000000100000000111001010
111111111111000000000000000000000000000000000000000000000000000001000000001101010010
111111111111000000000000000000000000000000000000000000000000000001100000000011011010
111111111111000000000000000000000000000000000000000000000000000010000000001001100010
111111111111000000000000000000000000000000000000000000000000000000100000001111101010
111111111111000000000000000000000000000000000000000000000000000001000000000101110010
111111111111000000000000000000000000000000000000000000000000000001100000001011111010
000000000000000000000000000000000000000000000000000000000000000010000000000010000000
011111111101000000000000000000000000000000000000000000000000000100100000001000001000
011111111110000000000000000000000000000000000000000000000000000001000000001110010000
011111111111000000000000000000000000000000000000000000000000000001100000000100011010
011111111111000000000000000000000000000000000000000000000000000010000000001010100010
011111111111000000000000000000000000000000000000000000000000000000100000000000101010
011111111111000000000000000000000000000000000000000000000000000001000000000110110010
011111111111000000000000000000000000000000000000000000000000000001100000001100111010
011111111111000000000000000000000000000000000000000000000000000010000000000011000010
011111111111000000000000000000000000000000000000000000000000000000100000001001001010
011111111111000000000000000000000000000000000000000000000000000001000000001111010010
011111111111000000000000000000000000000000000000000000000000000001100000000101011010
011111111111000000000000000000000000000000000000000000000000000010000000001011100010
011111111111000000000000000000000000000000000000000000000000000000100000000001101010
011111111111000000000000000000000000000000000000000000000000000001000000000111110010
011111111111000000000000000000000000000000000000000000000000000001100000001101111010
011111111111000000000000000000000000000000000000000000000000000010000000000100000010
100000000000000000000000000000000000000000000000000000000000000000100000001010001000
111111111101000000000000000000000000000000000000000000000000000101000000000000010000
111111111110000000000000000000000000000000000000000000000000000001100000000110011000
111111111111000000000000000000000000000000000000000000000000000010000000001100100010
111111111111000000000000000000000000000000000000000000000000000000100000000010101010
111111111111000000000000000000000000000000000000000000000000000001000000001000110010
111111111111000000000000000000000000000000000000000000000000000001100000001110111010
111111111111000000000000000000000000000000000000000000000000000010000000000101000010
111111111111000000000000000000000000000000000000000000000000000000100000001011001010
111111111111000000000000000000000000000000000000000000000000000001000000000001010010
111111111111000000000000000000000000000000000000000000000000000001100000000111011010
111111111111000000000000000000000000000000000000000000000000000010000000001101100010
111111111111000000000000000000000000000000000000000000000000000000100000000011101010
111111111111000000000000000000000000000000000000000000000000000001000000001001110010
111111111111000000000000000000000000000000000000000000000000000001100000001111111010
000000000000000000000000000000000000000000000000000000000000000010000000000110000000
011111111101000000000000000000000000000000000000000000000000001000100000001100001000
011111111111000000000000000000000000000000000000000000000000000001000000000010010010
011111111111000000000000000000000000000000000000000000000000000001100000001000011010
011111111111000000000000000000000000000000000000000000000000000010000000001110100010
100000000000000000000000000000000000000000000000000000000000000000100000000100101000
111111111101000000000000000000000000000000000000000000000000001001000000001010110000
111111111111000000000000000000000000000000000000000000000000000001100000000000111010
011111111111000000000000000000000000000000000000000000000000000010000000000111000010
011111111111000000000000000000000000000000000000000000000000000000100000001101001010
000000000000000000000000000000000000000000000000000000000000000001000000000011010000
011111111101011111111111111111111111111111111111111111111111111101100000001001011000
011111111111000000000000000000000000000000000000000000000000000010000000001111100010
011111111111000000000000000000000000000000000000000000000000000000100000000101101010
011111111111000000000000000000000000000000000000000000000000000001000000001011110010
100000000000000000000000000000000000000000000000000000000000000001100000000001111000
111111111101011111111111111111111111111111111111111111111111111110000000001000000000
111111111111000000000000000000000000000000000000000000000000000000100000001110001010
000000000000000000000000000000000000000000000000000000000000000001000000000100010000
011111111101100000000000000000000000000000000000000000000000000001100000001010011000
011111111111000000000000000000000000000000000000000000000000000010000000000000100010
011111111111000000000000000000000000000000000000000000000000000000100000000110101010
011111111111000000000000000000000000000000000000000000000000000001000000001100110010
100000000000000000000000000000000000000000000000000000000000000001100000000010111000
111111111101100000000000000000000000000000000000000000000000000010000000001001000000
111111111111000000000000000000000000000000000000000000000000000000100000001111001010
000000000000000000000000000000000000000000000000000000000000000001000000000101010000
011111111101100000000000000000000000000000000000000000000000000101100000001011011000
011111111111000000000000000000000000000000000000000000000000000010000000000001100010
011111111111000000000000000000000000000000000000000000000000000000100000000111101010
011111111111000000000000000000000000000000000000000000000000000001000000001101110010
100000000000000000000000000000000000000000000000000000000000000001100000000011111000
111111111101100000000000000000000000000000000000000000000000000110000000001010000000
111111111111000000000000000000000000000000000000000000000000000000100000000000001010
011111111111000000000000000000000000000000000000000000000000000001000000000110010010
011111111111000000000000000000000000000000000000000000000000000001100000001100011010
000000000000000000000000000000000000000000000000000000000000000010000000000010100000
011111111101111111111111111111111111111111111111111111111111111000100000001000101000
011111111111000000000000000000000000000000000000000000000000000001000000001110110010
011111111111000000000000000000000000000000000000000000000000000001100000000100111010
011111111111000000000000000000000000000000000000000000000000000010000000001011000010
011111111111000000000000000000000000000000000000000000000000000000100000000001001010
011111111111000000000000000000000000000000000000000000000000000001000000000111010010
011111111111000000000000000000000000000000000000000000000000000001100000001101011010
011111111111000000000000000000000000000000000000000000000000000010000000000011100010
011111111111000000000000000000000000000000000000000000000000000000100000001001101010
011111111111000000000000000000000000000000000000000000000000000001000000001111110010
011111111111000000000000000000000000000000000000000000000000000001100000000101111010
011111111111000000000000000000000000000000000000000000000000000010000000001100000010
011111111111000000000000000000000000000000000000000000000000000000100000000010001010
100000000000000000000000000000000000000000000000000000000000000001000000001000010000
111111111101111111111111111111111111111111111111111111111111111001100000001110011000
111111111111000000000000000000000000000000000000000000000000000010000000000100100010
111111111111000000000000000000000000000000000000000000000000000000100000001010101010
111111111111000000000000000000000000000000000000000000000000000001000000000000110010
111111111111000000000000000000000000000000000000000000000000000001100000000110111010
111111111111000000000000000000000000000000000000000000000000000010000000001101000010
111111111111000000000000000000000000000000000000000000000000000000100000000011001010
111111111111000000000000000000000000000000000000000000000000000001000000001001010010
111111111111000000000000000000000000000000000000000000000000000001100000001111011010
111111111111000000000000000000000000000000000000000000000000000010000000000101100010
111111111111000000000000000000000000000000000000000000000000000000100000001011101010
000000000000000000000000000000000000000000000000000000000000000001000000000001110000
011111111101111111111111111111111111111111111111111111111111111101100000000111111000
011111111110000000000000000000000000000000000000000000000000000010000000001110000000
011111111110111111111111111111111111111111111111111111111111111000100000000100001000
011111111111000000000000000000000000000000000000000000000000000001000000001010010010
011111111111000000000000000000000000000000000000000000000000000001100000000000011010
011111111111000000000000000000000000000000000000000000000000000010000000000110100010
011111111111000000000000000000000000000000000000000000000000000000100000001100101010
011111111111000000000000000000000000000000000000000000000000000001000000000010110010
011111111111000000000000000000000000000000000000000000000000000001100000001000111010
011111111111000000000000000000000000000000000000000000000000000010000000001111000010
011111111111000000000000000000000000000000000000000000000000000000100000000101001010
011111111111000000000000000000000000000000000000000000000000000001000000001011010010
011111111111000000000000000000000000000000000000000000000000000001100000000001011010
011111111111000000000000000000000000000000000000000000000000000010000000000111100010
011111111111000000000000000000000000000000000000000000000000000000100000001101101010
011111111111000000000000000000000000000000000000000000000000000001000000000011110010
011111111111000000000000000000000000000000000000000000000000000001100000001001111010
011111111111000000000000000000000000000000000000000000000000000010000000000000000010
011111111111000000000000000000000000000000000000000000000000000000100000000110001010
100000000000000000000000000000000000000000000000000000000000000001000000001100010000
111111111101111111111111111111111111111111111111111111111111111101100000000010011000
111111111110000000000000000000000000000000000000000000000000000010000000001000100000
111111111110111111111111111111111111111111111111111111111111111000100000001110101000
111111111111000000000000000000000000000000000000000000000000000001000000000100110010
111111111111000000000000000000000000000000000000000000000000000001100000001010111010
111111111111000000000000000000000000000000000000000000000000000010000000000001000010
111111111111000000000000000000000000000000000000000000000000000000100000000111001010
111111111111000000000000000000000000000000000000000000000000000001000000001101010010
111111111111000000000000000000000000000000000000000000000000000001100000000011011010
111111111111000000000000000000000000000000000000000000000000000010000000001001100010
111111111111000000000000000000000000000000000000000000000000000000100000001111101010
111111111111000000000000000000000000000000000000000000000000000001000000000101110010
111111111111000000000000000000000000000000000000000000000000000001100000001011111010
111111111111000000000000000000000000000000000000000000000000000010000000000010000010
111111111111000000000000000000000000000000000000000000000000000000100000001000001010
111111111111000000000000000000000000000000000000000000000000000001000000001110010010
111111111111000000000000000000000000000000000000000000000000000001100000000100011010
000000000000000000000000000000000000000000000000000000000000000010000000001010100000
011111111101000000000000000000000000000000000000000000000000000000100000000000101000
011111111101111111111111111111111111111111111111111111111111111101000000000110110000
011111111110000000000000000000000000000000000000000000000000000001100000001100111000
011111111110111111111111111111111111111111111111111111111111111110000000000011000000
011111111111000000000000000000000000000000000000000000000000000000100000001001001010
011111111111000000000000000000000000000000000000000000000000000001000000001111010010
011111111111000000000000000000000000000000000000000000000000000001100000000101011010
011111111111000000000000000000000000000000000000000000000000000010000000001011100010
011111111111000000000000000000000000000000000000000000000000000000100000000001101010
011111111111000000000000000000000000000000000000000000000000000001000000000111110010
011111111111000000000000000000000000000000000000000000000000000001100000001101111010
011111111111000000000000000000000000000000000000000000000000000010000000000100000010
011111111111000000000000000000000000000000000000000000000000000000100000001010001010
011111111111000000000000000000000000000000000000000000000000000001000000000000010010
011111111111000000000000000000000000000000000000000000000000000001100000000110011010
011111111111000000000000000000000000000000000000000000000000000010000000001100100010
011111111111000000000000000000000000000000000000000000000000000000100000000010101010
011111111111000000000000000000000000000000000000000000000000000001000000001000110010
100000000000000000000000000000000000000000000000000000000000000001100000001110111000
111111111101000000000000000000000000000000000000000000000000000010000000000101000000
111111111101111111111111111111111111111111111111111111111111111100100000001011001000
111111111110000000000000000000000000000000000000000000000000000001000000000001010000
111111111110111111111111111111111111111111111111111111111111111101100000000111011000
111111111111000000000000000000000000000000000000000000000000000010000000001101100010
111111111111000000000000000000000000000000000000000000000000000000100000000011101010
111111111111000000000000000000000000000000000000000000000000000001000000001001110010
111111111111000000000000000000000000000000000000000000000000000001100000001111111010
111111111111000000000000000000000000000000000000000000000000000010000000000110000010
111111111111000000000000000000000000000000000000000000000000000000100000001100001010
111111111111000000000000000000000000000000000000000000000000000001000000000010010010
111111111111000000000000000000000000000000000000000000000000000001100000001000011010
111111111111000000000000000000000000000000000000000000000000000010000000001110100010
111111111111000000000000000000000000000000000000000000000000000000100000000100101010
111111111111000000000000000000000000000000000000000000000000000001000000001010110010
111111111111000000000000000000000000000000000000000000000000000001100000000000111010
000000000000000000000000000000000000000000000000000000000000000010000000000111000000
011111111110000000000000000000000000000000000000000000000000000000100000001101001000
011111111110000000000000000000000000000000000000000000000000000101000000000011010000
011111111111000000000000000000000000000000000000000000000000000001100000001001011010
011111111111000000000000000000000000000000000000000000000000000010000000001111100010
011111111111000000000000000000000000000000000000000000000000000000100000000101101010
011111111111000000000000000000000000000000000000000000000000000001000000001011110010
011111111111000000000000000000000000000000000000000000000000000001100000000001111010
011111111111000000000000000000000000000000000000000000000000000010000000001000000010
011111111111000000000000000000000000000000000000000000000000000000100000001110001010
011111111111000000000000000000000000000000000000000000000000000001000000000100010010
011111111111000000000000000000000000000000000000000000000000000001100000001010011010
011111111111000000000000000000000000000000000000000000000000000010000000000000100010
011111111111000000000000000000000000000000000000000000000000000000100000000110101010
011111111111000000000000000000000000000000000000000000000000000001000000001100110010
011111111111000000000000000000000000000000000000000000000000000001100000000010111010
011111111111000000000000000000000000000000000000000000000000000010000000001001000010
100000000000000000000000000000000000000000000000000000000000000000100000001111001000
111111111110000000000000000000000000000000000000000000000000000001000000000101010000
111111111110000000000000000000000000000000000000000000000000000101100000001011011000
111111111111000000000000000000000000000000000000000000000000000010000000000001100010
111111111111000000000000000000000000000000000000000000000000000000100000000111101010
111111111111000000000000000000000000000000000000000000000000000001000000001101110010
111111111111000000000000000000000000000000000000000000000000000001100000000011111010
111111111111000000000000000000000000000000000000000000000000000010000000001010000010
111111111111000000000000000000000000000000000000000000000000000000100000000000001010
111111111111000000000000000000000000000000000000000000000000000001000000000110010010
111111111111000000000000000000000000000000000000000000000000000001100000001100011010
111111111111000000000000000000000000000000000000000000000000000010000000000010100010
111111111111000000000000000000000000000000000000000000000000000000100000001000101010
111111111111000000000000000000000000000000000000000000000000000001000000001110110010
111111111111000000000000000000000000000000000000000000000000000001100000000100111010
000000000000000000000000000000000000000000000000000000000000000010000000001011000000
011111111110000000000000000000000000000000000000000000000000001000100000000001001000
011111111111000000000000000000000000000000000000000000000000000001000000000111010010
011111111111000000000000000000000000000000000000000000000000000001100000001101011010
011111111111000000000000000000000000000000000000000000000000000010000000000011100010
100000000000000000000000000000000000000000000000000000000000000000100000001001101000
111111111110000000000000000000000000000000000000000000000000001001000000001111110000
111111111111000000000000000000000000000000000000000000000000000001100000000101111010
011111111111000000000000000000000000000000000000000000000000000010000000001100000010
011111111111000000000000000000000000000000000000000000000000000000100000000010001010
000000000000000000000000000000000000000000000000000000000000000001000000001000010000
011111111110011111111111111111111111111111111111111111111111111101100000001110011000
011111111111000000000000000000000000000000000000000000000000000010000000000100100010
011111111111000000000000000000000000000000000000000000000000000000100000001010101010
011111111111000000000000000000000000000000000000000000000000000001000000000000110010
100000000000000000000000000000000000000000000000000000000000000001100000000110111000
111111111110011111111111111111111111111111111111111111111111111110000000001101000000
111111111111000000000000000000000000000000000000000000000000000000100000000011001010
000000000000000000000000000000000000000000000000000000000000000001000000001001010000
011111111110100000000000000000000000000000000000000000000000000001100000001111011000
011111111111000000000000000000000000000000000000000000000000000010000000000101100010
011111111111000000000000000000000000000000000000000000000000000000100000001011101010
011111111111000000000000000000000000000000000000000000000000000001000000000001110010
100000000000000000000000000000000000000000000000000000000000000001100000000111111000
111111111110100000000000000000000000000000000000000000000000000010000000001110000000
111111111111000000000000000000000000000000000000000000000000000000100000000100001010
000000000000000000000000000000000000000000000000000000000000000001000000001010010000
011111111110100000000000000000000000000000000000000000000000000101100000000000011000
011111111111000000000000000000000000000000000000000000000000000010000000000110100010
011111111111000000000000000000000000000000000000000000000000000000100000001100101010
011111111111000000000000000000000000000000000000000000000000000001000000000010110010
100000000000000000000000000000000000000000000000000000000000000001100000001000111000
111111111110100000000000000000000000000000000000000000000000000110000000001111000000
111111111111000000000000000000000000000000000000000000000000000000100000000101001010
011111111111000000000000000000000000000000000000000000000000000001000000001011010010
011111111111000000000000000000000000000000000000000000000000000001100000000001011010
000000000000000000000000000000000000000000000000000000000000000010000000000111100000
011111111110111111111111111111111111111111111111111111111111111000100000001101101000
011111111111000000000000000000000000000000000000000000000000000001000000000011110010
011111111111000000000000000000000000000000000000000000000000000001100000001001111010
011111111111000000000000000000000000000000000000000000000000000010000000000000000010
011111111111000000000000000000000000000000000000000000000000000000100000000110001010
011111111111000000000000000000000000000000000000000000000000000001000000001100010010
011111111111000000000000000000000000000000000000000000000000000001100000000010011010
011111111111000000000000000000000000000000000000000000000000000010000000001000100010
011111111111000000000000000000000000000000000000000000000000000000100000001110101010
011111111111000000000000000000000000000000000000000000000000000001000000000100110010
011111111111000000000000000000000000000000000000000000000000000001100000001010111010
011111111111000000000000000000000000000000000000000000000000000010000000000001000010
011111111111000000000000000000000000000000000000000000000000000000100000000111001010
100000000000000000000000000000000000000000000000000000000000000001000000001101010000
111111111110111111111111111111111111111111111111111111111111111001100000000011011000
111111111111000000000000000000000000000000000000000000000000000010000000001001100010
111111111111000000000000000000000000000000000000000000000000000000100000001111101010
111111111111000000000000000000000000000000000000000000000000000001000000000101110010
111111111111000000000000000000000000000000000000000000000000000001100000001011111010
111111111111000000000000000000000000000000000000000000000000000010000000000010000010
111111111111000000000000000000000000000000000000000000000000000000100000001000001010
111111111111000000000000000000000000000000000000000000000000000001000000001110010010
111111111111000000000000000000000000000000000000000000000000000001100000000100011010
111111111111000000000000000000000000000000000000000000000000000010000000001010100010
111111111111000000000000000000000000000000000000000000000000000000100000000000101010
000000000000000000000000000000000000000000000000000000000000000001000000000110110000
000000000000000000000000000000000000000000000000000000000000000001100000001100111000
010000000000111111111111111111111111111111111111111111111111111110000000000011000000
011111111110000000000000000000000000000000000000000000000000000000100000001001001000
011111111110111111111111111111111111111111111111111111111111111001000000001111010000
011111111110111111111111111111111111111111111111111111111111111101100000000101011000
011111111111000000000000000000000000000000000000000000000000000010000000001011100010
011111111111000000000000000000000000000000000000000000000000000000100000000001101010
011111111111000000000000000000000000000000000000000000000000000001000000000111110010
011111111111000000000000000000000000000000000000000000000000000001100000001101111010
011111111111000000000000000000000000000000000000000000000000000010000000000100000010
011111111111000000000000000000000000000000000000000000000000000000100000001010001010
011111111111000000000000000000000000000000000000000000000000000001000000000000010010
011111111111000000000000000000000000000000000000000000000000000001100000000110011010
011111111111000000000000000000000000000000000000000000000000000010000000001100100010
011111111111000000000000000000000000000000000000000000000000000000100000000010101010
011111111111000000000000000000000000000000000000000000000000000001000000001000110010
011111111111000000000000000000000000000000000000000000000000000001100000001110111010
011111111111000000000000000000000000000000000000000000000000000010000000000101000010
011111111111000000000000000000000000000000000000000000000000000000100000001011001010
011111111111000000000000000000000000000000000000000000000000000001000000000001010010
011111111111000000000000000000000000000000000000000000000000000001100000000111011000
011111111111100000000000000000000000000000000000000000000000000010000000001101100000
011111111111100000000000000000000000000000000000000000000000000000100000000011101000
100000000000000000000000000000000000000000000000000000000000000001000000001001110000
100000000000000000000000000000000000000000000000000000000000000001100000001111111000
110000000000111111111111111111111111111111111111111111111111111110000000000110000000
111111111110000000000000000000000000000000000000000000000000000000100000001100001000
111111111110111111111111111111111111111111111111111111111111111001000000000010010000
111111111110111111111111111111111111111111111111111111111111111101100000001000011000
111111111111000000000000000000000000000000000000000000000000000010000000001110100010
111111111111000000000000000000000000000000000000000000000000000000100000000100101010
111111111111000000000000000000000000000000000000000000000000000001000000001010110010
111111111111000000000000000000000000000000000000000000000000000001100000000000111010
111111111111000000000000000000000000000000000000000000000000000010000000000111000010
111111111111000000000000000000000000000000000000000000000000000000100000001101001010
111111111111000000000000000000000000000000000000000000000000000001000000000011010010
111111111111000000000000000000000000000000000000000000000000000001100000001001011010
111111111111000000000000000000000000000000000000000000000000000010000000001111100010
111111111111000000000000000000000000000000000000000000000000000000100000000101101010
111111111111000000000000000000000000000000000000000000000000000001000000001011110010
111111111111000000000000000000000000000000000000000000000000000001100000000001111010
111111111111000000000000000000000000000000000000000000000000000010000000001000000010
111111111111000000000000000000000000000000000000000000000000000000100000001110001010
111111111111000000000000000000000000000000000000000000000000000001000000000100010000
011111111111100000000000000000000000000000000000000000000000000001100000001010011000
011111111111100000000000000000000000000000000000000000000000000010000000000000100000
011111111111100000000000000000000000000000000000000000000000000000100000000110101100
011111111111100000000000000000000000000000000000000000000000000001000000001100110100
011111111111000000000000000000000000000000000000000000000000000001100000000010111000
011111111111000000000000000000000000000000000000000000000000000010000000001001000000
011111111111000000000000000000000000000000000000000000000000000000100000001111001000
011111111111000000000000000000000000000000000000000000000000000001000000000101010000
011111111111100000000000000000000000000000000000000000000000000001100000001011011000
011111111111100000000000000000000000000000000000000000000000000010000000000001100000
011111111111100000000000000000000000000000000000000000000000000000100000000111101100
011111111111100000000000000000000000000000000000000000000000000001000000001101110100
111111111111000000000000000000000000000000000000000000000000000001100000000011111000
111111111111000000000000000000000000000000000000000000000000000010000000001010000000
111111111111000000000000000000000000000000000000000000000000000000100000000000001000
111111111111000000000000000000000000000000000000000000000000000001000000000110010000
011111111111100000000000000000000000000000000000000000000000000001100000001100011000
011111111111100000000000000000000000000000000000000000000000000010000000000010100000
011111111111100000000000000000000000000000000000000000000000000000100000001000101000
011111111111100000000000000000000000000000000000000000000000000001000000001110110000
011111111111100000000000000000000000000000000000000000000000000001100000000100111000
011111111111100000000000000000000000000000000000000000000000000010000000001011000000
011111111111100000000000000000000000000000000000000000000000000000100000000001001000
011111111111100000000000000000000000000000000000000000000000000001000000000111010000
011111111111100000000000000000000000000000000000000000000000000001100000001101011000
011111111111100000000000000000000000000000000000000000000000000010000000000011100000
011111111111100000000000000000000000000000000000000000000000000000100000001001101000
011111111111100000000000000000000000000000000000000000000000000001000000001111110000
011111111111100000000000000000000000000000000000000000000000000001100000000101111000
011111111111100000000000000000000000000000000000000000000000000010000000001100000000
011111111111100000000000000000000000000000000000000000000000000000100000000010001000
011111111111100000000000000000000000000000000000000000000000000001000000001000010000
011111111111100000000000000000000000000000000000000000000000000001100000001110011000
011111111111100000000000000000000000000000000000000000000000000010000000000100100000
011111111111100000000000000000000000000000000000000000000000000000100000001010101000
011111111111100000000000000000000000000000000000000000000000000001000000000000110000
011111111111100000000000000000000000000000000000000000000000000001100000000110111000
011111111111100000000000000000000000000000000000000000000000000010000000001101000000
011111111111100000000000000000000000000000000000000000000000000000100000000011001000
011111111111100000000000000000000000000000000000000000000000000001000000001001010000
011111111111100000000000000000000000000000000000000000000000000001100000001111011000
011111111111100000000000000000000000000000000000000000000000000010000000000101100000
011111111111100000000000000000000000000000000000000000000000000000100000001011101000
011111111111100000000000000000000000000000000000000000000000000001000000000001110000
011111111111100000000000000000000000000000000000000000000000000001100000000111111000
011111111111100000000000000000000000000000000000000000000000000010000000001110000000
011111111111100000000000000000000000000000000000000000000000000000100000000100001000
011111111111100000000000000000000000000000000000000000000000000001000000001010010000
011111111111100000000000000000000000000000000000000000000000000001100000000000011000
011111111111100000000000000000000000000000000000000000000000000010000000000110100000
011111111111100000000000000000000000000000000000000000000000000000100000001100101000
011111111111100000000000000000000000000000000000000000000000000001000000000010110000
011111111111100000000000000000000000000000000000000000000000000001100000001000111000
011111111111100000000000000000000000000000000000000000000000000010000000001111000000
011111111111100000000000000000000000000000000000000000000000000000100000000101001000
011111111111100000000000000000000000000000000000000000000000000001000000001011010000
011111111111100000000000000000000000000000000000000000000000000001100000000001011000
011111111111100000000000000000000000000000000000000000000000000010000000000111100000
011111111111100000000000000000000000000000000000000000000000000000100000001101101000
011111111111100000000000000000000000000000000000000000000000000001000000000011110000
011111111111100000000000000000000000000000000000000000000000000001100000001001111000
011111111111100000000000000000000000000000000000000000000000000010000000000000000000
011111111111100000000000000000000000000000000000000000000000000000100000000110001000
011111111111100000000000000000000000000000000000000000000000000001000000001100010000
011111111111100000000000000000000000000000000000000000000000000001100000000010011000
011111111111100000000000000000000000000000000000000000000000000010000000001000100000
011111111111100000000000000000000000000000000000000000000000000000100000001110101000
011111111111100000000000000000000000000000000000000000000000000001000000000100110000
011111111111100000000000000000000000000000000000000000000000000001100000001010111000
011111111111100000000000000000000000000000000000000000000000000010000000000001000000
011111111111100000000000000000000000000000000000000000000000000000100000000111001000
011111111111100000000000000000000000000000000000000000000000000001000000001101010000
011111111111100000000000000000000000000000000000000000000000000001100000000011011000
011111111111100000000000000000000000000000000000000000000000000010000000001001100000
011111111111100000000000000000000000000000000000000000000000000000100000001111101000
011111111111100000000000000000000000000000000000000000000000000001000000000101110000
011111111111100000000000000000000000000000000000000000000000000001100000001011111000
011111111111100000000000000000000000000000000000000000000000000010000000000010000000
011111111111100000000000000000000000000000000000000000000000000000100000001000001000
011111111111100000000000000000000000000000000000000000000000000001000000001110010000
011111111111100000000000000000000000000000000000000000000000000001100000000100011000
011111111111100000000000000000000000000000000000000000000000000010000000001010100000
011111111111100000000000000000000000000000000000000000000000000000100000000000101000
011111111111100000000000000000000000000000000000000000000000000001000000000110110000
011111111111100000000000000000000000000000000000000000000000000001100000001100111000
011111111111100000000000000000000000000000000000000000000000000010000000000011000000
011111111111100000000000000000000000000000000000000000000000000000100000001001001000
011111111111100000000000000000000000000000000000000000000000000001000000001111010000
011111111111100000000000000000000000000000000000000000000000000001100000000101011000
011111111111100000000000000000000000000000000000000000000000000010000000001011100000
011111111111100000000000000000000000000000000000000000000000000000100000000001101000
011111111111100000000000000000000000000000000000000000000000000001000000000111110000
011111111111100000000000000000000000000000000000000000000000000001100000001101111000
011111111111100000000000000000000000000000000000000000000000000010000000000100000000
011111111111100000000000000000000000000000000000000000000000000000100000001010001000
011111111111100000000000000000000000000000000000000000000000000001000000000000010000
011111111111100000000000000000000000000000000000000000000000000001100000000110011000
011111111111100000000000000000000000000000000000000000000000000010000000001100100000
011111111111100000000000000000000000000000000000000000000000000000100000000010101000
011111111111100000000000000000000000000000000000000000000000000001000000001000110000
011111111111100000000000000000000000000000000000000000000000000001100000001110111000
011111111111100000000000000000000000000000000000000000000000000010000000000101000000
011111111111100000000000000000000000000000000000000000000000000000100000001011001000
011111111111100000000000000000000000000000000000000000000000000001000000000001010000
011111111111100000000000000000000000000000000000000000000000000001100000000111011000
011111111111100000000000000000000000000000000000000000000000000010000000001101100000
011111111111100000000000000000000000000000000000000000000000000000100000000011101000
011111111111100000000000000000000000000000000000000000000000000001000000001001110000
011111111111100000000000000000000000000000000000000000000000000001100000001111111000
011111111111100000000000000000000000000000000000000000000000000010000000000110000000
011111111111100000000000000000000000000000000000000000000000000000100000001100001000
011111111111100000000000000000000000000000000000000000000000000001000000000010010000
011111111111100000000000000000000000000000000000000000000000000001100000001000011000
011111111111100000000000000000000000000000000000000000000000000010000000001110100000
011111111111100000000000000000000000000000000000000000000000000000100000000100101000
011111111111100000000000000000000000000000000000000000000000000001000000001010110000
011111111111100000000000000000000000000000000000000000000000000001100000000000111000
011111111111100000000000000000000000000000000000000000000000000010000000000111000000
011111111111100000000000000000000000000000000000000000000000000000100000001101001000
011111111111100000000000000000000000000000000000000000000000000001000000000011010000
011111111111100000000000000000000000000000000000000000000000000001100000001001011000
011111111111100000000000000000000000000000000000000000000000000010000000001111100000
011111111111100000000000000000000000000000000000000000000000000000100000000101101000
011111111111100000000000000000000000000000000000000000000000000001000000001011110000
011111111111100000000000000000000000000000000000000000000000000001100000000001111000
011111111111100000000000000000000000000000000000000000000000000010000000001000000000
011111111111100000000000000000000000000000000000000000000000000000100000001110001000
011111111111100000000000000000000000000000000000000000000000000001000000000100010000
011111111111100000000000000000000000000000000000000000000000000001100000001010011000
011111111111100000000000000000000000000000000000000000000000000010000000000000100000
011111111111100000000000000000000000000000000000000000000000000000100000000110101000
011111111111100000000000000000000000000000000000000000000000000001000000001100110000
011111111111100000000000000000000000000000000000000000000000000001100000000010111000
011111111111100000000000000000000000000000000000000000000000000010000000001001000000
011111111111100000000000000000000000000000000000000000000000000000100000001111001000
011111111111100000000000000000000000000000000000000000000000000001000000000101010000
011111111111100000000000000000000000000000000000000000000000000001100000001011011000
011111111111100000000000000000000000000000000000000000000000000010000000000001100000
011111111111100000000000000000000000000000000000000000000000000000100000000111101000
011111111111100000000000000000000000000000000000000000000000000001000000001101110000
011111111111100000000000000000000000000000000000000000000000000001100000000011111000
011111111111100000000000000000000000000000000000000000000000000010000000001010000000
011111111111100000000000000000000000000000000000000000000000000000100000000000001000
011111111111100000000000000000000000000000000000000000000000000001000000000110010000
011111111111100000000000000000000000000000000000000000000000000001100000001100011000
011111111111100000000000000000000000000000000000000000000000000010000000000010100000
100000000000000000000000000000000000000000000000000000000000000000100000001000101000
100000000000000000000000000000000000000000000000000000000000000001000000001110110000
100000000000000000000000000000000000000000000000000000000000000001100000000100111000
100000000000000000000000000000000000000000000000000000000000000010000000001011000000
100000000000000000000000000000000000000000000000000000000000000000100000000001001000
100000000000000000000000000000000000000000000000000000000000000001000000000111010000
100000000000000000000000000000000000000000000000000000000000000001100000001101011000
100000000000000000000000000000000000000000000000000000000000000010000000000011100000
100000000000000000000000000000000000000000000000000000000000000000100000001001101000
100000000000000000000000000000000000000000000000000000000000000001000000001111110000
100000000000000000000000000000000000000000000000000000000000000001100000000101111000
100000000000000000000000000000000000000000000000000000000000000010000000001100000000
100000000000000000000000000000000000000000000000000000000000000000100000000010001000
100000000000000000000000000000000000000000000000000000000000000001000000001000010000
100000000000000000000000000000000000000000000000000000000000000001100000001110011000
100000000000000000000000000000000000000000000000000000000000000010000000000100100000
100000000000000000000000000000000000000000000000000000000000000000100000001010101000
100000000000000000000000000000000000000000000000000000000000000001000000000000110000
100000000000000000000000000000000000000000000000000000000000000001100000000110111000
100000000000000000000000000000000000000000000000000000000000000010000000001101000000
100000000000000000000000000000000000000000000000000000000000000000100000000011001000
100000000000000000000000000000000000000000000000000000000000000001000000001001010000
100000000000000000000000000000000000000000000000000000000000000001100000001111011000
100000000000000000000000000000000000000000000000000000000000000010000000000101100000
100000000000000000000000000000000000000000000000000000000000000000100000001011101000
100000000000000000000000000000000000000000000000000000000000000001000000000001110000
100000000000000000000000000000000000000000000000000000000000000001100000000111111000
100000000000000000000000000000000000000000000000000000000000000010000000001110000000
100000000000000000000000000000000000000000000000000000000000000000100000000100001000
100000000000000000000000000000000000000000000000000000000000000001000000001010010000
100000000000000000000000000000000000000000000000000000000000000001100000000000011000
100000000000000000000000000000000000000000000000000000000000000010000000000110100000
100000000000000000000000000000000000000000000000000000000000000000100000001100101000
100000000000000000000000000000000000000000000000000000000000000001000000000010110000
100000000000000000000000000000000000000000000000000000000000000001100000001000111000
100000000000000000000000000000000000000000000000000000000000000010000000001111000000
100000000000000000000000000000000000000000000000000000000000000000100000000101001000
100000000000000000000000000000000000000000000000000000000000000001000000001011010000
100000000000000000000000000000000000000000000000000000000000000001100000000001011000
100000000000000000000000000000000000000000000000000000000000000010000000000111100000
100000000000000000000000000000000000000000000000000000000000000000100000001101101000
100000000000000000000000000000000000000000000000000000000000000001000000000011110000
100000000000000000000000000000000000000000000000000000000000000001100000001001111000
100000000000000000000000000000000000000000000000000000000000000010000000000000000000
100000000000000000000000000000000000000000000000000000000000000000100000000110001000
100000000000000000000000000000000000000000000000000000000000000001000000001100010000
100000000000000000000000000000000000000000000000000000000000000001100000000010011000
100000000000000000000000000000000000000000000000000000000000000010000000001000100000
100000000000000000000000000000000000000000000000000000000000000000100000001110101000
100000000000000000000000000000000000000000000000000000000000000001000000000100110000
100000000000000000000000000000000000000000000000000000000000000001100000001010111000
100000000000000000000000000000000000000000000000000000000000000010000000000001000000
100000000000000000000000000000000000000000000000000000000000000000100000000111001000
100000000000000000000000000000000000000000000000000000000000000001000000001101010000
100000000000000000000000000000000000000000000000000000000000000001100000000011011000
100000000000000000000000000000000000000000000000000000000000000010000000001001100000
100000000000000000000000000000000000000000000000000000000000000000100000001111101000
100000000000000000000000000000000000000000000000000000000000000001000000000101110000
100000000000000000000000000000000000000000000000000000000000000001100000001011111000
100000000000000000000000000000000000000000000000000000000000000010000000000010000000
100000000000000000000000000000000000000000000000000000000000000000100000001000001000
100000000000000000000000000000000000000000000000000000000000000001000000001110010000
100000000000000000000000000000000000000000000000000000000000000001100000000100011000
100000000000000000000000000000000000000000000000000000000000000010000000001010100000
100000000000000000000000000000000000000000000000000000000000000000100000000000101000
100000000000000000000000000000000000000000000000000000000000000001000000000110110000
100000000000000000000000000000000000000000000000000000000000000001100000001100111000
100000000000000000000000000000000000000000000000000000000000000010000000000011000000
100000000000000000000000000000000000000000000000000000000000000000100000001001001000
100000000000000000000000000000000000000000000000000000000000000001000000001111010000
100000000000000000000000000000000000000000000000000000000000000001100000000101011000
100000000000000000000000000000000000000000000000000000000000000010000000001011100000
100000000000000000000000000000000000000000000000000000000000000000100000000001101000
100000000000000000000000000000000000000000000000000000000000000001000000000111110000
100000000000000000000000000000000000000000000000000000000000000001100000001101111000
100000000000000000000000000000000000000000000000000000000000000010000000000100000000
100000000000000000000000000000000000000000000000000000000000000000100000001010001000
100000000000000000000000000000000000000000000000000000000000000001000000000000010000
100000000000000000000000000000000000000000000000000000000000000001100000000110011000
100000000000000000000000000000000000000000000000000000000000000010000000001100100000
100000000000000000000000000000000000000000000000000000000000000000100000000010101000
100000000000000000000000000000000000000000000000000000000000000001000000001000110000
100000000000000000000000000000000000000000000000000000000000000001100000001110111000
100000000000000000000000000000000000000000000000000000000000000010000000000101000000
100000000000000000000000000000000000000000000000000000000000000000100000001011001000
100000000000000000000000000000000000000000000000000000000000000001000000000001010000
100000000000000000000000000000000000000000000000000000000000000001100000000111011000
100000000000000000000000000000000000000000000000000000000000000010000000001101100000
100000000000000000000000000000000000000000000000000000000000000000100000000011101000
100000000000000000000000000000000000000000000000000000000000000001000000001001110000
100000000000000000000000000000000000000000000000000000000000000001100000001111111000
100000000000000000000000000000000000000000000000000000000000000010000000000110000000
100000000000000000000000000000000000000000000000000000000000000000100000001100001000
100000000000000000000000000000000000000000000000000000000000000001000000000010010000
100000000000000000000000000000000000000000000000000000000000000001100000001000011000
100000000000000000000000000000000000000000000000000000000000000010000000001110100000
100000000000000000000000000000000000000000000000000000000000000000100000000100101000
100000000000000000000000000000000000000000000000000000000000000001000000001010110000
100000000000000000000000000000000000000000000000000000000000000001100000000000111000
100000000000000000000000000000000000000000000000000000000000000010000000000111000000
100000000000000000000000000000000000000000000000000000000000000000100000001101001000
100000000000000000000000000000000000000000000000000000000000000001000000000011010000
100000000000000000000000000000000000000000000000000000000000000001100000001001011000
100000000000000000000000000000000000000000000000000000000000000010000000001111100000
100000000000000000000000000000000000000000000000000000000000000000100000000101101000
100000000000000000000000000000000000000000000000000000000000000001000000001011110000
100000000000000000000000000000000000000000000000000000000000000001100000000001111000
100000000000000000000000000000000000000000000000000000000000000010000000001000000000
100000000000000000000000000000000000000000000000000000000000000000100000001110001000
100000000000000000000000000000000000000000000000000000000000000001000000000100010000
100000000000000000000000000000000000000000000000000000000000000001100000001010011000
100000000000000000000000000000000000000000000000000000000000000010000000000000100000
100000000000000000000000000000000000000000000000000000000000000000100000000110101000
100000000000000000000000000000000000000000000000000000000000000001000000001100110000
100000000000000000000000000000000000000000000000000000000000000001100000000010111000
100000000000000000000000000000000000000000000000000000000000000010000000001001000000
100000000000000000000000000000000000000000000000000000000000000000100000001111001000
100000000000000000000000000000000000000000000000000000000000000001000000000101010000
100000000000000000000000000000000000000000000000000000000000000001100000001011011000
100000000000000000000000000000000000000000000000000000000000000010000000000001100000
100000000000000000000000000000000000000000000000000000000000000000100000000111101000
100000000000000000000000000000000000000000000000000000000000000001000000001101110000
100000000000000000000000000000000000000000000000000000000000000001100000000011111000
100000000000000000000000000000000000000000000000000000000000000010000000001010000000
100000000000000000000000000000000000000000000000000000000000000000100000000000001000
100000000000000000000000000000000000000000000000000000000000000001000000000110010000
100000000000000000000000000000000000000000000000000000000000000001100000001100011000
100000000000000000000000000000000000000000000000000000000000000010000000000010100000
100000000000000000000000000000000000000000000000000000000000000000100000001000101000
100000000000000000000000000000000000000000000000000000000000000001000000001110110000
100000000000000000000000000000000000000000000000000000000000000001100000000100111000
100000000000000000000000000000000000000000000000000000000000000010000000001011000000
100000000000000000000000000000000000000000000000000000000000000000100000000001001000
100000000000000000000000000000000000000000000000000000000000000001000000000111010000
100000000000000000000000000000000000000000000000000000000000000001100000001101011000
100000000000000000000000000000000000000000000000000000000000000010000000000011100000
100000000000000000000000000000000000000000000000000000000000000000100000001001101000
100000000000000000000000000000000000000000000000000000000000000001000000001111110000
100000000000000000000000000000000000000000000000000000000000000001100000000101111000
100000000000000000000000000000000000000000000000000000000000000010000000001100000000
100000000000000000000000000000000000000000000000000000000000000000100000000010001000
100000000000000000000000000000000000000000000000000000000000000001000000001000010000
100000000000000000000000000000000000000000000000000000000000000001100000001110011000
100000000000000000000000000000000000000000000000000000000000000010000000000100100000
100000000000000000000000000000000000000000000000000000000000000000100000001010101000
100000000000000000000000000000000000000000000000000000000000000001000000000000110000
100000000000000000000000000000000000000000000000000000000000000001100000000110111000
100000000000000000000000000000000000000000000000000000000000000010000000001101000000
100000000000000000000000000000000000000000000000000000000000000000100000000011001000
100000000000000000000000000000000000000000000000000000000000000001000000001001010000
100000000000000000000000000000000000000000000000000000000000000001100000001111011000
100000000000000000000000000000000000000000000000000000000000000010000000000101100000
100000000000000000000000000000000000000000000000000000000000000000100000001011101000
100000000000000000000000000000000000000000000000000000000000000001000000000001110000
100000000000000000000000000000000000000000000000000000000000000001100000000111111000
100000000000000000000000000000000000000000000000000000000000000010000000001110000000
100000000000000000000000000000000000000000000000000000000000000000100000000100001000
100000000000000000000000000000000000000000000000000000000000000001000000001010010000
100000000000000000000000000000000000000000000000000000000000000001100000000000011000
100000000000000000000000000000000000000000000000000000000000000010000000000110100000
100000000000000000000000000000000000000000000000000000000000000000100000001100101000
100000000000000000000000000000000000000000000000000000000000000001000000000010110000
100000000000000000000000000000000000000000000000000000000000000001100000001000111000
100000000000000000000000000000000000000000000000000000000000000010000000001111000000
100000000000000000000000000000000000000000000000000000000000000000100000000101001000
100000000000000000000000000000000000000000000000000000000000000001000000001011010000
100000000000000000000000000000000000000000000000000000000000000001100000000001011000
100000000000000000000000000000000000000000000000000000000000000010000000000111100000
100000000000000000000000000000000000000000000000000000000000000000100000001101101000
100000000000000000000000000000000000000000000000000000000000000001000000000011110000
100000000000000000000000000000000000000000000000000000000000000001100000001001111000
100000000000000000000000000000000000000000000000000000000000000010000000000000000000
100000000000000000000000000000000000000000000000000000000000000000100000000110001000
100000000000000000000000000000000000000000000000000000000000000001000000001100010000
100000000000000000000000000000000000000000000000000000000000000001100000000010011000
100000000000000000000000000000000000000000000000000000000000000010000000001000100000
100000000000000000000000000000000000000000000000000000000000000000100000001110101000
100000000000000000000000000000000000000000000000000000000000000001000000000100110000
100000000000000000000000000000000000000000000000000000000000000001100000001010111000
100000000000000000000000000000000000000000000000000000000000000010000000000001000000
100000000000000000000000000000000000000000000000000000000000000000100000000111001000
100000000000000000000000000000000000000000000000000000000000000001000000001101010000
100000000000000000000000000000000000000000000000000000000000000001100000000011011000
100000000000000000000000000000000000000000000000000000000000000010000000001001100000
100000000000000000000000000000000000000000000000000000000000000000100000001111101000
100000000000000000000000000000000000000000000000000000000000000001000000000101110000
100000000000000000000000000000000000000000000000000000000000000001100000001011111000
100000000000000000000000000000000000000000000000000000000000000010000000000010000000
100000000000000000000000000000000000000000000000000000000000000000100000001000001000
100000000000000000000000000000000000000000000000000000000000000001000000001110010000
100000000000000000000000000000000000000000000000000000000000000001100000000100011000
100000000000000000000000000000000000000000000000000000000000000010000000001010100000
100000000000000000000000000000000000000000000000000000000000000000100000000000101000
100000000000000000000000000000000000000000000000000000000000000001000000000110110000
100000000000000000000000000000000000000000000000000000000000000001100000001100111000
100000000000000000000000000000000000000000000000000000000000000010000000000011000000
100000000000000000000000000000000000000000000000000000000000000000100000001001001000
100000000000000000000000000000000000000000000000000000000000000001000000001111010000
100000000000000000000000000000000000000000000000000000000000000001100000000101011000
100000000000000000000000000000000000000000000000000000000000000010000000001011100000
100000000000000000000000000000000000000000000000000000000000000000100000000001101000
100000000000000000000000000000000000000000000000000000000000000001000000000111110000
100000000000000000000000000000000000000000000000000000000000000001100000001101111000
100000000000000000000000000000000000000000000000000000000000000010000000000100000000
100000000000000000000000000000000000000000000000000000000000000000100000001010001000
100000000000000000000000000000000000000000000000000000000000000001000000000000010000
100000000000000000000000000000000000000000000000000000000000000001100000000110011000
100000000000000000000000000000000000000000000000000000000000000010000000001100100000
100000000000000000000000000000000000000000000000000000000000000000100000000010101000
100000000000000000000000000000000000000000000000000000000000000001000000001000110000
100000000000000000000000000000000000000000000000000000000000000001100000001110111000
100000000000000000000000000000000000000000000000000000000000000010000000000101000000
100000000000000000000000000000000000000000000000000000000000000000100000001011001000
100000000000000000000000000000000000000000000000000000000000000001000000000001010000
100000000000000000000000000000000000000000000000000000000000000001100000000111011000
100000000000000000000000000000000000000000000000000000000000000010000000001101100000
100000000000000000000000000000000000000000000000000000000000000000100000000011101000
100000000000000000000000000000000000000000000000000000000000000001000000001001110000
100000000000000000000000000000000000000000000000000000000000000001100000001111111000
100000000000000000000000000000000000000000000000000000000000000010000000000110000000
100000000000000000000000000000000000000000000000000000000000000000100000001100001000
100000000000000000000000000000000000000000000000000000000000000001000000000010010000
100000000000000000000000000000000000000000000000000000000000000001100000001000011000
100000000000000000000000000000000000000000000000000000000000000010000000001110100000
100000000000000000000000000000000000000000000000000000000000000000100000000100101000
100000000000000000000000000000000000000000000000000000000000000001000000001010110000
100000000000000000000000000000000000000000000000000000000000000001100000000000111000
100000000000000000000000000000000000000000000000000000000000000010000000000111000000
100000000000000000000000000000000000000000000000000000000000000000100000001101001000
100000000000000000000000000000000000000000000000000000000000000001000000000011010000
100000000000000000000000000000000000000000000000000000000000000001100000001001011000
100000000000000000000000000000000000000000000000000000000000000010000000001111100000
100000000000000000000000000000000000000000000000000000000000000000100000000101101000
100000000000000000000000000000000000000000000000000000000000000001000000001011110000
100000000000000000000000000000000000000000000000000000000000000001100000000001111000
100000000000000000000000000000000000000000000000000000000000000010000000001000000000
011111111111100000000000000000000000000000000000000000000000000000100000001110001100
011111111111100000000000000000000000000000000000000000000000000001000000000100010000
011111111111100000000000000000000000000000000000000000000000000001100000001010011000
011111111111100000000000000000000000000000000000000000000000000010000000000000100000
011111111111100000000000000000000000000000000000000000000000000000100000000110101000
011111111111100000000000000000000000000000000000000000000000000001000000001100110000
011111111111100000000000000000000000000000000000000000000000000001100000000010111000
011111111111100000000000000000000000000000000000000000000000000010000000001001000000
000000000000000000000000000000000000000000000000000000000000000000100000001111001000
000000000000000000000000000000000000000000000000000000000000000001000000000101010000
000000000000000000000000000000000000000000000000000000000000000001100000001011011000
000000000000000000000000000000000000000000000000000000000000000010000000000001100000
000000000000000000000000000000000000000000000000000000000000000000100000000111101000
000000000000000000000000000000000000000000000000000000000000000001000000001101110000
000000000000000000000000000000000000000000000000000000000000000001100000000011111000
000000000000000000000000000000000000000000000000000000000000000010000000001010000000
000000000000000000000000000000000000000000000000000000000000000000100000000000001000
000000000000000000000000000000000000000000000000000000000000000001000000000110010000
000000000000000000000000000000000000000000000000000000000000000001100000001100011000
000000000000000000000000000000000000000000000000000000000000000010000000000010100000
000000000000000000000000000000000000000000000000000000000000000000100000001000101000
000000000000000000000000000000000000000000000000000000000000000001000000001110110000
000000000000000000000000000000000000000000000000000000000000000001100000000100111000
000000000000000000000000000000000000000000000000000000000000000010000000001011000000
000000000000000000000000000000000000000000000000000000000000000000100000000001001000
000000000000000000000000000000000000000000000000000000000000000001000000000111010000
000000000000000000000000000000000000000000000000000000000000000001100000001101011000
000000000000000000000000000000000000000000000000000000000000000010000000000011100000
000000000000000000000000000000000000000000000000000000000000000000100000001001101000
000000000000000000000000000000000000000000000000000000000000000001000000001111110000
000000000000000000000000000000000000000000000000000000000000000001100000000101111000
000000000000000000000000000000000000000000000000000000000000000010000000001100000000
000000000000000000000000000000000000000000000000000000000000000000100000000010001000
000000000000000000000000000000000000000000000000000000000000000001000000001000010000
000000000000000000000000000000000000000000000000000000000000000001100000001110011000
000000000000000000000000000000000000000000000000000000000000000010000000000100100000
000000000000000000000000000000000000000000000000000000000000000000100000001010101000
000000000000000000000000000000000000000000000000000000000000000001000000000000110000
000000000000000000000000000000000000000000000000000000000000000001100000000110111000
000000000000000000000000000000000000000000000000000000000000000010000000001101000000
000000000000000000000000000000000000000000000000000000000000000000100000000011001000
000000000000000000000000000000000000000000000000000000000000000001000000001001010000
000000000000000000000000000000000000000000000000000000000000000001100000001111011000
000000000000000000000000000000000000000000000000000000000000000010000000000101100000
000000000000000000000000000000000000000000000000000000000000000000100000001011101000
000000000000000000000000000000000000000000000000000000000000000001000000000001110000
000000000000000000000000000000000000000000000000000000000000000001100000000111111000
000000000000000000000000000000000000000000000000000000000000000010000000001110000000
000000000000000000000000000000000000000000000000000000000000000000100000000100001000
000000000000000000000000000000000000000000000000000000000000000001000000001010010000
000000000000000000000000000000000000000000000000000000000000000001100000000000011000
000000000000000000000000000000000000000000000000000000000000000010000000000110100000
000000000000000000000000000000000000000000000000000000000000000000100000001100101000
000000000000000000000000000000000000000000000000000000000000000001000000000010110000
000000000000000000000000000000000000000000000000000000000000000001100000001000111000
000000000000000000000000000000000000000000000000000000000000000010000000001111000000
000000000000000000000000000000000000000000000000000000000000000000100000000101001000
000000000000000000000000000000000000000000000000000000000000000001000000001011010000
000000000000000000000000000000000000000000000000000000000000000001100000000001011000
000000000000000000000000000000000000000000000000000000000000000010000000000111100000
000000000000000000000000000000000000000000000000000000000000000000100000001101101000
000000000000000000000000000000000000000000000000000000000000000001000000000011110000
000000000000000000000000000000000000000000000000000000000000000001100000001001111000
000000000000000000000000000000000000000000000000000000000000000010000000000000000000
000000000000000000000000000000000000000000000000000000000000000000100000000110001000
000000000000000000000000000000000000000000000000000000000000000001000000001100010000
000000000000000000000000000000000000000000000000000000000000000001100000000010011000
000000000000000000000000000000000000000000000000000000000000000010000000001000100000
000000000000000000000000000000000000000000000000000000000000000000100000001110101000
000000000000000000000000000000000000000000000000000000000000000001000000000100110000
000000000000000000000000000000000000000000000000000000000000000001100000001010111000
000000000000000000000000000000000000000000000000000000000000000010000000000001000000
000000000000000000000000000000000000000000000000000000000000000000100000000111001000
000000000000000000000000000000000000000000000000000000000000000001000000001101010000
000000000000000000000000000000000000000000000000000000000000000001100000000011011000
000000000000000000000000000000000000000000000000000000000000000010000000001001100000
000000000000000000000000000000000000000000000000000000000000000000100000001111101000
000000000000000000000000000000000000000000000000000000000000000001000000000101110000
000000000000000000000000000000000000000000000000000000000000000001100000001011111000
000000000000000000000000000000000000000000000000000000000000000010000000000010000000
000000000000000000000000000000000000000000000000000000000000000000100000001000001000
011111111111100000000000000000000000000000000000000000000000000001000000001110010100
011111111111100000000000000000000000000000000000000000000000000001100000000100011000
011111111111100000000000000000000000000000000000000000000000000010000000001010100000
011111111111100000000000000000000000000000000000000000000000000000100000000000101000
011111111111100000000000000000000000000000000000000000000000000001000000000110110000
011111111111100000000000000000000000000000000000000000000000000001100000001100111000
011111111111100000000000000000000000000000000000000000000000000010000000000011000000
011111111111100000000000000000000000000000000000000000000000000000100000001001001000
011111111111100000000000000000000000000000000000000000000000000001000000001111010000
011111111111100000000000000000000000000000000000000000000000000001100000000101011000
011111111111100000000000000000000000000000000000000000000000000010000000001011100000
011111111111100000000000000000000000000000000000000000000000000000100000000001101000
011111111111100000000000000000000000000000000000000000000000000001000000000111110000
011111111111100000000000000000000000000000000000000000000000000001100000001101111000
011111111111100000000000000000000000000000000000000000000000000010000000000100000000
011111111111100000000000000000000000000000000000000000000000000000100000001010001000
011111111111100000000000000000000000000000000000000000000000000001000000000000010000
011111111111100000000000000000000000000000000000000000000000000001100000000110011000
011111111111100000000000000000000000000000000000000000000000000010000000001100100000
011111111111100000000000000000000000000000000000000000000000000000100000000010101000
011111111111100000000000000000000000000000000000000000000000000001000000001000110000
011111111111100000000000000000000000000000000000000000000000000001100000001110111000
011111111111100000000000000000000000000000000000000000000000000010000000000101000000
011111111111100000000000000000000000000000000000000000000000000000100000001011001000
011111111111100000000000000000000000000000000000000000000000000001000000000001010000
011111111111100000000000000000000000000000000000000000000000000001100000000111011000
011111111111100000000000000000000000000000000000000000000000000010000000001101100000
011111111111100000000000000000000000000000000000000000000000000000100000000011101000
011111111111100000000000000000000000000000000000000000000000000001000000001001110000
011111111111100000000000000000000000000000000000000000000000000001100000001111111000
011111111111100000000000000000000000000000000000000000000000000010000000000110000000
011111111111100000000000000000000000000000000000000000000000000000100000001100001000
011111111111100000000000000000000000000000000000000000000000000001000000000010010000
011111111111100000000000000000000000000000000000000000000000000001100000001000011000
011111111111100000000000000000000000000000000000000000000000000010000000001110100000
011111111111100000000000000000000000000000000000000000000000000000100000000100101000
011111111111100000000000000000000000000000000000000000000000000001000000001010110000
011111111111100000000000000000000000000000000000000000000000000001100000000000111000
011111111111100000000000000000000000000000000000000000000000000010000000000111000000
011111111111100000000000000000000000000000000000000000000000000000100000001101001000
011111111111100000000000000000000000000000000000000000000000000001000000000011010000
011111111111100000000000000000000000000000000000000000000000000001100000001001011000
011111111111100000000000000000000000000000000000000000000000000010000000001111100000
011111111111100000000000000000000000000000000000000000000000000000100000000101101000
011111111111100000000000000000000000000000000000000000000000000001000000001011110000
011111111111100000000000000000000000000000000000000000000000000001100000000001111000
011111111111100000000000000000000000000000000000000000000000000010000000001000000000
011111111111100000000000000000000000000000000000000000000000000000100000001110001000
011111111111100000000000000000000000000000000000000000000000000001000000000100010000
011111111111100000000000000000000000000000000000000000000000000001100000001010011000
011111111111100000000000000000000000000000000000000000000000000010000000000000100000
011111111111100000000000000000000000000000000000000000000000000000100000000110101000
011111111111100000000000000000000000000000000000000000000000000001000000001100110000
011111111111100000000000000000000000000000000000000000000000000001100000000010111000
011111111111100000000000000000000000000000000000000000000000000010000000001001000000
011111111111100000000000000000000000000000000000000000000000000000100000001111001000
011111111111100000000000000000000000000000000000000000000000000001000000000101010000
011111111111100000000000000000000000000000000000000000000000000001100000001011011000
100000000000000000000000000000000000000000000000000000000000000010000000000001100000
100000000000000000000000000000000000000000000000000000000000000000100000000111101000
100000000000000000000000000000000000000000000000000000000000000001000000001101110000
000000000000000000000000000000000000000000000000000000000000000001100000000011111000
000000000000000000000000000000000000000000000000000000000000000010000000001010000000
000000000000000000000000000000000000000000000000000000000000000000100000000000001000
000000000000000000000000000000000000000000000000000000000000000001000000000110010000
100000000000000000000000000000000000000000000000000000000000000001100000001100011000
100000000000000000000000000000000000000000000000000000000000000010000000000010100000
100000000000000000000000000000000000000000000000000000000000000000100000001000101000
000000000000000000000000000000000000000000000000000000000000000001000000001110110000
000000000000000000000000000000000000000000000000000000000000000001100000000100111000
000000000000000000000000000000000000000000000000000000000000000010000000001011000000
000000000000000000000000000000000000000000000000000000000000000000100000000001001000
000000000000000000000000000000000000000000000000000000000000000001000000000111010000
100000000000000000000000000000000000000000000000000000000000000001100000001101011000
000000000000000000000000000000000000000000000000000000000000000010000000000011100000
100000000000000000000000000000000000000000000000000000000000000000100000001001101000
100000000000000000000000000000000000000000000000000000000000000001000000001111110000
100000000000000000000000000000000000000000000000000000000000000001100000000101111000
100000000000000000000000000000000000000000000000000000000000000010000000001100000000
100000000000000000000000000000000000000000000000000000000000000000100000000010001000
100000000000000000000000000000000000000000000000000000000000000001000000001000010000
100000000000000000000000000000000000000000000000000000000000000001100000001110011000
100000000000000000000000000000000000000000000000000000000000000010000000000100100000
100000000000000000000000000000000000000000000000000000000000000000100000001010101000
100000000000000000000000000000000000000000000000000000000000000001000000000000110000
100000000000000000000000000000000000000000000000000000000000000001100000000110111000
100000000000000000000000000000000000000000000000000000000000000010000000001101000000
100000000000000000000000000000000000000000000000000000000000000000100000000011001000
100000000000000000000000000000000000000000000000000000000000000001000000001001010000
100000000000000000000000000000000000000000000000000000000000000001100000001111011000
100000000000000000000000000000000000000000000000000000000000000010000000000101100000
100000000000000000000000000000000000000000000000000000000000000000100000001011101000
100000000000000000000000000000000000000000000000000000000000000001000000000001110000
100000000000000000000000000000000000000000000000000000000000000001100000000111111000
100000000000000000000000000000000000000000000000000000000000000010000000001110000000
100000000000000000000000000000000000000000000000000000000000000000100000000100001000
100000000000000000000000000000000000000000000000000000000000000001000000001010010000
100000000000000000000000000000000000000000000000000000000000000001100000000000011000
100000000000000000000000000000000000000000000000000000000000000010000000000110100000
100000000000000000000000000000000000000000000000000000000000000000100000001100101000
100000000000000000000000000000000000000000000000000000000000000001000000000010110000
100000000000000000000000000000000000000000000000000000000000000001100000001000111000
100000000000000000000000000000000000000000000000000000000000000010000000001111000000
100000000000000000000000000000000000000000000000000000000000000000100000000101001000
100000000000000000000000000000000000000000000000000000000000000001000000001011010000
100000000000000000000000000000000000000000000000000000000000000001100000000001011000
100000000000000000000000000000000000000000000000000000000000000010000000000111100000
100000000000000000000000000000000000000000000000000000000000000000100000001101101000
100000000000000000000000000000000000000000000000000000000000000001000000000011110000
100000000000000000000000000000000000000000000000000000000000000001100000001001111000
100000000000000000000000000000000000000000000000000000000000000010000000000000000000
100000000000000000000000000000000000000000000000000000000000000000100000000110001000
100000000000000000000000000000000000000000000000000000000000000001000000001100010000
100000000000000000000000000000000000000000000000000000000000000001100000000010011000
100000000000000000000000000000000000000000000000000000000000000010000000001000100000
100000000000000000000000000000000000000000000000000000000000000000100000001110101000
100000000000000000000000000000000000000000000000000000000000000001000000000100110000
100000000000000000000000000000000000000000000000000000000000000001100000001010111000
100000000000000000000000000000000000000000000000000000000000000010000000000001000000
100000000000000000000000000000000000000000000000000000000000000000100000000111001000
100000000000000000000000000000000000000000000000000000000000000001000000001101010000
100000000000000000000000000000000000000000000000000000000000000001100000000011011000
100000000000000000000000000000000000000000000000000000000000000010000000001001100000
100000000000000000000000000000000000000000000000000000000000000000100000001111101000
100000000000000000000000000000000000000000000000000000000000000001000000000101110000
100000000000000000000000000000000000000000000000000000000000000001100000001011111000
100000000000000000000000000000000000000000000000000000000000000010000000000010000000
100000000000000000000000000000000000000000000000000000000000000000100000001000001000
100000000000000000000000000000000000000000000000000000000000000001000000001110010000
100000000000000000000000000000000000000000000000000000000000000001100000000100011000
100000000000000000000000000000000000000000000000000000000000000010000000001010100000
100000000000000000000000000000000000000000000000000000000000000000100000000000101000
100000000000000000000000000000000000000000000000000000000000000001000000000110110000
100000000000000000000000000000000000000000000000000000000000000001100000001100111000
100000000000000000000000000000000000000000000000000000000000000010000000000011000000
100000000000000000000000000000000000000000000000000000000000000000100000001001001000
100000000000000000000000000000000000000000000000000000000000000001000000001111010000
100000000000000000000000000000000000000000000000000000000000000001100000000101011000
100000000000000000000000000000000000000000000000000000000000000010000000001011100000
100000000000000000000000000000000000000000000000000000000000000000100000000001101000
100000000000000000000000000000000000000000000000000000000000000001000000000111110000
100000000000000000000000000000000000000000000000000000000000000001100000001101111000
100000000000000000000000000000000000000000000000000000000000000010000000000100000000
100000000000000000000000000000000000000000000000000000000000000000100000001010001000
100000000000000000000000000000000000000000000000000000000000000001000000000000010000
100000000000000000000000000000000000000000000000000000000000000001100000000110011000
100000000000000000000000000000000000000000000000000000000000000010000000001100100000
100000000000000000000000000000000000000000000000000000000000000000100000000010101000
100000000000000000000000000000000000000000000000000000000000000001000000001000110000
100000000000000000000000000000000000000000000000000000000000000001100000001110111000
100000000000000000000000000000000000000000000000000000000000000010000000000101000000
100000000000000000000000000000000000000000000000000000000000000000100000001011001000
100000000000000000000000000000000000000000000000000000000000000001000000000001010000
100000000000000000000000000000000000000000000000000000000000000001100000000111011000
100000000000000000000000000000000000000000000000000000000000000010000000001101100000
100000000000000000000000000000000000000000000000000000000000000000100000000011101000
100000000000000000000000000000000000000000000000000000000000000001000000001001110000
100000000000000000000000000000000000000000000000000000000000000001100000001111111000
100000000000000000000000000000000000000000000000000000000000000010000000000110000000
100000000000000000000000000000000000000000000000000000000000000000100000001100001000
100000000000000000000000000000000000000000000000000000000000000001000000000010010000
100000000000000000000000000000000000000000000000000000000000000001100000001000011000
100000000000000000000000000000000000000000000000000000000000000010000000001110100000
100000000000000000000000000000000000000000000000000000000000000000100000000100101000
100000000000000000000000000000000000000000000000000000000000000001000000001010110000
100000000000000000000000000000000000000000000000000000000000000001100000000000111000
100000000000000000000000000000000000000000000000000000000000000010000000000111000000
100000000000000000000000000000000000000000000000000000000000000000100000001101001000
100000000000000000000000000000000000000000000000000000000000000001000000000011010000
100000000000000000000000000000000000000000000000000000000000000001100000001001011000
100000000000000000000000000000000000000000000000000000000000000010000000001111100000
100000000000000000000000000000000000000000000000000000000000000000100000000101101000
100000000000000000000000000000000000000000000000000000000000000001000000001011110000
100000000000000000000000000000000000000000000000000000000000000001100000000001111000
100000000000000000000000000000000000000000000000000000000000000010000000001000000000
100000000000000000000000000000000000000000000000000000000000000000100000001110001000
100000000000000000000000000000000000000000000000000000000000000001000000000100010000
100000000000000000000000000000000000000000000000000000000000000001100000001010011000
100000000000000000000000000000000000000000000000000000000000000010000000000000100000
100000000000000000000000000000000000000000000000000000000000000000100000000110101000
100000000000000000000000000000000000000000000000000000000000000001000000001100110000
100000000000000000000000000000000000000000000000000000000000000001100000000010111000
100000000000000000000000000000000000000000000000000000000000000010000000001001000000
100000000000000000000000000000000000000000000000000000000000000000100000001111001000
100000000000000000000000000000000000000000000000000000000000000001000000000101010000
100000000000000000000000000000000000000000000000000000000000000001100000001011011000
100000000000000000000000000000000000000000000000000000000000000010000000000001100000
100000000000000000000000000000000000000000000000000000000000000000100000000111101000
100000000000000000000000000000000000000000000000000000000000000001000000001101110000
100000000000000000000000000000000000000000000000000000000000000001100000000011111000
100000000000000000000000000000000000000000000000000000000000000010000000001010000000
100000000000000000000000000000000000000000000000000000000000000000100000000000001000
100000000000000000000000000000000000000000000000000000000000000001000000000110010000
100000000000000000000000000000000000000000000000000000000000000001100000001100011000
100000000000000000000000000000000000000000000000000000000000000010000000000010100000
100000000000000000000000000000000000000000000000000000000000000000100000001000101000
100000000000000000000000000000000000000000000000000000000000000001000000001110110000
100000000000000000000000000000000000000000000000000000000000000001100000000100111000
100000000000000000000000000000000000000000000000000000000000000010000000001011000000
100000000000000000000000000000000000000000000000000000000000000000100000000001001000
100000000000000000000000000000000000000000000000000000000000000001000000000111010000
100000000000000000000000000000000000000000000000000000000000000001100000001101011000
100000000000000000000000000000000000000000000000000000000000000010000000000011100000
100000000000000000000000000000000000000000000000000000000000000000100000001001101000
100000000000000000000000000000000000000000000000000000000000000001000000001111110000
100000000000000000000000000000000000000000000000000000000000000001100000000101111000
100000000000000000000000000000000000000000000000000000000000000010000000001100000000
100000000000000000000000000000000000000000000000000000000000000000100000000010001000
100000000000000000000000000000000000000000000000000000000000000001000000001000010000
100000000000000000000000000000000000000000000000000000000000000001100000001110011000
100000000000000000000000000000000000000000000000000000000000000010000000000100100000
100000000000000000000000000000000000000000000000000000000000000000100000001010101000
100000000000000000000000000000000000000000000000000000000000000001000000000000110000
100000000000000000000000000000000000000000000000000000000000000001100000000110111000
100000000000000000000000000000000000000000000000000000000000000010000000001101000000
100000000000000000000000000000000000000000000000000000000000000000100000000011001000
100000000000000000000000000000000000000000000000000000000000000001000000001001010000
100000000000000000000000000000000000000000000000000000000000000001100000001111011000
100000000000000000000000000000000000000000000000000000000000000010000000000101100000
100000000000000000000000000000000000000000000000000000000000000000100000001011101000
100000000000000000000000000000000000000000000000000000000000000001000000000001110000
000000000000000000000000000000000000000000000000000000000000000001100000000111111000
100000000000000000000000000000000000000000000000000000000000000010000000001110000000
100000000000000000000000000000000000000000000000000000000000000000100000000100001000
100000000000000000000000000000000000000000000000000000000000000001000000001010010000
000000000000000000000000000000000000000000000000000000000000000001100000000000011000
000000000000000000000000000000000000000000000000000000000000000010000000000110100000
000000000000000000000000000000000000000000000000000000000000000000100000001100101000
000000000000000000000000000000000000000000000000000000000000000001000000000010110000
000000000000000000000000000000000000000000000000000000000000000001100000001000111000
100000000000000000000000000000000000000000000000000000000000000010000000001111000000
100000000000000000000000000000000000000000000000000000000000000000100000000101001000
100000000000000000000000000000000000000000000000000000000000000001000000001011010000
000000000000000000000000000000000000000000000000000000000000000001100000000001011000
000000000000000000000000000000000000000000000000000000000000000010000000000111100000
000000000000000000000000000000000000000000000000000000000000000000100000001101101000
000000000000000000000000000000000000000000000000000000000000000001000000000011110000
000000000000000000000000000000000000000000000000000000000000000001100000001001111000
100000000000000000000000000000000000000000000000000000000000000010000000000000000000
100000000000000000000000000000000000000000000000000000000000000000100000000110001000
100000000000000000000000000000000000000000000000000000000000000001000000001100010000
000000000000000000000000000000000000000000000000000000000000000001100000000010011000
000000000000000000000000000000000000000000000000000000000000000010000000001000100000
000000000000000000000000000000000000000000000000000000000000000000100000001110101000
000000000000000000000000000000000000000000000000000000000000000001000000000100110000
000000000000000000000000000000000000000000000000000000000000000001100000001010111000
000000000000000000000000000000000000000000000000000000000000000010000000000001000000
000000000000000000000000000000000000000000000000000000000000000000100000000111001000
100000000000000000000000000000000000000000000000000000000000000001000000001101010000
100000000000000000000000000000000000000000000000000000000000000001100000000011011000
100000000000000000000000000000000000000000000000000000000000000010000000001001100000
000000000000000000000000000000000000000000000000000000000000000000100000001111101000
000000000000000000000000000000000000000000000000000000000000000001000000000101110000
000000000000000000000000000000000000000000000000000000000000000001100000001011111000
000000000000000000000000000000000000000000000000000000000000000010000000000010000000
000000000000000000000000000000000000000000000000000000000000000000100000001000001000
100000000000000000000000000000000000000000000000000000000000000001000000001110010000
100000000000000000000000000000000000000000000000000000000000000001100000000100011000
100000000000000000000000000000000000000000000000000000000000000010000000001010100000
100000000000000000000000000000000000000000000000000000000000000000100000000000101000
100000000000000000000000000000000000000000000000000000000000000001000000000110110000
100000000000000000000000000000000000000000000000000000000000000001100000001100111000
011111111111100000000000000000000000000000000000000000000000000010000000000011000100
011111111111100000000000000000000000000000000000000000000000000000100000001001001000
011111111111100000000000000000000000000000000000000000000000000001000000001111010000
000000000000000000000000000000000000000000000000000000000000000001100000000101011000
000000000000000000000000000000000000000000000000000000000000000010000000001011100000
000000000000000000000000000000000000000000000000000000000000000000100000000001101000
000000000000000000000000000000000000000000000000000000000000000001000000000111110000
000000000000000000000000000000000000000000000000000000000000000001100000001101111000
000000000000000000000000000000000000000000000000000000000000000010000000000100000000
011111111111100000000000000000000000000000000000000000000000000000100000001010001100
011111111111100000000000000000000000000000000000000000000000000001000000000000010000
011111111111100000000000000000000000000000000000000000000000000001100000000110011000
100000000000000000000000000000000000000000000000000000000000000010000000001100100000
100000000000000000000000000000000000000000000000000000000000000000100000000010101000
100000000000000000000000000000000000000000000000000000000000000001000000001000110001
100000000000000000000000000000000000000000000000000000000000000001100000001110111001
100000000000000000000000000000000000000000000000000000000000000010000000000101000001
100000000001000000000000000000000000000000000000000000000000000000100000001011001000
100000000001111111111111111111111111111111111111111111111111111101000000000001010000
100000000010000000000000000000000000000000000000000000000000000001100000000111011000
100000000010111111111111111111111111111111111111111111111111111110000000001101100000
110000000000111111111111111111111111111111111111111111111111111100100000000011101000
111111111111000000000000000000000000000000000000000000000000000001000000001001110000
011111111111100000000000000000000000000000000000000000000000000001100000001111111000
011111111111100000000000000000000000000000000000000000000000000010000000000110000000
000000000000000000000000000000000000000000000000000000000000000000100000001100001000
000000000000000000000000000000000000000000000000000000000000000001000000000010010000
000000000000000000000000000000000000000000000000000000000000000001100000001000011001
000000000000000000000000000000000000000000000000000000000000000010000000001110100001
000000000000000000000000000000000000000000000000000000000000000000100000000100101001
000000000000000000000000000000000000000000000000000000000000000001000000001010110001
000000000001000000000000000000000000000000000000000000000000000001100000000000111000
000000000001111111111111111111111111111111111111111111111111111110000000000111000000
000000000010000000000000000000000000000000000000000000000000000000100000001101001000
000000000010111111111111111111111111111111111111111111111111111101000000000011010000
010000000000111111111111111111111111111111111111111111111111111101100000001001011000
011111111111000000000000000000000000000000000000000000000000000010000000001111100000
011111111111100000000000000000000000000000000000000000000000000000100000000101101000
011111111111100000000000000000000000000000000000000000000000000001000000001011110000
100000000000000000000000000000000000000000000000000000000000000001100000000001111000
100000000000000000000000000000000000000000000000000000000000000010000000001000000001
100000000001000000000000000000000000000000000000000000000000000000100000001110001000
100000000001000000000000000000000000000000000000000000000000000101000000000100010000
100000000010000000000000000000000000000000000000000000000000000001100000001010011000
100000000011000000000000000000000000000000000000000000000000000010000000000000100000
000000000000000000000000000000000000000000000000000000000000000000100000000110101000
000000000000000000000000000000000000000000000000000000000000000001000000001100110001
000000000000000000000000000000000000000000000000000000000000000001100000000010111001
000000000000000000000000000000000000000000000000000000000000000010000000001001000001
000000000001000000000000000000000000000000000000000000000000000000100000001111001000
000000000001000000000000000000000000000000000000000000000000000101000000000101010000
000000000010000000000000000000000000000000000000000000000000000001100000001011011000
000000000011000000000000000000000000000000000000000000000000000010000000000001100000
100000000000000000000000000000000000000000000000000000000000000000100000000111101000
100000000000000000000000000000000000000000000000000000000000000001000000001101110001
100000000001000000000000000000000000000000000000000000000000001001100000000011111000
000000000000000000000000000000000000000000000000000000000000000010000000001010000000
000000000000000000000000000000000000000000000000000000000000000000100000000000001001
000000000000000000000000000000000000000000000000000000000000000001000000000110010001
000000000000000000000000000000000000000000000000000000000000000001100000001100011001
000000000001000000000000000000000000000000000000000000000000001010000000000010100000
000000000000000000000000000000000000000000000000000000000000000000100000001000101001
000000000000000000000000000000000000000000000000000000000000000001000000001110110001
100000000000000000000000000000000000000000000000000000000000000001100000000100111000
100000000000000000000000000000000000000000000000000000000000000010000000001011000001
100000000001011111111111111111111111111111111111111111111111111100100000000001001000
000000000000000000000000000000000000000000000000000000000000000001000000000111010000
000000000000000000000000000000000000000000000000000000000000000001100000001101011001
000000000000000000000000000000000000000000000000000000000000000010000000000011100001
000000000000000000000000000000000000000000000000000000000000000000100000001001101001
000000000001011111111111111111111111111111111111111111111111111101000000001111110000
100000000000000000000000000000000000000000000000000000000000000001100000000101111000
100000000000000000000000000000000000000000000000000000000000000010000000001100000001
100000000001100000000000000000000000000000000000000000000000000000100000000010001000
000000000000000000000000000000000000000000000000000000000000000001000000001000010000
000000000000000000000000000000000000000000000000000000000000000001100000001110011001
000000000000000000000000000000000000000000000000000000000000000010000000000100100001
000000000000000000000000000000000000000000000000000000000000000000100000001010101001
000000000001100000000000000000000000000000000000000000000000000001000000000000110000
100000000000000000000000000000000000000000000000000000000000000001100000000110111000
100000000000000000000000000000000000000000000000000000000000000010000000001101000001
100000000001100000000000000000000000000000000000000000000000000100100000000011001000
000000000000000000000000000000000000000000000000000000000000000001000000001001010000
000000000000000000000000000000000000000000000000000000000000000001100000001111011001
000000000000000000000000000000000000000000000000000000000000000010000000000101100001
000000000000000000000000000000000000000000000000000000000000000000100000001011101001
000000000001100000000000000000000000000000000000000000000000000101000000000001110000
000000000000000000000000000000000000000000000000000000000000000001100000000111111001
000000000000000000000000000000000000000000000000000000000000000010000000001110000001
100000000000000000000000000000000000000000000000000000000000000000100000000100001000
100000000000000000000000000000000000000000000000000000000000000001000000001010010001
100000000001111111111111111111111111111111111111111111111111111001100000000000011000
000000000000000000000000000000000000000000000000000000000000000010000000000110100000
000000000000000000000000000000000000000000000000000000000000000000100000001100101001
000000000000000000000000000000000000000000000000000000000000000001000000000010110001
000000000000000000000000000000000000000000000000000000000000000001100000001000111001
000000000001111111111111111111111111111111111111111111111111111010000000001111000000
100000000000000000000000000000000000000000000000000000000000000000100000000101001000
100000000000000000000000000000000000000000000000000000000000000001000000001011010001
100000000001000000000000000000000000000000000000000000000000000001100000000001011000
100000000001111111111111111111111111111111111111111111111111111010000000000111100000
100000000001111111111111111111111111111111111111111111111111111100100000001101101000
100000000010000000000000000000000000000000000000000000000000000001000000000011110000
100000000010111111111111111111111111111111111111111111111111111001100000001001111000
100000000011000000000000000000000000000000000000000000000000000010000000000000000000
100000000011111111111111111111111111111111111111111111111111111000100000000110001000
000000000000000000000000000000000000000000000000000000000000000001000000001100010000
000000000000000000000000000000000000000000000000000000000000000001100000000010011001
000000000000000000000000000000000000000000000000000000000000000010000000001000100001
000000000000000000000000000000000000000000000000000000000000000000100000001110101001
000000000001000000000000000000000000000000000000000000000000000001000000000100110000
000000000001111111111111111111111111111111111111111111111111111001100000001010111000
000000000001111111111111111111111111111111111111111111111111111110000000000001000000
000000000010000000000000000000000000000000000000000000000000000000100000000111001000
000000000010111111111111111111111111111111111111111111111111111001000000001101010000
000000000011000000000000000000000000000000000000000000000000000001100000000011011000
000000000011111111111111111111111111111111111111111111111111111010000000001001100000
100000000000000000000000000000000000000000000000000000000000000000100000001111101000
100000000000000000000000000000000000000000000000000000000000000001000000000101110001
100000000000000000000000000000000000000000000000000000000000000001100000001011111001
100000000000000000000000000000000000000000000000000000000000000010000000000010000001
100000000001000000000000000000000000000000000000000000000000000000100000001000001000
100000000001111111111111111111111111111111111111111111111111111101000000001110010000
100000000010000000000000000000000000000000000000000000000000000001100000000100011000
100000000010111111111111111111111111111111111111111111111111111110000000001010100000
000000000000000000000000000000000000000000000000000000000000000000100000000000101000
000000000000000000000000000000000000000000000000000000000000000001000000000110110001
000000000000000000000000000000000000000000000000000000000000000001100000001100111001
000000000000000000000000000000000000000000000000000000000000000010000000000011000001
000000000000000000000000000000000000000000000000000000000000000000100000001001001001
000000000000000000000000000000000000000000000000000000000000000001000000001111010001
000000000001000000000000000000000000000000000000000000000000000001100000000101011000
000000000001111111111111111111111111111111111111111111111111111110000000001011100000
000000000010000000000000000000000000000000000000000000000000000000100000000001101000
000000000010111111111111111111111111111111111111111111111111111101000000000111110000
100000000000000000000000000000000000000000000000000000000000000001100000001101111000
100000000000000000000000000000000000000000000000000000000000000010000000000100000001
100000000001000000000000000000000000000000000000000000000000000000100000001010001000
100000000010000000000000000000000000000000000000000000000000000001000000000000010000
100000000010000000000000000000000000000000000000000000000000000101100000000110011000
100000000011000000000000000000000000000000000000000000000000000010000000001100100000
000000000000000000000000000000000000000000000000000000000000000000100000000010101000
000000000000000000000000000000000000000000000000000000000000000001000000001000110001
000000000000000000000000000000000000000000000000000000000000000001100000001110111001
000000000000000000000000000000000000000000000000000000000000000010000000000101000001
000000000001000000000000000000000000000000000000000000000000000000100000001011001000
000000000010000000000000000000000000000000000000000000000000000001000000000001010000
000000000010000000000000000000000000000000000000000000000000000101100000000111011000
000000000011000000000000000000000000000000000000000000000000000010000000001101100000
100000000000000000000000000000000000000000000000000000000000000000100000000011101000
100000000000000000000000000000000000000000000000000000000000000001000000001001110001
100000000010000000000000000000000000000000000000000000000000001001100000001111111000
000000000000000000000000000000000000000000000000000000000000000010000000000110000000
000000000000000000000000000000000000000000000000000000000000000000100000001100001001
000000000000000000000000000000000000000000000000000000000000000001000000000010010001
000000000000000000000000000000000000000000000000000000000000000001100000001000011001
000000000010000000000000000000000000000000000000000000000000001010000000001110100000
000000000000000000000000000000000000000000000000000000000000000000100000000100101001
000000000000000000000000000000000000000000000000000000000000000001000000001010110001
100000000000000000000000000000000000000000000000000000000000000001100000000000111000
100000000000000000000000000000000000000000000000000000000000000010000000000111000001
100000000010011111111111111111111111111111111111111111111111111100100000001101001000
000000000000000000000000000000000000000000000000000000000000000001000000000011010000
000000000000000000000000000000000000000000000000000000000000000001100000001001011001
000000000000000000000000000000000000000000000000000000000000000010000000001111100001
000000000000000000000000000000000000000000000000000000000000000000100000000101101001
000000000010011111111111111111111111111111111111111111111111111101000000001011110000
100000000000000000000000000000000000000000000000000000000000000001100000000001111000
100000000000000000000000000000000000000000000000000000000000000010000000001000000001
100000000010100000000000000000000000000000000000000000000000000000100000001110001000
000000000000000000000000000000000000000000000000000000000000000001000000000100010000
000000000000000000000000000000000000000000000000000000000000000001100000001010011001
000000000000000000000000000000000000000000000000000000000000000010000000000000100001
000000000000000000000000000000000000000000000000000000000000000000100000000110101001
000000000010100000000000000000000000000000000000000000000000000001000000001100110000
100000000000000000000000000000000000000000000000000000000000000001100000000010111000
100000000000000000000000000000000000000000000000000000000000000010000000001001000001
100000000010100000000000000000000000000000000000000000000000000100100000001111001000
000000000000000000000000000000000000000000000000000000000000000001000000000101010000
000000000000000000000000000000000000000000000000000000000000000001100000001011011001
000000000000000000000000000000000000000000000000000000000000000010000000000001100001
000000000000000000000000000000000000000000000000000000000000000000100000000111101001
000000000010100000000000000000000000000000000000000000000000000101000000001101110000
000000000000000000000000000000000000000000000000000000000000000001100000000011111001
000000000000000000000000000000000000000000000000000000000000000010000000001010000001
100000000000000000000000000000000000000000000000000000000000000000100000000000001000
100000000000000000000000000000000000000000000000000000000000000001000000000110010001
100000000010111111111111111111111111111111111111111111111111111001100000001100011000
000000000000000000000000000000000000000000000000000000000000000010000000000010100000
000000000000000000000000000000000000000000000000000000000000000000100000001000101001
000000000000000000000000000000000000000000000000000000000000000001000000001110110001
000000000000000000000000000000000000000000000000000000000000000001100000000100111001
000000000010111111111111111111111111111111111111111111111111111010000000001011000000
100000000000000000000000000000000000000000000000000000000000000000100000000001001000
100000000000000000000000000000000000000000000000000000000000000001000000000111010001
100000000001000000000000000000000000000000000000000000000000000001100000001101011000
100000000001111111111111111111111111111111111111111111111111111010000000000011100000
100000000010000000000000000000000000000000000000000000000000000000100000001001101000
100000000010111111111111111111111111111111111111111111111111111001000000001111110000
100000000010111111111111111111111111111111111111111111111111111101100000000101111000
100000000011000000000000000000000000000000000000000000000000000010000000001100000000
100000000011111111111111111111111111111111111111111111111111111000100000000010001000
000000000000000000000000000000000000000000000000000000000000000001000000001000010000
000000000000000000000000000000000000000000000000000000000000000001100000001110011001
000000000000000000000000000000000000000000000000000000000000000010000000000100100001
000000000000000000000000000000000000000000000000000000000000000000100000001010101001
000000000001000000000000000000000000000000000000000000000000000001000000000000110000
000000000001111111111111111111111111111111111111111111111111111001100000000110111000
000000000010000000000000000000000000000000000000000000000000000010000000001101000000
000000000010111111111111111111111111111111111111111111111111111000100000000011001000
000000000010111111111111111111111111111111111111111111111111111101000000001001010000
000000000011000000000000000000000000000000000000000000000000000001100000001111011000
000000000011111111111111111111111111111111111111111111111111111010000000000101100000
000000000000000000000000000000000000000000000000000000000000000000100000001011101001
100000000000000000000000000000000000000000000000000000000000000001000000000001110001
100000000000000000000000000000000000000000000000000000000000000001100000000111111001
100000000000000000000000000000000000000000000000000000000000000010000000001110000001
100000000000000000000000000000000000000000000000000000000000000000100000000100001001
100000000000000000000000000000000000000000000000000000000000000001000000001010010001
100000000000000000000000000000000000000000000000000000000000000001100000000000011001
100000000000000000000000000000000000000000000000000000000000000010000000000110100001
100000000000000000000000000000000000000000000000000000000000000000100000001100101001
100000000000000000000000000000000000000000000000000000000000000001000000000010110001
100000000000000000000000000000000000000000000000000000000000000001100000001000111001
100000000000000000000000000000000000000000000000000000000000000010000000001111000001
100000000000000000000000000000000000000000000000000000000000000000100000000101001001
100000000000000000000000000000000000000000000000000000000000000001000000001011010001
100000000000000000000000000000000000000000000000000000000000000001100000000001011001
100000000000000000000000000000000000000000000000000000000000000010000000000111100001
100000000000000000000000000000000000000000000000000000000000000000100000001101101001
100000000000000000000000000000000000000000000000000000000000000001000000000011110001
100000000000000000000000000000000000000000000000000000000000000001100000001001111001
100000000000000000000000000000000000000000000000000000000000000010000000000000000001
100000000000000000000000000000000000000000000000000000000000000000100000000110001001
100000000000000000000000000000000000000000000000000000000000000001000000001100010001
100000000000000000000000000000000000000000000000000000000000000001100000000010011001
100000000001000000000000000000000000000000000000000000000000000010000000001000100000
100000000001000000000000000000000000000000000000000000000000001000100000001110101000
000101010110011000111000111000111000111000111000111000111000110001000000000100110000
100000000000000000000000000000000000000000000000000000000000000001100000001010111000
100101010110011000111000111000111000111000111000111000111000110110000000000001000000
101010101010101010101010101010101010101010101010101010101010101000100000000111001000
000000000000000000000000000000000000000000000000000000000000000001000000001101010000
000101010110011000111000111000111000111000111000111000111000110001100000000011011000
000101010110011000111000111000111000111000111000111000111000110110000000001001100000
000101010110011000111000111000111000111000111000111000111000111000100000001111101000
001010101010101010101010101010101010101010101010101010101010101001000000000101110000
000101010110011000111000111000111000111000111000111000111000111001100000001011111000
001111111100111111111111111111111111111111111111111111111111111110000000000010000000
100000000000000000000000000000000000000000000000000000000000000000100000001000001000
100000000000000000000000000000000000000000000000000000000000000001000000001110010001
100000000000000000000000000000000000000000000000000000000000000001100000000100011001
100000000001000000000000000000000000000000000000000000000000000010000000001010100000
100000000001111111111111111111111111111111111111111111111111111100100000000000101000
100000000010000000000000000000000000000000000000000000000000000001000000000110110000
100000000010111111111111111111111111111111111111111111111111111101100000001100111000
101111000110111111111111111111111111111111111111111111111111111110000000000011000000
101111000111000000000000000000000000000000000000000000000000000000100000001001001000
101111000111000000000000000000000000000000000000000000000000000101000000001111010000
101111000111111111111111111111111111111111111111111111111111111101100000000101011000
101111001000000000000000000000000000000000000000000000000000000010000000001011100000
101111001000000000000000000000000000000000000000000000000000000100100000000001101000
101111001000111111111111111111111111111111111111111111111111111101000000000111110000
101111001001000000000000000000000000000000000000000000000000000001100000001101111000
101111001001000000000000000000000000000000000000000000000000000110000000000100000000
101111111101000000000000000000000000000000000000000000000000000000100000001010001000
101111111110000000000000000000000000000000000000000000000000000001000000000000010000
111111111101000000000000000000000000000000000000000000000000000001100000000110011000
111111111101111111111111111111111111111111111111111111111111111110000000001100100000
000000000000000000000000000000000000000000000000000000000000000000100000000010101000
000000000000000000000000000000000000000000000000000000000000000001000000001000110001
000000000000000000000000000000000000000000000000000000000000000001100000001110111001
000000000001000000000000000000000000000000000000000000000000000010000000000101000000
000000000001111111111111111111111111111111111111111111111111111100100000001011001000
000000000010000000000000000000000000000000000000000000000000000001000000000001010000
000000000010111111111111111111111111111111111111111111111111111101100000000111011000
001111000110111111111111111111111111111111111111111111111111111110000000001101100000
001111000111000000000000000000000000000000000000000000000000000000100000000011101000
001111000111000000000000000000000000000000000000000000000000000101000000001001110000
001111000111111111111111111111111111111111111111111111111111111101100000001111111000
001111001000000000000000000000000000000000000000000000000000000010000000000110000000
001111001000000000000000000000000000000000000000000000000000000100100000001100001000
001111001000111111111111111111111111111111111111111111111111111101000000000010010000
001111001001000000000000000000000000000000000000000000000000000001100000001000011000
001111001001000000000000000000000000000000000000000000000000000110000000001110100000
001111111100111111111111111111111111111111111111111111111111111100100000000100101000
001111111101000000000000000000000000000000000000000000000000000001000000001010110000
001111111101000000000000000000000000000000000000000000000000000101100000000000111000
001111111110000000000000000000000000000000000000000000000000000010000000000111000000
011111111101000000000000000000000000000000000000000000000000000000100000001101001000
011111111101111111111111111111111111111111111111111111111111111101000000000011010000
100000000000000000000000000000000000000000000000000000000000000001100000001001011000
100000000001000000000000000000000000000000000000000000000000000010000000001111100000
100000000010000000000000000000000000000000000000000000000000000000100000000101101000
100000000011000000000000000000000000000000000000000000000000000001000000001011110000
101111000111000000000000000000000000000000000000000000000000000001100000000001111000
101111000111000000000000000000000000000000000000000000000000000110000000001000000000
101111000111000000000000000000000000000000000000000000000000001000100000001110001000
101111001000000000000000000000000000000000000000000000000000000001000000000100010000
101111001000000000000000000000000000000000000000000000000000000101100000001010011000
101111001000000000000000000000000000000000000000000000000000001010000000000000100000
101111001001000000000000000000000000000000000000000000000000000000100000000110101000
101111001001000000000000000000000000000000000000000000000000000101000000001100110000
101111001001000000000000000000000000000000000000000000000000001001100000000010111000
101111111101000000000000000000000000000000000000000000000000001010000000001001000000
101111111110000000000000000000000000000000000000000000000000000100100000001111001000
111111111110000000000000000000000000000000000000000000000000000001000000000101010000
000000000000000000000000000000000000000000000000000000000000000001100000001011011000
000000000001000000000000000000000000000000000000000000000000000010000000000001100000
000000000010000000000000000000000000000000000000000000000000000000100000000111101000
000000000011000000000000000000000000000000000000000000000000000001000000001101110000
001111000111000000000000000000000000000000000000000000000000000001100000000011111000
001111000111000000000000000000000000000000000000000000000000000110000000001010000000
001111000111000000000000000000000000000000000000000000000000001000100000000000001000
001111001000000000000000000000000000000000000000000000000000000001000000000110010000
001111001000000000000000000000000000000000000000000000000000000101100000001100011000
001111001000000000000000000000000000000000000000000000000000001010000000000010100000
001111001001000000000000000000000000000000000000000000000000000000100000001000101000
001111001001000000000000000000000000000000000000000000000000000101000000001110110000
001111001001000000000000000000000000000000000000000000000000001001100000000100111000
001111111101000000000000000000000000000000000000000000000000000110000000001011000000
001111111101000000000000000000000000000000000000000000000000001000100000000001001000
001111111101000000000000000000000000000000000000000000000000001101000000000111010000
001111111110000000000000000000000000000000000000000000000000000101100000001101011000
011111111110000000000000000000000000000000000000000000000000000010000000000011100000
100000000000000000000000000000000000000000000000000000000000000000100000001001101000
101111111101000000000000000000000000000000000000000000000000010001000000001111110000
101111111110000000000000000000000000000000000000000000000000001001100000000101111000
000000000000000000000000000000000000000000000000000000000000000010000000001100000000
001111111101000000000000000000000000000000000000000000000000001100100000000010001000
001111111101000000000000000000000000000000000000000000000000010001000000001000010000
001111111101000000000000000000000000000000000000000000000000010101100000001110011000
001111111110000000000000000000000000000000000000000000000000001010000000000100100000
001111111101000000000000000000000000000000000000000000000000010100100000001010101000
001111111110000111111111111111111111111111111111111111111111111001000000000000110000
100000000000000000000000000000000000000000000000000000000000000001100000000110111000
101111111110000111111111111111111111111111111111111111111111111110000000001101000000
101111111110011111111111111111111111111111111111111111111111111100100000000011001000
000000000000000000000000000000000000000000000000000000000000000001000000001001010000
001111111110000111111111111111111111111111111111111111111111111001100000001111011000
001111111110000111111111111111111111111111111111111111111111111110000000000101100000
001111111110000111111111111111111111111111111111111111111111111100100000001011101000
001111111110011111111111111111111111111111111111111111111111111101000000000001110000
100000000000000000000000000000000000000000000000000000000000000001100000000111111000
101111111110001000000000000000000000000000000000000000000000000010000000001110000000
101111111110100000000000000000000000000000000000000000000000000000100000000100001000
000000000000000000000000000000000000000000000000000000000000000001000000001010010000
001111111110000111111111111111111111111111111111111111111111111101100000000000011000
001111111110001000000000000000000000000000000000000000000000000010000000000110100000
001111111110001000000000000000000000000000000000000000000000000100100000001100101000
001111111110100000000000000000000000000000000000000000000000000001000000000010110000
100000000000000000000000000000000000000000000000000000000000000001100000001000111000
101111111110001000000000000000000000000000000000000000000000001010000000001111000000
101111111110100000000000000000000000000000000000000000000000000100100000000101001000
000000000000000000000000000000000000000000000000000000000000000001000000001011010000
001111111110001000000000000000000000000000000000000000000000000101100000000001011000
001111111110001000000000000000000000000000000000000000000000001010000000000111100000
001111111110001000000000000000000000000000000000000000000000001000100000001101101000
001111111110100000000000000000000000000000000000000000000000000101000000000011110000
001111111110001000000000000000000000000000000000000000000000001001100000001001111000
001111111110111111111111111111111111111111111111111111111111101110000000000000000000
100000000000000000000000000000000000000000000000000000000000000000100000000110001000
101111000111111111111111111111111111111111111111111111111111110101000000001100010000
101111000111111111111111111111111111111111111111111111111111111001100000000010011000
101111001000000000000000000000000000000000000000000000000000000010000000001000100000
101111001000111111111111111111111111111111111111111111111111110100100000001110101000
101111001000111111111111111111111111111111111111111111111111111001000000000100110000
101111001001000000000000000000000000000000000000000000000000000001100000001010111000
101111001001111111111111111111111111111111111111111111111111110110000000000001000000
101111001001111111111111111111111111111111111111111111111111111000100000000111001000
101111001010000000000000000000000000000000000000000000000000000001000000001101010000
101111111110111111111111111111111111111111111111111111111111110001100000000011011000
101111111110111111111111111111111111111111111111111111111111111010000000001001100000
000000000000000000000000000000000000000000000000000000000000000000100000001111101000
001111000111111111111111111111111111111111111111111111111111110101000000000101110000
001111000111111111111111111111111111111111111111111111111111111001100000001011111000
001111001000000000000000000000000000000000000000000000000000000010000000000010000000
001111001000111111111111111111111111111111111111111111111111110100100000001000001000
001111001000111111111111111111111111111111111111111111111111111001000000001110010000
001111001001000000000000000000000000000000000000000000000000000001100000000100011000
001111001001111111111111111111111111111111111111111111111111110110000000001010100000
001111001001111111111111111111111111111111111111111111111111111000100000000000101000
001111001010000000000000000000000000000000000000000000000000000001000000000110110000
001111111110111111111111111111111111111111111111111111111111101101100000001100111000
001111111110111111111111111111111111111111111111111111111111110010000000000011000000
001111111110111111111111111111111111111111111111111111111111110100100000001001001000
001111111110111111111111111111111111111111111111111111111111111001000000001111010000
100000000000000000000000000000000000000000000000000000000000000001100000000101011000
100000000001000000000000000000000000000000000000000000000000000010000000001011100000
100000000001111111111111111111111111111111111111111111111111111000100000000001101000
100000000010000000000000000000000000000000000000000000000000000001000000000111110000
100000000010111111111111111111111111111111111111111111111111111001100000001101111000
100000000011000000000000000000000000000000000000000000000000000010000000000100000000
100000000011111111111111111111111111111111111111111111111111111000100000001010001000
101111000111111111111111111111111111111111111111111111111111111001000000000000010000
101111000111111111111111111111111111111111111111111111111111111101100000000110011000
101111001000000000000000000000000000000000000000000000000000000010000000001100100000
101111001000111111111111111111111111111111111111111111111111111000100000000010101000
101111001000111111111111111111111111111111111111111111111111111101000000001000110000
101111001001000000000000000000000000000000000000000000000000000001100000001110111000
101111001001111111111111111111111111111111111111111111111111111010000000000101000000
101111001001111111111111111111111111111111111111111111111111111100100000001011001000
101111001010000000000000000000000000000000000000000000000000000001000000000001010000
101111111110111111111111111111111111111111111111111111111111111001100000000111011000
101111111110111111111111111111111111111111111111111111111111111110000000001101100000
111111111110000000000000000000000000000000000000000000000000000000100000000011101000
111111111110111111111111111111111111111111111111111111111111111001000000001001110000
000000000000000000000000000000000000000000000000000000000000000001100000001111111000
000000000001000000000000000000000000000000000000000000000000000010000000000110000000
000000000001111111111111111111111111111111111111111111111111111000100000001100001000
000000000010000000000000000000000000000000000000000000000000000001000000000010010000
000000000010111111111111111111111111111111111111111111111111111001100000001000011000
000000000011000000000000000000000000000000000000000000000000000010000000001110100000
000000000011111111111111111111111111111111111111111111111111111000100000000100101000
001111000111111111111111111111111111111111111111111111111111111001000000001010110000
001111000111111111111111111111111111111111111111111111111111111101100000000000111000
001111001000000000000000000000000000000000000000000000000000000010000000000111000000
001111001000111111111111111111111111111111111111111111111111111000100000001101001000
001111001000111111111111111111111111111111111111111111111111111101000000000011010000
001111001001000000000000000000000000000000000000000000000000000001100000001001011000
001111001001111111111111111111111111111111111111111111111111111010000000001111100000
001111001001111111111111111111111111111111111111111111111111111100100000000101101000
001111001010000000000000000000000000000000000000000000000000000001000000001011110000
001111111110111111111111111111111111111111111111111111111111110101100000000001111000
001111111110111111111111111111111111111111111111111111111111111010000000001000000000
001111111110111111111111111111111111111111111111111111111111111100100000001110001000
011111111110000000000000000000000000000000000000000000000000000001000000000100010000
011111111110111111111111111111111111111111111111111111111111111001100000001010011000
100000000000000000000000000000000000000000000000000000000000000010000000000000100000
100000000000000000000000000000000000000000000000000000000000000000100000000110101000
100000000000000000000000000000000000000000000000000000000000000001000000001100110000
100000000000000000000000000000000000000000000000000000000000000001100000000010111000
100000000000000000000000000000000000000000000000000000000000000010000000001001000000
100000000000000000000000000000000000000000000000000000000000000000100000001111001000
100000000000000000000000000000000000000000000000000000000000000001000000000101010000
100000000000000000000000000000000000000000000000000000000000000001100000001011011000
100000000000000000000000000000000000000000000000000000000000000010000000000001100000
100000000000000000000000000000000000000000000000000000000000000000100000000111101000
100000000000000000000000000000000000000000000000000000000000000001000000001101110000
100000000000000000000000000000000000000000000000000000000000000001100000000011111000
100000000000000000000000000000000000000000000000000000000000000010000000001010000000
100000000000000000000000000000000000000000000000000000000000000000100000000000001000
100000000000000000000000000000000000000000000000000000000000000001000000000110010000
100000000000000000000000000000000000000000000000000000000000000001100000001100011000
100000000000000000000000000000000000000000000000000000000000000010000000000010100000
100000000000000000000000000000000000000000000000000000000000000000100000001000101000
100000000000000000000000000000000000000000000000000000000000000001000000001110110000
100000000000000000000000000000000000000000000000000000000000000001100000000100111000
100000000000000000000000000000000000000000000000000000000000000010000000001011000000
100000000000000000000000000000000000000000000000000000000000000000100000000001001000
100000000000000000000000000000000000000000000000000000000000000001000000000111010000
100000000000000000000000000000000000000000000000000000000000000001100000001101011000
100000000000000000000000000000000000000000000000000000000000000010000000000011100000
100000000000000000000000000000000000000000000000000000000000000000100000001001101000
100000000000000000000000000000000000000000000000000000000000000001000000001111110000
100000000000000000000000000000000000000000000000000000000000000001100000000101111000
100000000000000000000000000000000000000000000000000000000000000010000000001100000000
100000000000000000000000000000000000000000000000000000000000000000100000000010001000
100000000000000000000000000000000000000000000000000000000000000001000000001000010000
100000000000000000000000000000000000000000000000000000000000000001100000001110011000
100000000000000000000000000000000000000000000000000000000000000010000000000100100000
100000000000000000000000000000000000000000000000000000000000000000100000001010101000
100000000000000000000000000000000000000000000000000000000000000001000000000000110000
100000000000000000000000000000000000000000000000000000000000000001100000000110111000
100000000000000000000000000000000000000000000000000000000000000010000000001101000000
100000000000000000000000000000000000000000000000000000000000000000100000000011001000
100000000000000000000000000000000000000000000000000000000000000001000000001001010000
100000000000000000000000000000000000000000000000000000000000000001100000001111011000
100000000000000000000000000000000000000000000000000000000000000010000000000101100000
100000000000000000000000000000000000000000000000000000000000000000100000001011101000
100000000000000000000000000000000000000000000000000000000000000001000000000001110000
100000000000000000000000000000000000000000000000000000000000000001100000000111111000
100000000000000000000000000000000000000000000000000000000000000010000000001110000000
100000000000000000000000000000000000000000000000000000000000000000100000000100001000
100000000000000000000000000000000000000000000000000000000000000001000000001010010000
100000000000000000000000000000000000000000000000000000000000000001100000000000011000
100000000000000000000000000000000000000000000000000000000000000010000000000110100000
100000000000000000000000000000000000000000000000000000000000000000100000001100101000
100000000000000000000000000000000000000000000000000000000000000001000000000010110000
100000000000000000000000000000000000000000000000000000000000000001100000001000111000
100000000000000000000000000000000000000000000000000000000000000010000000001111000000
100000000000000000000000000000000000000000000000000000000000000000100000000101001000
100000000000000000000000000000000000000000000000000000000000000001000000001011010000
100000000000000000000000000000000000000000000000000000000000000001100000000001011000
100000000000000000000000000000000000000000000000000000000000000010000000000111100000
100000000000000000000000000000000000000000000000000000000000000000100000001101101000
100000000000000000000000000000000000000000000000000000000000000001000000000011110000
100000000000000000000000000000000000000000000000000000000000000001100000001001111000
100000000000000000000000000000000000000000000000000000000000000010000000000000000000
100000000000000000000000000000000000000000000000000000000000000000100000000110001000
100000000000000000000000000000000000000000000000000000000000000001000000001100010000
100000000000000000000000000000000000000000000000000000000000000001100000000010011000
100000000000000000000000000000000000000000000000000000000000000010000000001000100000
100000000000000000000000000000000000000000000000000000000000000000100000001110101000
100000000000000000000000000000000000000000000000000000000000000001000000000100110000
100000000000000000000000000000000000000000000000000000000000000001100000001010111000
100000000000000000000000000000000000000000000000000000000000000010000000000001000000
100000000000000000000000000000000000000000000000000000000000000000100000000111001000
100000000000000000000000000000000000000000000000000000000000000001000000001101010000
100000000000000000000000000000000000000000000000000000000000000001100000000011011000
100000000000000000000000000000000000000000000000000000000000000010000000001001100000
100000000000000000000000000000000000000000000000000000000000000000100000001111101000
100000000000000000000000000000000000000000000000000000000000000001000000000101110000
100000000000000000000000000000000000000000000000000000000000000001100000001011111000
100000000000000000000000000000000000000000000000000000000000000010000000000010000000
100000000000000000000000000000000000000000000000000000000000000000100000001000001000
100000000000000000000000000000000000000000000000000000000000000001000000001110010000
100000000000000000000000000000000000000000000000000000000000000001100000000100011000
100000000000000000000000000000000000000000000000000000000000000010000000001010100000
100000000000000000000000000000000000000000000000000000000000000000100000000000101000
100000000000000000000000000000000000000000000000000000000000000001000000000110110000
100000000000000000000000000000000000000000000000000000000000000001100000001100111000
100000000000000000000000000000000000000000000000000000000000000010000000000011000000
100000000000000000000000000000000000000000000000000000000000000000100000001001001000
100000000000000000000000000000000000000000000000000000000000000001000000001111010000
100000000000000000000000000000000000000000000000000000000000000001100000000101011000
100000000000000000000000000000000000000000000000000000000000000010000000001011100000
100000000000000000000000000000000000000000000000000000000000000000100000000001101000
100000000000000000000000000000000000000000000000000000000000000001000000000111110000
100000000000000000000000000000000000000000000000000000000000000001100000001101111000
100000000000000000000000000000000000000000000000000000000000000010000000000100000000
100000000000000000000000000000000000000000000000000000000000000000100000001010001000
100000000000000000000000000000000000000000000000000000000000000001000000000000010000
100000000000000000000000000000000000000000000000000000000000000001100000000110011000
100000000000000000000000000000000000000000000000000000000000000010000000001100100000
100000000000000000000000000000000000000000000000000000000000000000100000000010101000
100000000000000000000000000000000000000000000000000000000000000001000000001000110000
100000000000000000000000000000000000000000000000000000000000000001100000001110111000
100000000000000000000000000000000000000000000000000000000000000010000000000101000000
100000000000000000000000000000000000000000000000000000000000000000100000001011001000
100000000000000000000000000000000000000000000000000000000000000001000000000001010000
100000000000000000000000000000000000000000000000000000000000000001100000000111011000
100000000000000000000000000000000000000000000000000000000000000010000000001101100000
100000000000000000000000000000000000000000000000000000000000000000100000000011101000
100000000000000000000000000000000000000000000000000000000000000001000000001001110000
100000000000000000000000000000000000000000000000000000000000000001100000001111111000
100000000000000000000000000000000000000000000000000000000000000010000000000110000000
100000000000000000000000000000000000000000000000000000000000000000100000001100001000
100000000000000000000000000000000000000000000000000000000000000001000000000010010000
100000000000000000000000000000000000000000000000000000000000000001100000001000011000
100000000000000000000000000000000000000000000000000000000000000010000000001110100000
100000000000000000000000000000000000000000000000000000000000000000100000000100101000
100000000000000000000000000000000000000000000000000000000000000001000000001010110000
100000000000000000000000000000000000000000000000000000000000000001100000000000111000
100000000000000000000000000000000000000000000000000000000000000010000000000111000000
100000000000000000000000000000000000000000000000000000000000000000100000001101001000
100000000000000000000000000000000000000000000000000000000000000001000000000011010000
100000000000000000000000000000000000000000000000000000000000000001100000001001011000
100000000000000000000000000000000000000000000000000000000000000010000000001111100000
100000000000000000000000000000000000000000000000000000000000000000100000000101101000
100000000000000000000000000000000000000000000000000000000000000001000000001011110000
100000000000000000000000000000000000000000000000000000000000000001100000000001111000
100000000000000000000000000000000000000000000000000000000000000010000000001000000000
100000000000000000000000000000000000000000000000000000000000000000100000001110001000
100000000000000000000000000000000000000000000000000000000000000001000000000100010000
100000000000000000000000000000000000000000000000000000000000000001100000001010011000
100000000000000000000000000000000000000000000000000000000000000010000000000000100000
100000000000000000000000000000000000000000000000000000000000000000100000000110101000
100000000000000000000000000000000000000000000000000000000000000001000000001100110000
100000000000000000000000000000000000000000000000000000000000000001100000000010111000
100000000000000000000000000000000000000000000000000000000000000010000000001001000000
100000000000000000000000000000000000000000000000000000000000000000100000001111001000
100000000000000000000000000000000000000000000000000000000000000001000000000101010000
100000000000000000000000000000000000000000000000000000000000000001100000001011011000
100000000000000000000000000000000000000000000000000000000000000010000000000001100000
100000000000000000000000000000000000000000000000000000000000000000100000000111101000
100000000000000000000000000000000000000000000000000000000000000001000000001101110000
100000000000000000000000000000000000000000000000000000000000000001100000000011111000
100000000000000000000000000000000000000000000000000000000000000010000000001010000000
100000000000000000000000000000000000000000000000000000000000000000100000000000001000
100000000000000000000000000000000000000000000000000000000000000001000000000110010000
100000000000000000000000000000000000000000000000000000000000000001100000001100011000
100000000000000000000000000000000000000000000000000000000000000010000000000010100000
100000000000000000000000000000000000000000000000000000000000000000100000001000101000
100000000000000000000000000000000000000000000000000000000000000001000000001110110000
100000000000000000000000000000000000000000000000000000000000000001100000000100111000
100000000000000000000000000000000000000000000000000000000000000010000000001011000000
100000000000000000000000000000000000000000000000000000000000000000100000000001001000
100000000000000000000000000000000000000000000000000000000000000001000000000111010000
100000000000000000000000000000000000000000000000000000000000000001100000001101011000
100000000000000000000000000000000000000000000000000000000000000010000000000011100000
100000000000000000000000000000000000000000000000000000000000000000100000001001101000
100000000000000000000000000000000000000000000000000000000000000001000000001111110000
100000000001000000000000000000000000000000000000000000000000000001100000000101111000
100000000001000000000000000000000000000000000000000000000000000110000000001100000000
100000000001000000000000000000000000000000000000000000000000001000100000000010001000
100000000001011111111111111111111111111111111111111111111111111101000000001000010000
100000000001100000000000000000000000000000000000000000000000000001100000001110011000
100000000001100000000000000000000000000000000000000000000000000110000000000100100000
100000000001111111111111111111111111111111111111111111111111111000100000001010101000
100000000001111111111111111111111111111111111111111111111111111101000000000000110000
100000000010000000000000000000000000000000000000000000000000000001100000000110111000
100000000010000000000000000000000000000000000000000000000000000110000000001101000000
100000000010000000000000000000000000000000000000000000000000001000100000000011001000
100000000010011111111111111111111111111111111111111111111111111101000000001001010000
100000000010100000000000000000000000000000000000000000000000000001100000001111011000
100000000010100000000000000000000000000000000000000000000000000110000000000101100000
100000000010111111111111111111111111111111111111111111111111111000100000001011101000
100000000010111111111111111111111111111111111111111111111111111101000000000001110000
100000000011111111111111111111111111111111111111111111111111111101100000000111111000
100000000100000000000000000000000000000000000000000000000000000010000000001110000000
100000000100000000000000000000000000000000000000000000000000000100100000000100001000
100000000111111111111111111111111111111111111111111111111111111101000000001010010000
100000001000000000000000000000000000000000000000000000000000000001100000000000011000
100000001000000000000000000000000000000000000000000000000000000110000000000110100000
100000001111111111111111111111111111111111111111111111111111111100100000001100101000
100000010000000000000000000000000000000000000000000000000000000001000000000010110000
100000010000000000000000000000000000000000000000000000000000000101100000001000111000
100000011111111111111111111111111111111111111111111111111111111110000000001111000000
100000100000000000000000000000000000000000000000000000000000000000100000000101001000
100000100000000000000000000000000000000000000000000000000000000101000000001011010000
100000111111111111111111111111111111111111111111111111111111111101100000000001011000
100001000000000000000000000000000000000000000000000000000000000010000000000111100000
100001000000000000000000000000000000000000000000000000000000000100100000001101101000
100001111111111111111111111111111111111111111111111111111111111101000000000011110000
100010000000000000000000000000000000000000000000000000000000000001100000001001111000
100010000000000000000000000000000000000000000000000000000000000110000000000000000000
100011111111111111111111111111111111111111111111111111111111111100100000000110001000
100100000000000000000000000000000000000000000000000000000000000001000000001100010000
100100000000000000000000000000000000000000000000000000000000000101100000000010011000
100111111111111111111111111111111111111111111111111111111111111110000000001000100000
101000000000000000000000000000000000000000000000000000000000000000100000001110101000
101000000000000000000000000000000000000000000000000000000000000101000000000100110000
101111001000111111111111111111111111111111111111111111111111111101100000001010111000
101111001001000000000000000000000000000000000000000000000000000010000000000001000000
101111001001000000000000000000000000000000000000000000000000000100100000000111001000
101111001001111111111111111111111111111111111111111111111111111101000000001101010000
101111001010000000000000000000000000000000000000000000000000000001100000000011011000
101111001010000000000000000000000000000000000000000000000000000110000000001001100000
101111001010111111111111111111111111111111111111111111111111111100100000001111101000
101111001011000000000000000000000000000000000000000000000000000001000000000101110000
101111001011000000000000000000000000000000000000000000000000000101100000001011111000
101111111110000000000000000000000000000000000000000000000000000010000000000010000000
101111111110000000000000000000000000000000000000000000000000000100100000001000001000
101111111110000000000000000000000000000000000000000000000000001001000000001110010000
101111111110011111111111111111111111111111111111111111111111111101100000000100011000
101111111110100000000000000000000000000000000000000000000000000010000000001010100000
101111111110100000000000000000000000000000000000000000000000000100100000000000101000
101111111110111111111111111111111111111111111111111111111111111001000000000110110000
101111111110111111111111111111111111111111111111111111111111111101100000001100111000
101111111111000000000000000000000000000000000000000000000000000010000000000011000000
101111111111000000000000000000000000000000000000000000000000000100100000001001001000
101111111111000000000000000000000000000000000000000000000000001001000000001111010000
101111111111011111111111111111111111111111111111111111111111111101100000000101011000
101111111111100000000000000000000000000000000000000000000000000010000000001011100000
101111111111100000000000000000000000000000000000000000000000000100100000000001101000
101111111111111111111111111111111111111111111111111111111111111001000000000111110000
101111111111111111111111111111111111111111111111111111111111111101100000001101111000
110000000000000000000000000000000000000000000000000000000000000010000000000100000000
110000000000000000000000000000000000000000000000000000000000000100100000001010001000
110000000000000000000000000000000000000000000000000000000000001001000000000000010000
110000000000011111111111111111111111111111111111111111111111111101100000000110011000
110000000000100000000000000000000000000000000000000000000000000010000000001100100000
110000000000100000000000000000000000000000000000000000000000000100100000000010101000
110000000000111111111111111111111111111111111111111111111111111001000000001000110000
110000000000111111111111111111111111111111111111111111111111111101100000001110111000
110101010101010101010101010101010101010101010101010101010101010110000000000101000000
111111111101000000000000000000000000000000000000000000000000000000100000001011001000
111111111101000000000000000000000000000000000000000000000000000101000000000001010000
111111111101000000000000000000000000000000000000000000000000001001100000000111011000
111111111101011111111111111111111111111111111111111111111111111110000000001101100000
111111111101100000000000000000000000000000000000000000000000000000100000000011101000
111111111101100000000000000000000000000000000000000000000000000101000000001001110000
111111111101111111111111111111111111111111111111111111111111111001100000001111111000
111111111101111111111111111111111111111111111111111111111111111110000000000110000000
111111111110000000000000000000000000000000000000000000000000000000100000001100001000
111111111110000000000000000000000000000000000000000000000000000101000000000010010000
111111111110000000000000000000000000000000000000000000000000001001100000001000011000
111111111110011111111111111111111111111111111111111111111111111110000000001110100000
111111111110100000000000000000000000000000000000000000000000000000100000000100101000
111111111110100000000000000000000000000000000000000000000000000101000000001010110000
111111111110111111111111111111111111111111111111111111111111111001100000000000111000
111111111110111111111111111111111111111111111111111111111111111110000000000111000000
111111111111000000000000000000000000000000000000000000000000000000100000001101001000
011111111111100000000000000000000000000000000000000000000000000001000000000011010000
011111111111100000000000000000000000000000000000000000000000000001100000001001011000
011111111111100000000000000000000000000000000000000000000000000010000000001111100000
011111111111100000000000000000000000000000000000000000000000000000100000000101101000
011111111111100000000000000000000000000000000000000000000000000001000000001011110000
011111111111100000000000000000000000000000000000000000000000000001100000000001111000
011111111111100000000000000000000000000000000000000000000000000010000000001000000000
000000000000000000000000000000000000000000000000000000000000000000100000001110001000
000000000000000000000000000000000000000000000000000000000000000001000000000100010000
000000000000000000000000000000000000000000000000000000000000000001100000001010011000
000000000000000000000000000000000000000000000000000000000000000010000000000000100000
000000000000000000000000000000000000000000000000000000000000000000100000000110101000
000000000000000000000000000000000000000000000000000000000000000001000000001100110000
000000000000000000000000000000000000000000000000000000000000000001100000000010111000
000000000000000000000000000000000000000000000000000000000000000010000000001001000000
000000000001000000000000000000000000000000000000000000000000000000100000001111001000
000000000001000000000000000000000000000000000000000000000000000101000000000101010000
000000000001000000000000000000000000000000000000000000000000001001100000001011011000
000000000001011111111111111111111111111111111111111111111111111110000000000001100000
000000000001100000000000000000000000000000000000000000000000000000100000000111101000
000000000001100000000000000000000000000000000000000000000000000101000000001101110000
000000000001111111111111111111111111111111111111111111111111111001100000000011111000
000000000001111111111111111111111111111111111111111111111111111110000000001010000000
000000000010000000000000000000000000000000000000000000000000000000100000000000001000
000000000010000000000000000000000000000000000000000000000000000101000000000110010000
000000000010000000000000000000000000000000000000000000000000001001100000001100011000
000000000010011111111111111111111111111111111111111111111111111110000000000010100000
000000000010100000000000000000000000000000000000000000000000000000100000001000101000
000000000010100000000000000000000000000000000000000000000000000101000000001110110000
000000000010111111111111111111111111111111111111111111111111111001100000000100111000
000000000010111111111111111111111111111111111111111111111111111110000000001011000000
001010101010101010101010101010101010101010101010101010101010101000100000000001001000
001111001000111111111111111111111111111111111111111111111111111101000000000111010000
001111001001000000000000000000000000000000000000000000000000000001100000001101011000
001111001001000000000000000000000000000000000000000000000000000110000000000011100000
001111001001111111111111111111111111111111111111111111111111111100100000001001101000
001111001010000000000000000000000000000000000000000000000000000001000000001111110000
001111001010000000000000000000000000000000000000000000000000000101100000000101111000
001111001010111111111111111111111111111111111111111111111111111110000000001100000000
001111001011000000000000000000000000000000000000000000000000000000100000000010001000
001111001011000000000000000000000000000000000000000000000000000101000000001000010000
001111111110000000000000000000000000000000000000000000000000000001100000001110011000
001111111110000000000000000000000000000000000000000000000000000110000000000100100000
001111111110000000000000000000000000000000000000000000000000001000100000001010101000
001111111110011111111111111111111111111111111111111111111111111101000000000000110000
001111111110100000000000000000000000000000000000000000000000000001100000000110111000
001111111110100000000000000000000000000000000000000000000000000110000000001101000000
001111111110111111111111111111111111111111111111111111111111111000100000000011001000
001111111110111111111111111111111111111111111111111111111111111101000000001001010000
001111111111000000000000000000000000000000000000000000000000000001100000001111011000
001111111111000000000000000000000000000000000000000000000000000110000000000101100000
001111111111000000000000000000000000000000000000000000000000001000100000001011101000
001111111111011111111111111111111111111111111111111111111111111101000000000001110000
001111111111100000000000000000000000000000000000000000000000000001100000000111111000
001111111111100000000000000000000000000000000000000000000000000110000000001110000000
001111111111111111111111111111111111111111111111111111111111111000100000000100001000
001111111111111111111111111111111111111111111111111111111111111101000000001010010000
010000000000000000000000000000000000000000000000000000000000000001100000000000011000
010000000000000000000000000000000000000000000000000000000000000110000000000110100000
010000000000000000000000000000000000000000000000000000000000001000100000001100101000
010000000000011111111111111111111111111111111111111111111111111101000000000010110000
010000000000100000000000000000000000000000000000000000000000000001100000001000111000
010000000000100000000000000000000000000000000000000000000000000110000000001111000000
010000000000111111111111111111111111111111111111111111111111111000100000000101001000
010000000000111111111111111111111111111111111111111111111111111101000000001011010000
010111111111111111111111111111111111111111111111111111111111111101100000000001011000
011011111111111111111111111111111111111111111111111111111111111110000000000111100000
011101111111111111111111111111111111111111111111111111111111111100100000001101101000
011110111111111111111111111111111111111111111111111111111111111101000000000011110000
011111011111111111111111111111111111111111111111111111111111111101100000001001111000
011111101111111111111111111111111111111111111111111111111111111110000000000000000000
011111110111111111111111111111111111111111111111111111111111111100100000000110001000
011111111011111111111111111111111111111111111111111111111111111101000000001100010000
011111111101000000000000000000000000000000000000000000000000000001100000000010011000
011111111101000000000000000000000000000000000000000000000000000110000000001000100000
011111111101000000000000000000000000000000000000000000000000001000100000001110101000
011111111101011111111111111111111111111111111111111111111111111101000000000100110000
011111111101100000000000000000000000000000000000000000000000000001100000001010111000
011111111101100000000000000000000000000000000000000000000000000110000000000001000000
011111111101111111111111111111111111111111111111111111111111111000100000000111001000
011111111101111111111111111111111111111111111111111111111111111101000000001101010000
011111111110000000000000000000000000000000000000000000000000000001100000000011011000
011111111110000000000000000000000000000000000000000000000000000110000000001001100000
011111111110000000000000000000000000000000000000000000000000001000100000001111101000
011111111110011111111111111111111111111111111111111111111111111101000000000101110000
011111111110100000000000000000000000000000000000000000000000000001100000001011111000
011111111110100000000000000000000000000000000000000000000000000110000000000010000000
011111111110111111111111111111111111111111111111111111111111111000100000001000001000
011111111110111111111111111111111111111111111111111111111111111101000000001110010000
011111111111000000000000000000000000000000000000000000000000000001100000000100011000
011111111111100000000000000000000000000000000000000000000000000010000000001010100000
011111111111100000000000000000000000000000000000000000000000000000100000000000101000
011111111111100000000000000000000000000000000000000000000000000001000000000110110000
011111111111100000000000000000000000000000000000000000000000000001100000001100111000
011111111111100000000000000000000000000000000000000000000000000010000000000011000000
011111111111100000000000000000000000000000000000000000000000000000100000001001001000
011111111111100000000000000000000000000000000000000000000000000001000000001111010000
011111111111100000000000000000000000000000000000000000000000000001100000000101011000
011111111111100000000000000000000000000000000000000000000000000010000000001011100000
011111111111100000000000000000000000000000000000000000000000000000100000000001101000
011111111111100000000000000000000000000000000000000000000000000001000000000111110000
011111111111100000000000000000000000000000000000000000000000000001100000001101111000
011111111111100000000000000000000000000000000000000000000000000010000000000100000000
011111111111100000000000000000000000000000000000000000000000000000100000001010001000
011111111111100000000000000000000000000000000000000000000000000001000000000000010000
011111111111100000000000000000000000000000000000000000000000000001100000000110011000
011111111111100000000000000000000000000000000000000000000000000010000000001100100000
011111111111100000000000000000000000000000000000000000000000000000100000000010101000
011111111111100000000000000000000000000000000000000000000000000001000000001000110000
011111111111100000000000000000000000000000000000000000000000000001100000001110111000
011111111111100000000000000000000000000000000000000000000000000010000000000101000000
011111111111100000000000000000000000000000000000000000000000000000100000001011001000
011111111111100000000000000000000000000000000000000000000000000001000000000001010000
011111111111100000000000000000000000000000000000000000000000000001100000000111011000
011111111111100000000000000000000000000000000000000000000000000010000000001101100000
011111111111100000000000000000000000000000000000000000000000000000100000000011101000
011111111111100000000000000000000000000000000000000000000000000001000000001001110000
011111111111100000000000000000000000000000000000000000000000000001100000001111111000
011111111111100000000000000000000000000000000000000000000000000010000000000110000000
011111111111100000000000000000000000000000000000000000000000000000100000001100001000
011111111111100000000000000000000000000000000000000000000000000001000000000010010000
011111111111100000000000000000000000000000000000000000000000000001100000001000011000
011111111111100000000000000000000000000000000000000000000000000010000000001110100000
011111111111100000000000000000000000000000000000000000000000000000100000000100101000
011111111111100000000000000000000000000000000000000000000000000001000000001010110000
011111111111100000000000000000000000000000000000000000000000000001100000000000111000
011111111111100000000000000000000000000000000000000000000000000010000000000111000000
011111111111100000000000000000000000000000000000000000000000000000100000001101001000
011111111111100000000000000000000000000000000000000000000000000001000000000011010000
011111111111100000000000000000000000000000000000000000000000000001100000001001011000
011111111111100000000000000000000000000000000000000000000000000010000000001111100000
011111111111100000000000000000000000000000000000000000000000000000100000000101101000
011111111111100000000000000000000000000000000000000000000000000001000000001011110000
011111111111100000000000000000000000000000000000000000000000000001100000000001111000
011111111111100000000000000000000000000000000000000000000000000010000000001000000000
011111111111100000000000000000000000000000000000000000000000000000100000001110001000
011111111111100000000000000000000000000000000000000000000000000001000000000100010000
011111111111100000000000000000000000000000000000000000000000000001100000001010011000
011111111111100000000000000000000000000000000000000000000000000010000000000000100000
011111111111100000000000000000000000000000000000000000000000000000100000000110101000
011111111111100000000000000000000000000000000000000000000000000001000000001100110000
011111111111100000000000000000000000000000000000000000000000000001100000000010111000
011111111111100000000000000000000000000000000000000000000000000010000000001001000000
011111111111100000000000000000000000000000000000000000000000000000100000001111001000
011111111111100000000000000000000000000000000000000000000000000001000000000101010000
011111111111100000000000000000000000000000000000000000000000000001100000001011011000
011111111111100000000000000000000000000000000000000000000000000010000000000001100000
100000000000000000000000000000000000000000000000000000000000000000100000000111101000
100000000010000000000000000000000000000000000000000000000000000001000000001101110000
100000000011000000000000000000000000000000000000000000000000000001100000000011111000
101111001001000000000000000000000000000000000000000000000000000010000000001010000000
101111001001000000000000000000000000000000000000000000000000000100100000000000001000
101111001001000000000000000000000000000000000000000000000000001001000000000110010000
101111001010000000000000000000000000000000000000000000000000000001100000001100011000
101111001010000000000000000000000000000000000000000000000000000110000000000010100000
101111001010000000000000000000000000000000000000000000000000001000100000001000101000
101111001011000000000000000000000000000000000000000000000000000001000000001110110000
101111001011000000000000000000000000000000000000000000000000000101100000000100111000
101111001011000000000000000000000000000000000000000000000000001010000000001011000000
101111111111000000000000000000000000000000000000000000000000000100100000000001001000
101111111111000000000000000000000000000000000000000000000000001001000000000111010000
101111111111100000000000000000000000000000000000000000000000000001100000001101011000
101111111111100000000000000000000000000000000000000000000000001010000000000011100000
101111111111100000000000000000000000000000000000000000000000001100100000001001101000
111111111110000000000000000000000000000000000000000000000000000001000000001111110000
111111111111000000000000000000000000000000000000000000000000000001100000000101111010
000000000000000000000000000000000000000000000000000000000000000010000000001100000000
000000000010000000000000000000000000000000000000000000000000000000100000000010001000
000000000011000000000000000000000000000000000000000000000000000001000000001000010000
001111001001000000000000000000000000000000000000000000000000000001100000001110011000
001111001001000000000000000000000000000000000000000000000000000110000000000100100000
001111001001000000000000000000000000000000000000000000000000001000100000001010101000
001111001010000000000000000000000000000000000000000000000000000001000000000000110000
001111001010000000000000000000000000000000000000000000000000000101100000000110111000
001111001010000000000000000000000000000000000000000000000000001010000000001101000000
001111001011000000000000000000000000000000000000000000000000000000100000000011001000
001111001011000000000000000000000000000000000000000000000000000101000000001001010000
001111001011000000000000000000000000000000000000000000000000001001100000001111011000
001111111111000000000000000000000000000000000000000000000000000110000000000101100000
001111111111000000000000000000000000000000000000000000000000001000100000001011101000
001111111111000000000000000000000000000000000000000000000000001101000000000001110000
001111111111100000000000000000000000000000000000000000000000000001100000000111111000
001111111111100000000000000000000000000000000000000000000000001010000000001110000000
001111111111100000000000000000000000000000000000000000000000001100100000000100001000
011111111110000000000000000000000000000000000000000000000000000001000000001010010000
011111111111000000000000000000000000000000000000000000000000000001100000000000011010
100000000000000000000000000000000000000000000000000000000000000010000000000110100000
101111111111000000000000000000000000000000000000000000000000001000100000001100101000
101111111111000000000000000000000000000000000000000000000000010001000000000010110000
000000000000000000000000000000000000000000000000000000000000000001100000001000111000
001111111111000000000000000000000000000000000000000000000000001010000000001111000000
001111111111000000000000000000000000000000000000000000000000001100100000000101001000
001111111111000000000000000000000000000000000000000000000000010001000000001011010000
001111111111000000000000000000000000000000000000000000000000010101100000000001011000
101111111111100000000000000000000000000000000000000000000000001110000000000111100000
101111111111100000000000000000000000000000000000000000000000010000100000001101101000
101111111111100000000000000000000000000000000000000000000000011001000000000011110000
001111111111000000000000000000000000000000000000000000000000010101100000001001111000
001111111111100000000000000000000000000000000000000000000000001110000000000000000000
001111111111100000000000000000000000000000000000000000000000010000100000000110001000
001111111111100000000000000000000000000000000000000000000000011001000000001100010000
010000000000000111111111111111111111111111111111111111111111111001100000000010011000
100000000000000000000000000000000000000000000000000000000000000010000000001000100000
101111111111011111111111111111111111111111111111111111111111111100100000001110101000
110000000000000111111111111111111111111111111111111111111111111101000000000100110000
000000000000000000000000000000000000000000000000000000000000000001100000001010111000
001111111111011111111111111111111111111111111111111111111111111110000000000001000000
010000000000000111111111111111111111111111111111111111111111111000100000000111001000
010000000000000111111111111111111111111111111111111111111111111101000000001101010000
010000000000000111111111111111111111111111111111111111111111111101100000000011011000
100000000000000000000000000000000000000000000000000000000000000010000000001001100000
101111111111100000000000000000000000000000000000000000000000000000100000001111101000
110000000000001000000000000000000000000000000000000000000000000001000000000101110000
000000000000000000000000000000000000000000000000000000000000000001100000001011111000
001111111111100000000000000000000000000000000000000000000000000010000000000010000000
010000000000000111111111111111111111111111111111111111111111111100100000001000001000
010000000000001000000000000000000000000000000000000000000000000001000000001110010000
010000000000001000000000000000000000000000000000000000000000000101100000000100011000
100000000000000000000000000000000000000000000000000000000000000010000000001010100000
101111111111100000000000000000000000000000000000000000000000000100100000000000101000
110000000000001000000000000000000000000000000000000000000000001001000000000110110000
000000000000000000000000000000000000000000000000000000000000000001100000001100111000
001111111111100000000000000000000000000000000000000000000000000110000000000011000000
010000000000001000000000000000000000000000000000000000000000000100100000001001001000
010000000000001000000000000000000000000000000000000000000000001001000000001111010000
010000000000001000000000000000000000000000000000000000000000001001100000000101011000
010000000000001000000000000000000000000000000000000000000000001010000000001011100000
010000000000111111111111111111111111111111111111111111111111101100100000000001101000
100000000000000000000000000000000000000000000000000000000000000001000000000111110000
101111001001111111111111111111111111111111111111111111111111110101100000001101111000
101111001001111111111111111111111111111111111111111111111111111010000000000100000000
101111001010000000000000000000000000000000000000000000000000000000100000001010001000
101111001010111111111111111111111111111111111111111111111111110101000000000000010000
101111001010111111111111111111111111111111111111111111111111111001100000000110011000
101111001011000000000000000000000000000000000000000000000000000010000000001100100000
101111001011111111111111111111111111111111111111111111111111110100100000000010101000
101111001011111111111111111111111111111111111111111111111111111001000000001000110000
101111001100000000000000000000000000000000000000000000000000000001100000001110111000
101111111111111111111111111111111111111111111111111111111111111010000000000101000000
110000000000111111111111111111111111111111111111111111111111110000100000001011001000
000000000000000000000000000000000000000000000000000000000000000001000000000001010000
001111001001111111111111111111111111111111111111111111111111110101100000000111011000
001111001001111111111111111111111111111111111111111111111111111010000000001101100000
001111001010000000000000000000000000000000000000000000000000000000100000000011101000
001111001010111111111111111111111111111111111111111111111111110101000000001001110000
001111001010111111111111111111111111111111111111111111111111111001100000001111111000
001111001011000000000000000000000000000000000000000000000000000010000000000110000000
001111001011111111111111111111111111111111111111111111111111110100100000001100001000
001111001011111111111111111111111111111111111111111111111111111001000000000010010000
001111001100000000000000000000000000000000000000000000000000000001100000001000011000
001111111111111111111111111111111111111111111111111111111111111010000000001110100000
010000000000111111111111111111111111111111111111111111111111101100100000000100101000
010000000000111111111111111111111111111111111111111111111111110001000000001010110000
010000000000111111111111111111111111111111111111111111111111110101100000000000111000
100000000000000000000000000000000000000000000000000000000000000010000000000111000000
100000000010000000000000000000000000000000000000000000000000000000100000001101001000
100000000010111111111111111111111111111111111111111111111111111001000000000011010000
100000000011000000000000000000000000000000000000000000000000000001100000001001011000
100000000011111111111111111111111111111111111111111111111111111010000000001111100000
101111001001111111111111111111111111111111111111111111111111111000100000000101101000
101111001001111111111111111111111111111111111111111111111111111101000000001011110000
101111001010000000000000000000000000000000000000000000000000000001100000000001111000
101111001010111111111111111111111111111111111111111111111111111010000000001000000000
101111001010111111111111111111111111111111111111111111111111111100100000001110001000
101111001011000000000000000000000000000000000000000000000000000001000000000100010000
101111001011111111111111111111111111111111111111111111111111111001100000001010011000
101111001011111111111111111111111111111111111111111111111111111110000000000000100000
101111001100000000000000000000000000000000000000000000000000000000100000000110101000
101111111111111111111111111111111111111111111111111111111111111101000000001100110000
110000000000111111111111111111111111111111111111111111111111111001100000000010111000
111111111110000000000000000000000000000000000000000000000000000010000000001001000000
111111111110111111111111111111111111111111111111111111111111111000100000001111001000
111111111111000000000000000000000000000000000000000000000000000001000000000101010010
111111111111000000000000000000000000000000000000000000000000000001100000001011011010
000000000000000000000000000000000000000000000000000000000000000010000000000001100000
000000000010000000000000000000000000000000000000000000000000000000100000000111101000
000000000010111111111111111111111111111111111111111111111111111001000000001101110000
000000000011000000000000000000000000000000000000000000000000000001100000000011111000
000000000011111111111111111111111111111111111111111111111111111010000000001010000000
001111001001111111111111111111111111111111111111111111111111111000100000000000001000
001111001001111111111111111111111111111111111111111111111111111101000000000110010000
001111001010000000000000000000000000000000000000000000000000000001100000001100011000
001111001010111111111111111111111111111111111111111111111111111010000000000010100000
001111001010111111111111111111111111111111111111111111111111111100100000001000101000
001111001011000000000000000000000000000000000000000000000000000001000000001110110000
001111001011111111111111111111111111111111111111111111111111111001100000000100111000
001111001011111111111111111111111111111111111111111111111111111110000000001011000000
001111001100000000000000000000000000000000000000000000000000000000100000000001001000
001111111111111111111111111111111111111111111111111111111111111101000000000111010000
010000000000111111111111111111111111111111111111111111111111110101100000001101011000
010000000000111111111111111111111111111111111111111111111111111010000000000011100000
010000000000111111111111111111111111111111111111111111111111111100100000001001101000
011111111110000000000000000000000000000000000000000000000000000001000000001111110000
011111111110111111111111111111111111111111111111111111111111111001100000000101111000
011111111111000000000000000000000000000000000000000000000000000010000000001100000010
011111111111000000000000000000000000000000000000000000000000000000100000000010001010
100000000000000000000000000000000000000000000000000000000000000001000000001000010000
100000000010000000000000000000000000000000000000000000000000000001100000001110011000
100000000010111111111111111111111111111111111111111111111111111110000000000100100000
101111001010111111111111111111111111111111111111111111111111111100100000001010101000
101111001011000000000000000000000000000000000000000000000000000001000000000000110000
101111001011000000000000000000000000000000000000000000000000000101100000000110111000
101111001011111111111111111111111111111111111111111111111111111110000000001101000000
101111001100000000000000000000000000000000000000000000000000000000100000000011001000
101111001100000000000000000000000000000000000000000000000000000101000000001001010000
101111001100111111111111111111111111111111111111111111111111111101100000001111011000
101111001101000000000000000000000000000000000000000000000000000010000000000101100000
101111001101000000000000000000000000000000000000000000000000000100100000001011101000
110000000000000000000000000000000000000000000000000000000000000001000000000001110000
110000000001000000000000000000000000000000000000000000000000000001100000000111111000
111111111101000000000000000000000000000000000000000000000000000010000000001110000000
111111111101111111111111111111111111111111111111111111111111111100100000000100001000
111111111110000000000000000000000000000000000000000000000000000001000000001010010000
111111111110111111111111111111111111111111111111111111111111111101100000000000011000
111111111111000000000000000000000000000000000000000000000000000010000000000110100010
111111111111000000000000000000000000000000000000000000000000000000100000001100101010
000000000000000000000000000000000000000000000000000000000000000001000000000010110000
000000000010000000000000000000000000000000000000000000000000000001100000001000111000
000000000010111111111111111111111111111111111111111111111111111110000000001111000000
001111001010111111111111111111111111111111111111111111111111111100100000000101001000
001111001011000000000000000000000000000000000000000000000000000001000000001011010000
001111001011000000000000000000000000000000000000000000000000000101100000000001011000
001111001011111111111111111111111111111111111111111111111111111110000000000111100000
001111001100000000000000000000000000000000000000000000000000000000100000001101101000
001111001100000000000000000000000000000000000000000000000000000101000000000011110000
001111001100111111111111111111111111111111111111111111111111111101100000001001111000
001111001101000000000000000000000000000000000000000000000000000010000000000000000000
001111001101000000000000000000000000000000000000000000000000000100100000000110001000
010000000000000000000000000000000000000000000000000000000000000001000000001100010000
010000000000111111111111111111111111111111111111111111111111111101100000000010011000
010000000001000000000000000000000000000000000000000000000000000010000000001000100000
010000000001000000000000000000000000000000000000000000000000000100100000001110101000
011111111101000000000000000000000000000000000000000000000000000001000000000100110000
011111111101111111111111111111111111111111111111111111111111111101100000001010111000
011111111110000000000000000000000000000000000000000000000000000010000000000001000000
011111111110111111111111111111111111111111111111111111111111111100100000000111001000
011111111111000000000000000000000000000000000000000000000000000001000000001101010010
011111111111000000000000000000000000000000000000000000000000000001100000000011011010
100000000000000000000000000000000000000000000000000000000000000010000000001001100000
100000000011000000000000000000000000000000000000000000000000000000100000001111101000
101111001011000000000000000000000000000000000000000000000000000001000000000101110000
101111001011000000000000000000000000000000000000000000000000000101100000001011111000
101111001011000000000000000000000000000000000000000000000000001010000000000010000000
101111001100000000000000000000000000000000000000000000000000000000100000001000001000
101111001100000000000000000000000000000000000000000000000000000101000000001110010000
101111001100000000000000000000000000000000000000000000000000001001100000000100011000
101111001101000000000000000000000000000000000000000000000000000010000000001010100000
101111001101000000000000000000000000000000000000000000000000000100100000000000101000
101111001101000000000000000000000000000000000000000000000000001001000000000110110000
110000000000000000000000000000000000000000000000000000000000000101100000001100111000
110000000001000000000000000000000000000000000000000000000000001010000000000011000000
111111111110000000000000000000000000000000000000000000000000000000100000001001001000
111111111111000000000000000000000000000000000000000000000000000001000000001111010010
111111111111000000000000000000000000000000000000000000000000000001100000000101011010
000000000000000000000000000000000000000000000000000000000000000010000000001011100000
000000000011000000000000000000000000000000000000000000000000000000100000000001101000
001111001011000000000000000000000000000000000000000000000000000001000000000111110000
001111001011000000000000000000000000000000000000000000000000000101100000001101111000
001111001011000000000000000000000000000000000000000000000000001010000000000100000000
001111001100000000000000000000000000000000000000000000000000000000100000001010001000
001111001100000000000000000000000000000000000000000000000000000101000000000000010000
001111001100000000000000000000000000000000000000000000000000001001100000000110011000
001111001101000000000000000000000000000000000000000000000000000010000000001100100000
001111001101000000000000000000000000000000000000000000000000000100100000000010101000
001111001101000000000000000000000000000000000000000000000000001001000000001000110000
010000000000000000000000000000000000000000000000000000000000000101100000001110111000
010000000001000000000000000000000000000000000000000000000000000110000000000101000000
010000000001000000000000000000000000000000000000000000000000001000100000001011001000
010000000001000000000000000000000000000000000000000000000000001101000000000001010000
011111111110000000000000000000000000000000000000000000000000000001100000000111011000
011111111111000000000000000000000000000000000000000000000000000010000000001101100010
011111111111000000000000000000000000000000000000000000000000000000100000000011101010
100000000000000000000000000000000000000000000000000000000000000001000000001001110000
110000000000000000000000000000000000000000000000000000000000001001100000001111111000
110000000001000000000000000000000000000000000000000000000000010010000000000110000000
000000000000000000000000000000000000000000000000000000000000000000100000001100001000
010000000000000000000000000000000000000000000000000000000000001001000000000010010000
010000000001000000000000000000000000000000000000000000000000001101100000001000011000
010000000001000000000000000000000000000000000000000000000000010010000000001110100000
010000000001000000000000000000000000000000000000000000000000010100100000000100101000
010000000001000000000000000000000000000000000000000000000000010101000000001010110000
010000000010000111111111111111111111111111111111111111111111111001100000000000111000
100000000000000000000000000000000000000000000000000000000000000010000000000111000000
110000000000011111111111111111111111111111111111111111111111111100100000001101001000
110000000010000111111111111111111111111111111111111111111111111101000000000011010000
000000000000000000000000000000000000000000000000000000000000000001100000001001011000
010000000000011111111111111111111111111111111111111111111111111110000000001111100000
010000000010000111111111111111111111111111111111111111111111111000100000000101101000
010000000010000111111111111111111111111111111111111111111111111101000000001011110000
010000000010000111111111111111111111111111111111111111111111111101100000000001111000
100000000000000000000000000000000000000000000000000000000000000010000000001000000000
110000000000100000000000000000000000000000000000000000000000000000100000001110001000
110000000010001000000000000000000000000000000000000000000000000001000000000100010000
000000000000000000000000000000000000000000000000000000000000000001100000001010011000
010000000000100000000000000000000000000000000000000000000000000010000000000000100000
010000000010000111111111111111111111111111111111111111111111111100100000000110101000
010000000010001000000000000000000000000000000000000000000000000001000000001100110000
010000000010001000000000000000000000000000000000000000000000000101100000000010111000
100000000000000000000000000000000000000000000000000000000000000010000000001001000000
110000000000100000000000000000000000000000000000000000000000000100100000001111001000
110000000010001000000000000000000000000000000000000000000000001001000000000101010000
000000000000000000000000000000000000000000000000000000000000000001100000001011011000
010000000000100000000000000000000000000000000000000000000000000110000000000001100000
010000000010001000000000000000000000000000000000000000000000000100100000000111101000
010000000010001000000000000000000000000000000000000000000000001001000000001101110000
010000000010001000000000000000000000000000000000000000000000001001100000000011111000
010000000010001000000000000000000000000000000000000000000000001010000000001010000000
010000000010111111111111111111111111111111111111111111111111101100100000000000001000
100000000000000000000000000000000000000000000000000000000000000001000000000110010000
101111001011111111111111111111111111111111111111111111111111110101100000001100011000
101111001011111111111111111111111111111111111111111111111111111010000000000010100000
101111001100000000000000000000000000000000000000000000000000000000100000001000101000
101111001100111111111111111111111111111111111111111111111111110101000000001110110000
101111001100111111111111111111111111111111111111111111111111111001100000000100111000
101111001101000000000000000000000000000000000000000000000000000010000000001011000000
101111001101111111111111111111111111111111111111111111111111110100100000000001001000
101111001101111111111111111111111111111111111111111111111111111001000000000111010000
101111001110000000000000000000000000000000000000000000000000000001100000001101011000
110000000000111111111111111111111111111111111111111111111111111010000000000011100000
110000000010111111111111111111111111111111111111111111111111110000100000001001101000
000000000000000000000000000000000000000000000000000000000000000001000000001111110000
001111001011111111111111111111111111111111111111111111111111110101100000000101111000
001111001011111111111111111111111111111111111111111111111111111010000000001100000000
001111001100000000000000000000000000000000000000000000000000000000100000000010001000
001111001100111111111111111111111111111111111111111111111111110101000000001000010000
001111001100111111111111111111111111111111111111111111111111111001100000001110011000
001111001101000000000000000000000000000000000000000000000000000010000000000100100000
001111001101111111111111111111111111111111111111111111111111110100100000001010101000
001111001101111111111111111111111111111111111111111111111111111001000000000000110000
001111001110000000000000000000000000000000000000000000000000000001100000000110111000
010000000000111111111111111111111111111111111111111111111111111010000000001101000000
010000000010111111111111111111111111111111111111111111111111101100100000000011001000
010000000010111111111111111111111111111111111111111111111111110001000000001001010000
010000000010111111111111111111111111111111111111111111111111110101100000001111011000
100000000000000000000000000000000000000000000000000000000000000010000000000101100000
100000000011000000000000000000000000000000000000000000000000000000100000001011101000
100000000011111111111111111111111111111111111111111111111111111001000000000001110000
101111001011111111111111111111111111111111111111111111111111111001100000000111111000
101111001011111111111111111111111111111111111111111111111111111110000000001110000000
101111001100000000000000000000000000000000000000000000000000000000100000000100001000
101111001100111111111111111111111111111111111111111111111111111001000000001010010000
101111001100111111111111111111111111111111111111111111111111111101100000000000011000
101111001101000000000000000000000000000000000000000000000000000010000000000110100000
101111001101111111111111111111111111111111111111111111111111111000100000001100101000
101111001101111111111111111111111111111111111111111111111111111101000000000010110000
101111001110000000000000000000000000000000000000000000000000000001100000001000111000
110000000000111111111111111111111111111111111111111111111111111110000000001111000000
110000000010111111111111111111111111111111111111111111111111111000100000000101001000
111111111110000000000000000000000000000000000000000000000000000001000000001011010000
111111111110111111111111111111111111111111111111111111111111111001100000000001011000
111111111111000000000000000000000000000000000000000000000000000010000000000111100010
111111111111000000000000000000000000000000000000000000000000000000100000001101101010
111111111111000000000000000000000000000000000000000000000000000001000000000011110010
111111111111000000000000000000000000000000000000000000000000000001100000001001111010
000000000000000000000000000000000000000000000000000000000000000010000000000000000000
000000000011000000000000000000000000000000000000000000000000000000100000000110001000
000000000011111111111111111111111111111111111111111111111111111001000000001100010000
001111001011111111111111111111111111111111111111111111111111111001100000000010011000
001111001011111111111111111111111111111111111111111111111111111110000000001000100000
001111001100000000000000000000000000000000000000000000000000000000100000001110101000
001111001100111111111111111111111111111111111111111111111111111001000000000100110000
001111001100111111111111111111111111111111111111111111111111111101100000001010111000
001111001101000000000000000000000000000000000000000000000000000010000000000001000000
001111001101111111111111111111111111111111111111111111111111111000100000000111001000
001111001101111111111111111111111111111111111111111111111111111101000000001101010000
001111001110000000000000000000000000000000000000000000000000000001100000000011011000
010000000000111111111111111111111111111111111111111111111111111110000000001001100000
010000000010111111111111111111111111111111111111111111111111110100100000001111101000
010000000010111111111111111111111111111111111111111111111111111001000000000101110000
010000000010111111111111111111111111111111111111111111111111111101100000001011111000
011111111110000000000000000000000000000000000000000000000000000010000000000010000000
011111111110111111111111111111111111111111111111111111111111111000100000001000001000
011111111111000000000000000000000000000000000000000000000000000001000000001110010010
011111111111000000000000000000000000000000000000000000000000000001100000000100011010
011111111111000000000000000000000000000000000000000000000000000010000000001010100010
011111111111000000000000000000000000000000000000000000000000000000100000000000101010
010000000010111111111111111111111111111111111111111111111111111101000000000110110000
111010101011110001110001110001110001110001110001110001110001110001100000001100111000
011111111111000000000000000000000000000000000000000000000000000010000000000011000010
100000000000000000000000000000000000000000000000000000000000000000100000001001001000
110111111111111111111111111111111111111111111111111111111111111101000000001111010000
111111111111000000000000000000000000000000000000000000000000000001100000000101011010
000000000000000000000000000000000000000000000000000000000000000010000000001011100000
010111111111111111111111111111111111111111111111111111111111111100100000000001101000
011111111111000000000000000000000000000000000000000000000000000001000000000111110010
011111111111000000000000000000000000000000000000000000000000000001100000001101111010
011111111111000000000000000000000000000000000000000000000000000010000000000100000010
011111111111000000000000000000000000000000000000000000000000000000100000001010001010
011111111111000000000000000000000000000000000000000000000000000001000000000000010010
100000000000000000000000000000000000000000000000000000000000000001100000000110011000
111011111111111111111111111111111111111111111111111111111111111110000000001100100000
111111111111000000000000000000000000000000000000000000000000000000100000000010101010
000000000000000000000000000000000000000000000000000000000000000001000000001000110000
011011111111111111111111111111111111111111111111111111111111111101100000001110111000
011111111111000000000000000000000000000000000000000000000000000010000000000101000010
011111111111000000000000000000000000000000000000000000000000000000100000001011001010
011111111111000000000000000000000000000000000000000000000000000001000000000001010010
011111111111000000000000000000000000000000000000000000000000000001100000000111011010
011111111111000000000000000000000000000000000000000000000000000010000000001101100010
100000000000000000000000000000000000000000000000000000000000000000100000000011101000
111101111111111111111111111111111111111111111111111111111111111101000000001001110000
111111111111000000000000000000000000000000000000000000000000000001100000001111111010
000000000000000000000000000000000000000000000000000000000000000010000000000110000000
011101111111111111111111111111111111111111111111111111111111111100100000001100001000
011111111111000000000000000000000000000000000000000000000000000001000000000010010010
011111111111000000000000000000000000000000000000000000000000000001100000001000011010
011111111111000000000000000000000000000000000000000000000000000010000000001110100010
011111111111000000000000000000000000000000000000000000000000000000100000000100101010
011111111111000000000000000000000000000000000000000000000000000001000000001010110010
100000000000000000000000000000000000000000000000000000000000000001100000000000111000
111110111111111111111111111111111111111111111111111111111111111110000000000111000000
111111111111000000000000000000000000000000000000000000000000000000100000001101001010
000000000000000000000000000000000000000000000000000000000000000001000000000011010000
011110111111111111111111111111111111111111111111111111111111111101100000001001011000
011111111111000000000000000000000000000000000000000000000000000010000000001111100010
011111111111000000000000000000000000000000000000000000000000000000100000000101101010
011111111111000000000000000000000000000000000000000000000000000001000000001011110010
011111111111000000000000000000000000000000000000000000000000000001100000000001111010
011111111111000000000000000000000000000000000000000000000000000010000000001000000010
100000000000000000000000000000000000000000000000000000000000000000100000001110001000
111111011111111111111111111111111111111111111111111111111111111101000000000100010000
111111111111000000000000000000000000000000000000000000000000000001100000001010011010
000000000000000000000000000000000000000000000000000000000000000010000000000000100000
011111011111111111111111111111111111111111111111111111111111111100100000000110101000
011111111111000000000000000000000000000000000000000000000000000001000000001100110010
011111111111000000000000000000000000000000000000000000000000000001100000000010111010
011111111111000000000000000000000000000000000000000000000000000010000000001001000010
011111111111000000000000000000000000000000000000000000000000000000100000001111001010
011111111111000000000000000000000000000000000000000000000000000001000000000101010010
100000000000000000000000000000000000000000000000000000000000000001100000001011011000
111111101111111111111111111111111111111111111111111111111111111110000000000001100000
111111111111000000000000000000000000000000000000000000000000000000100000000111101010
000000000000000000000000000000000000000000000000000000000000000001000000001101110000
011111101111111111111111111111111111111111111111111111111111111101100000000011111000
011111111111000000000000000000000000000000000000000000000000000010000000001010000010
011111111111000000000000000000000000000000000000000000000000000000100000000000001010
011111111111000000000000000000000000000000000000000000000000000001000000000110010010
011111111111000000000000000000000000000000000000000000000000000001100000001100011010
011111111111000000000000000000000000000000000000000000000000000010000000000010100010
100000000000000000000000000000000000000000000000000000000000000000100000001000101000
111111110111111111111111111111111111111111111111111111111111111101000000001110110000
111111111111000000000000000000000000000000000000000000000000000001100000000100111010
000000000000000000000000000000000000000000000000000000000000000010000000001011000000
011111110111111111111111111111111111111111111111111111111111111100100000000001001000
011111111111000000000000000000000000000000000000000000000000000001000000000111010010
011111111111000000000000000000000000000000000000000000000000000001100000001101011010
011111111111000000000000000000000000000000000000000000000000000010000000000011100010
011111111111000000000000000000000000000000000000000000000000000000100000001001101010
011111111111000000000000000000000000000000000000000000000000000001000000001111110010
100000000000000000000000000000000000000000000000000000000000000001100000000101111000
111111111011111111111111111111111111111111111111111111111111111110000000001100000000
111111111111000000000000000000000000000000000000000000000000000000100000000010001010
000000000000000000000000000000000000000000000000000000000000000001000000001000010000
011111111011111111111111111111111111111111111111111111111111111101100000001110011000
011111111111000000000000000000000000000000000000000000000000000010000000000100100010
011111111111000000000000000000000000000000000000000000000000000000100000001010101010
011111111111000000000000000000000000000000000000000000000000000001000000000000110010
011111111111000000000000000000000000000000000000000000000000000001100000000110111010
011111111111000000000000000000000000000000000000000000000000000010000000001101000010
100000000000000000000000000000000000000000000000000000000000000000100000000011001000
111111111101000000000000000000000000000000000000000000000000000001000000001001010000
111111111101111111111111111111111111111111111111111111111111111101100000001111011000
111111111110000000000000000000000000000000000000000000000000000010000000000101100000
111111111110111111111111111111111111111111111111111111111111111100100000001011101000
111111111111000000000000000000000000000000000000000000000000000001000000000001110010
111111111111000000000000000000000000000000000000000000000000000001100000000111111010
111111111111000000000000000000000000000000000000000000000000000010000000001110000010
111111111111000000000000000000000000000000000000000000000000000000100000000100001010
111111111111000000000000000000000000000000000000000000000000000001000000001010010010
111111111111000000000000000000000000000000000000000000000000000001100000000000011010
111111111111000000000000000000000000000000000000000000000000000010000000000110100010
111111111111000000000000000000000000000000000000000000000000000000100000001100101010
111111111111000000000000000000000000000000000000000000000000000001000000000010110010
111111111111000000000000000000000000000000000000000000000000000001100000001000111010
111111111111000000000000000000000000000000000000000000000000000010000000001111000010
111111111111000000000000000000000000000000000000000000000000000000100000000101001010
000000000000000000000000000000000000000000000000000000000000000001000000001011010000
011111111101000000000000000000000000000000000000000000000000000001100000000001011000
011111111101111111111111111111111111111111111111111111111111111110000000000111100000
011111111110000000000000000000000000000000000000000000000000000000100000001101101000
011111111110111111111111111111111111111111111111111111111111111101000000000011110000
011111111111000000000000000000000000000000000000000000000000000001100000001001111010
011111111111000000000000000000000000000000000000000000000000000010000000000000000010
011111111111000000000000000000000000000000000000000000000000000000100000000110001010
011111111111000000000000000000000000000000000000000000000000000001000000001100010010
011111111111000000000000000000000000000000000000000000000000000001100000000010011010
011111111111000000000000000000000000000000000000000000000000000010000000001000100010
011111111111000000000000000000000000000000000000000000000000000000100000001110101010
011111111111000000000000000000000000000000000000000000000000000001000000000100110010
011111111111000000000000000000000000000000000000000000000000000001100000001010111010
011111111111000000000000000000000000000000000000000000000000000010000000000001000010
011111111111000000000000000000000000000000000000000000000000000000100000000111001010
011111111111000000000000000000000000000000000000000000000000000001000000001101010010
011111111111000000000000000000000000000000000000000000000000000001100000000011011010
011111111111000000000000000000000000000000000000000000000000000010000000001001100010
100000000000000000000000000000000000000000000000000000000000000000100000001111101000
111111111101000000000000000000000000000000000000000000000000000101000000000101110000
111111111110000000000000000000000000000000000000000000000000000001100000001011111000
111111111111000000000000000000000000000000000000000000000000000010000000000010000010
111111111111000000000000000000000000000000000000000000000000000000100000001000001010
111111111111000000000000000000000000000000000000000000000000000001000000001110010010
111111111111000000000000000000000000000000000000000000000000000001100000000100011010
111111111111000000000000000000000000000000000000000000000000000010000000001010100010
111111111111000000000000000000000000000000000000000000000000000000100000000000101010
111111111111000000000000000000000000000000000000000000000000000001000000000110110010
111111111111000000000000000000000000000000000000000000000000000001100000001100111010
111111111111000000000000000000000000000000000000000000000000000010000000000011000010
111111111111000000000000000000000000000000000000000000000000000000100000001001001010
111111111111000000000000000000000000000000000000000000000000000001000000001111010010
111111111111000000000000000000000000000000000000000000000000000001100000000101011010
000000000000000000000000000000000000000000000000000000000000000010000000001011100000
011111111101000000000000000000000000000000000000000000000000000100100000000001101000
011111111110000000000000000000000000000000000000000000000000000001000000000111110000
011111111111000000000000000000000000000000000000000000000000000001100000001101111010
011111111111000000000000000000000000000000000000000000000000000010000000000100000010
011111111111000000000000000000000000000000000000000000000000000000100000001010001010
011111111111000000000000000000000000000000000000000000000000000001000000000000010010
011111111111000000000000000000000000000000000000000000000000000001100000000110011010
011111111111000000000000000000000000000000000000000000000000000010000000001100100010
011111111111000000000000000000000000000000000000000000000000000000100000000010101010
011111111111000000000000000000000000000000000000000000000000000001000000001000110010
011111111111000000000000000000000000000000000000000000000000000001100000001110111010
011111111111000000000000000000000000000000000000000000000000000010000000000101000010
011111111111000000000000000000000000000000000000000000000000000000100000001011001010
011111111111000000000000000000000000000000000000000000000000000001000000000001010010
011111111111000000000000000000000000000000000000000000000000000001100000000111011010
011111111111000000000000000000000000000000000000000000000000000010000000001101100010
100000000000000000000000000000000000000000000000000000000000000000100000000011101000
111111111101000000000000000000000000000000000000000000000000001001000000001001110000
111111111111000000000000000000000000000000000000000000000000000001100000001111111010
000000000000000000000000000000000000000000000000000000000000000010000000000110000000
011111111101000000000000000000000000000000000000000000000000001000100000001100001000
011111111111000000000000000000000000000000000000000000000000000001000000000010010010
011111111111000000000000000000000000000000000000000000000000000001100000001000011010
011111111111000000000000000000000000000000000000000000000000000010000000001110100010
011111111111000000000000000000000000000000000000000000000000000000100000000100101010
011111111111000000000000000000000000000000000000000000000000000001000000001010110010
100000000000000000000000000000000000000000000000000000000000000001100000000000111000
111111111101011111111111111111111111111111111111111111111111111110000000000111000000
111111111111000000000000000000000000000000000000000000000000000000100000001101001010
000000000000000000000000000000000000000000000000000000000000000001000000000011010000
011111111101011111111111111111111111111111111111111111111111111101100000001001011000
011111111111000000000000000000000000000000000000000000000000000010000000001111100010
011111111111000000000000000000000000000000000000000000000000000000100000000101101010
011111111111000000000000000000000000000000000000000000000000000001000000001011110010
100000000000000000000000000000000000000000000000000000000000000001100000000001111000
111111111101100000000000000000000000000000000000000000000000000010000000001000000000
111111111111000000000000000000000000000000000000000000000000000000100000001110001010
000000000000000000000000000000000000000000000000000000000000000001000000000100010000
011111111101100000000000000000000000000000000000000000000000000001100000001010011000
011111111111000000000000000000000000000000000000000000000000000010000000000000100010
011111111111000000000000000000000000000000000000000000000000000000100000000110101010
011111111111000000000000000000000000000000000000000000000000000001000000001100110010
100000000000000000000000000000000000000000000000000000000000000001100000000010111000
111111111101100000000000000000000000000000000000000000000000000110000000001001000000
111111111111000000000000000000000000000000000000000000000000000000100000001111001010
000000000000000000000000000000000000000000000000000000000000000001000000000101010000
011111111101100000000000000000000000000000000000000000000000000101100000001011011000
011111111111000000000000000000000000000000000000000000000000000010000000000001100010
011111111111000000000000000000000000000000000000000000000000000000100000000111101010
011111111111000000000000000000000000000000000000000000000000000001000000001101110010
011111111111000000000000000000000000000000000000000000000000000001100000000011111010
011111111111000000000000000000000000000000000000000000000000000010000000001010000010
100000000000000000000000000000000000000000000000000000000000000000100000000000001000
111111111101111111111111111111111111111111111111111111111111111001000000000110010000
111111111111000000000000000000000000000000000000000000000000000001100000001100011010
111111111111000000000000000000000000000000000000000000000000000010000000000010100010
111111111111000000000000000000000000000000000000000000000000000000100000001000101010
111111111111000000000000000000000000000000000000000000000000000001000000001110110010
111111111111000000000000000000000000000000000000000000000000000001100000000100111010
111111111111000000000000000000000000000000000000000000000000000010000000001011000010
111111111111000000000000000000000000000000000000000000000000000000100000000001001010
111111111111000000000000000000000000000000000000000000000000000001000000000111010010
111111111111000000000000000000000000000000000000000000000000000001100000001101011010
111111111111000000000000000000000000000000000000000000000000000010000000000011100010
000000000000000000000000000000000000000000000000000000000000000000100000001001101000
011111111101111111111111111111111111111111111111111111111111111001000000001111110000
011111111111000000000000000000000000000000000000000000000000000001100000000101111010
011111111111000000000000000000000000000000000000000000000000000010000000001100000010
011111111111000000000000000000000000000000000000000000000000000000100000000010001010
011111111111000000000000000000000000000000000000000000000000000001000000001000010010
011111111111000000000000000000000000000000000000000000000000000001100000001110011010
011111111111000000000000000000000000000000000000000000000000000010000000000100100010
011111111111000000000000000000000000000000000000000000000000000000100000001010101010
011111111111000000000000000000000000000000000000000000000000000001000000000000110010
011111111111000000000000000000000000000000000000000000000000000001100000000110111010
011111111111000000000000000000000000000000000000000000000000000010000000001101000010
011111111111000000000000000000000000000000000000000000000000000000100000000011001010
011111111111000000000000000000000000000000000000000000000000000001000000001001010010
100000000000000000000000000000000000000000000000000000000000000001100000001111011000
111111111101111111111111111111111111111111111111111111111111111110000000000101100000
111111111110000000000000000000000000000000000000000000000000000000100000001011101000
111111111110111111111111111111111111111111111111111111111111111001000000000001110000
111111111111000000000000000000000000000000000000000000000000000001100000000111111010
111111111111000000000000000000000000000000000000000000000000000010000000001110000010
111111111111000000000000000000000000000000000000000000000000000000100000000100001010
111111111111000000000000000000000000000000000000000000000000000001000000001010010010
111111111111000000000000000000000000000000000000000000000000000001100000000000011010
111111111111000000000000000000000000000000000000000000000000000010000000000110100010
111111111111000000000000000000000000000000000000000000000000000000100000001100101010
111111111111000000000000000000000000000000000000000000000000000001000000000010110010
111111111111000000000000000000000000000000000000000000000000000001100000001000111010
111111111111000000000000000000000000000000000000000000000000000010000000001111000010
111111111111000000000000000000000000000000000000000000000000000000100000000101001010
111111111111000000000000000000000000000000000000000000000000000001000000001011010010
111111111111000000000000000000000000000000000000000000000000000001100000000001011010
111111111111000000000000000000000000000000000000000000000000000010000000000111100010
000000000000000000000000000000000000000000000000000000000000000000100000001101101000
011111111101111111111111111111111111111111111111111111111111111101000000000011110000
011111111110000000000000000000000000000000000000000000000000000001100000001001111000
011111111110111111111111111111111111111111111111111111111111111010000000000000000000
011111111111000000000000000000000000000000000000000000000000000000100000000110001010
011111111111000000000000000000000000000000000000000000000000000001000000001100010010
011111111111000000000000000000000000000000000000000000000000000001100000000010011010
011111111111000000000000000000000000000000000000000000000000000010000000001000100010
011111111111000000000000000000000000000000000000000000000000000000100000001110101010
011111111111000000000000000000000000000000000000000000000000000001000000000100110010
011111111111000000000000000000000000000000000000000000000000000001100000001010111010
011111111111000000000000000000000000000000000000000000000000000010000000000001000010
011111111111000000000000000000000000000000000000000000000000000000100000000111001010
011111111111000000000000000000000000000000000000000000000000000001000000001101010010
011111111111000000000000000000000000000000000000000000000000000001100000000011011010
011111111111000000000000000000000000000000000000000000000000000010000000001001100010
011111111111000000000000000000000000000000000000000000000000000000100000001111101010
011111111111000000000000000000000000000000000000000000000000000001000000000101110010
011111111111000000000000000000000000000000000000000000000000000001100000001011111010
011111111111000000000000000000000000000000000000000000000000000010000000000010000010
100000000000000000000000000000000000000000000000000000000000000000100000001000001000
111111111101000000000000000000000000000000000000000000000000000001000000001110010000
111111111101111111111111111111111111111111111111111111111111111101100000000100011000
111111111110000000000000000000000000000000000000000000000000000010000000001010100000
111111111110111111111111111111111111111111111111111111111111111100100000000000101000
111111111111000000000000000000000000000000000000000000000000000001000000000110110010
111111111111000000000000000000000000000000000000000000000000000001100000001100111010
111111111111000000000000000000000000000000000000000000000000000010000000000011000010
111111111111000000000000000000000000000000000000000000000000000000100000001001001010
111111111111000000000000000000000000000000000000000000000000000001000000001111010010
111111111111000000000000000000000000000000000000000000000000000001100000000101011010
111111111111000000000000000000000000000000000000000000000000000010000000001011100010
111111111111000000000000000000000000000000000000000000000000000000100000000001101010
111111111111000000000000000000000000000000000000000000000000000001000000000111110010
111111111111000000000000000000000000000000000000000000000000000001100000001101111010
111111111111000000000000000000000000000000000000000000000000000010000000000100000010
111111111111000000000000000000000000000000000000000000000000000000100000001010001010
000000000000000000000000000000000000000000000000000000000000000001000000000000010000
011111111101000000000000000000000000000000000000000000000000000001100000000110011000
011111111101111111111111111111111111111111111111111111111111111110000000001100100000
011111111110000000000000000000000000000000000000000000000000000000100000000010101000
011111111110111111111111111111111111111111111111111111111111111101000000001000110000
011111111111000000000000000000000000000000000000000000000000000001100000001110111010
011111111111000000000000000000000000000000000000000000000000000010000000000101000010
011111111111000000000000000000000000000000000000000000000000000000100000001011001010
011111111111000000000000000000000000000000000000000000000000000001000000000001010010
011111111111000000000000000000000000000000000000000000000000000001100000000111011010
011111111111000000000000000000000000000000000000000000000000000010000000001101100010
011111111111000000000000000000000000000000000000000000000000000000100000000011101010
011111111111000000000000000000000000000000000000000000000000000001000000001001110010
011111111111000000000000000000000000000000000000000000000000000001100000001111111010
011111111111000000000000000000000000000000000000000000000000000010000000000110000010
011111111111000000000000000000000000000000000000000000000000000000100000001100001010
011111111111000000000000000000000000000000000000000000000000000001000000000010010010
011111111111000000000000000000000000000000000000000000000000000001100000001000011010
011111111111000000000000000000000000000000000000000000000000000010000000001110100010
100000000000000000000000000000000000000000000000000000000000000000100000000100101000
111111111110000000000000000000000000000000000000000000000000000001000000001010110000
111111111110000000000000000000000000000000000000000000000000000101100000000000111000
111111111111000000000000000000000000000000000000000000000000000010000000000111000010
111111111111000000000000000000000000000000000000000000000000000000100000001101001010
111111111111000000000000000000000000000000000000000000000000000001000000000011010010
111111111111000000000000000000000000000000000000000000000000000001100000001001011010
111111111111000000000000000000000000000000000000000000000000000010000000001111100010
111111111111000000000000000000000000000000000000000000000000000000100000000101101010
111111111111000000000000000000000000000000000000000000000000000001000000001011110010
111111111111000000000000000000000000000000000000000000000000000001100000000001111010
111111111111000000000000000000000000000000000000000000000000000010000000001000000010
111111111111000000000000000000000000000000000000000000000000000000100000001110001010
111111111111000000000000000000000000000000000000000000000000000001000000000100010010
111111111111000000000000000000000000000000000000000000000000000001100000001010011010
000000000000000000000000000000000000000000000000000000000000000010000000000000100000
011111111110000000000000000000000000000000000000000000000000000000100000000110101000
011111111110000000000000000000000000000000000000000000000000000101000000001100110000
011111111111000000000000000000000000000000000000000000000000000001100000000010111010
011111111111000000000000000000000000000000000000000000000000000010000000001001000010
011111111111000000000000000000000000000000000000000000000000000000100000001111001010
011111111111000000000000000000000000000000000000000000000000000001000000000101010010
011111111111000000000000000000000000000000000000000000000000000001100000001011011010
011111111111000000000000000000000000000000000000000000000000000010000000000001100010
011111111111000000000000000000000000000000000000000000000000000000100000000111101010
011111111111000000000000000000000000000000000000000000000000000001000000001101110010
011111111111000000000000000000000000000000000000000000000000000001100000000011111010
011111111111000000000000000000000000000000000000000000000000000010000000001010000010
011111111111000000000000000000000000000000000000000000000000000000100000000000001010
011111111111000000000000000000000000000000000000000000000000000001000000000110010010
011111111111000000000000000000000000000000000000000000000000000001100000001100011010
011111111111000000000000000000000000000000000000000000000000000010000000000010100010
100000000000000000000000000000000000000000000000000000000000000000100000001000101000
111111111110000000000000000000000000000000000000000000000000001001000000001110110000
111111111111000000000000000000000000000000000000000000000000000001100000000100111010
000000000000000000000000000000000000000000000000000000000000000010000000001011000000
011111111110000000000000000000000000000000000000000000000000001000100000000001001000
011111111111000000000000000000000000000000000000000000000000000001000000000111010010
011111111111000000000000000000000000000000000000000000000000000001100000001101011010
011111111111000000000000000000000000000000000000000000000000000010000000000011100010
011111111111000000000000000000000000000000000000000000000000000000100000001001101010
011111111111000000000000000000000000000000000000000000000000000001000000001111110010
100000000000000000000000000000000000000000000000000000000000000001100000000101111000
111111111110011111111111111111111111111111111111111111111111111110000000001100000000
111111111111000000000000000000000000000000000000000000000000000000100000000010001010
000000000000000000000000000000000000000000000000000000000000000001000000001000010000
011111111110011111111111111111111111111111111111111111111111111101100000001110011000
011111111111000000000000000000000000000000000000000000000000000010000000000100100010
011111111111000000000000000000000000000000000000000000000000000000100000001010101010
011111111111000000000000000000000000000000000000000000000000000001000000000000110010
100000000000000000000000000000000000000000000000000000000000000001100000000110111000
111111111110100000000000000000000000000000000000000000000000000010000000001101000000
111111111111000000000000000000000000000000000000000000000000000000100000000011001010
000000000000000000000000000000000000000000000000000000000000000001000000001001010000
011111111110100000000000000000000000000000000000000000000000000001100000001111011000
011111111111000000000000000000000000000000000000000000000000000010000000000101100010
011111111111000000000000000000000000000000000000000000000000000000100000001011101010
011111111111000000000000000000000000000000000000000000000000000001000000000001110010
100000000000000000000000000000000000000000000000000000000000000001100000000111111000
111111111110100000000000000000000000000000000000000000000000000110000000001110000000
111111111111000000000000000000000000000000000000000000000000000000100000000100001010
000000000000000000000000000000000000000000000000000000000000000001000000001010010000
011111111110100000000000000000000000000000000000000000000000000101100000000000011000
011111111111000000000000000000000000000000000000000000000000000010000000000110100010
011111111111000000000000000000000000000000000000000000000000000000100000001100101010
011111111111000000000000000000000000000000000000000000000000000001000000000010110010
011111111111000000000000000000000000000000000000000000000000000001100000001000111010
011111111111000000000000000000000000000000000000000000000000000010000000001111000010
100000000000000000000000000000000000000000000000000000000000000000100000000101001000
111111111110111111111111111111111111111111111111111111111111111001000000001011010000
111111111111000000000000000000000000000000000000000000000000000001100000000001011010
111111111111000000000000000000000000000000000000000000000000000010000000000111100010
111111111111000000000000000000000000000000000000000000000000000000100000001101101010
111111111111000000000000000000000000000000000000000000000000000001000000000011110010
111111111111000000000000000000000000000000000000000000000000000001100000001001111010
111111111111000000000000000000000000000000000000000000000000000010000000000000000010
111111111111000000000000000000000000000000000000000000000000000000100000000110001010
111111111111000000000000000000000000000000000000000000000000000001000000001100010010
111111111111000000000000000000000000000000000000000000000000000001100000000010011010
111111111111000000000000000000000000000000000000000000000000000010000000001000100010
000000000000000000000000000000000000000000000000000000000000000000100000001110101000
011111111110111111111111111111111111111111111111111111111111111001000000000100110000
011111111111000000000000000000000000000000000000000000000000000001100000001010111010
011111111111000000000000000000000000000000000000000000000000000010000000000001000010
011111111111000000000000000000000000000000000000000000000000000000100000000111001010
011111111111000000000000000000000000000000000000000000000000000001000000001101010010
011111111111000000000000000000000000000000000000000000000000000001100000000011011010
011111111111000000000000000000000000000000000000000000000000000010000000001001100010
011111111111000000000000000000000000000000000000000000000000000000100000001111101010
011111111111000000000000000000000000000000000000000000000000000001000000000101110010
011111111111000000000000000000000000000000000000000000000000000001100000001011111010
011111111111000000000000000000000000000000000000000000000000000010000000000010000010
011111111111000000000000000000000000000000000000000000000000000000100000001000001010
011111111111000000000000000000000000000000000000000000000000000001000000001110010010
100000000000000000000000000000000000000000000000000000000000000001100000000100011000
100000000000000000000000000000000000000000000000000000000000000010000000001010100000
110000000000111111111111111111111111111111111111111111111111111100100000000000101000
111111111110000000000000000000000000000000000000000000000000000001000000000110110000
111111111110111111111111111111111111111111111111111111111111111001100000001100111000
111111111110111111111111111111111111111111111111111111111111111110000000000011000000
111111111111000000000000000000000000000000000000000000000000000000100000001001001010
111111111111000000000000000000000000000000000000000000000000000001000000001111010010
111111111111000000000000000000000000000000000000000000000000000001100000000101011010
111111111111000000000000000000000000000000000000000000000000000010000000001011100010
111111111111000000000000000000000000000000000000000000000000000000100000000001101010
111111111111000000000000000000000000000000000000000000000000000001000000000111110010
111111111111000000000000000000000000000000000000000000000000000001100000001101111010
111111111111000000000000000000000000000000000000000000000000000010000000000100000010
111111111111000000000000000000000000000000000000000000000000000000100000001010001010
111111111111000000000000000000000000000000000000000000000000000001000000000000010010
111111111111000000000000000000000000000000000000000000000000000001100000000110011010
111111111111000000000000000000000000000000000000000000000000000010000000001100100010
111111111111000000000000000000000000000000000000000000000000000000100000000010101010
111111111111000000000000000000000000000000000000000000000000000001000000001000110010
111111111111000000000000000000000000000000000000000000000000000001100000001110111000
011111111111100000000000000000000000000000000000000000000000000010000000000101000000
011111111111100000000000000000000000000000000000000000000000000000100000001011001000
000000000000000000000000000000000000000000000000000000000000000001000000000001010000
000000000000000000000000000000000000000000000000000000000000000001100000000111011000
010000000000111111111111111111111111111111111111111111111111111110000000001101100000
011111111110000000000000000000000000000000000000000000000000000000100000000011101000
011111111110111111111111111111111111111111111111111111111111111001000000001001110000
011111111110111111111111111111111111111111111111111111111111111101100000001111111000
011111111111000000000000000000000000000000000000000000000000000010000000000110000010
011111111111000000000000000000000000000000000000000000000000000000100000001100001010
011111111111000000000000000000000000000000000000000000000000000001000000000010010010
011111111111000000000000000000000000000000000000000000000000000001100000001000011010
011111111111000000000000000000000000000000000000000000000000000010000000001110100010
011111111111000000000000000000000000000000000000000000000000000000100000000100101010
011111111111000000000000000000000000000000000000000000000000000001000000001010110010
011111111111000000000000000000000000000000000000000000000000000001100000000000111010
011111111111000000000000000000000000000000000000000000000000000010000000000111000010
011111111111000000000000000000000000000000000000000000000000000000100000001101001010
011111111111000000000000000000000000000000000000000000000000000001000000000011010010
011111111111000000000000000000000000000000000000000000000000000001100000001001011010
011111111111000000000000000000000000000000000000000000000000000010000000001111100010
011111111111000000000000000000000000000000000000000000000000000000100000000101101010
011111111111000000000000000000000000000000000000000000000000000001000000001011110010
011111111111000000000000000000000000000000000000000000000000000001100000000001111000
011111111111100000000000000000000000000000000000000000000000000010000000001000000000
011111111111100000000000000000000000000000000000000000000000000000100000001110001000
011111111111100000000000000000000000000000000000000000000000000001000000000100010100
011111111111100000000000000000000000000000000000000000000000000001100000001010011100
111111111111000000000000000000000000000000000000000000000000000010000000000000100000
111111111111000000000000000000000000000000000000000000000000000000100000000110101000
111111111111000000000000000000000000000000000000000000000000000001000000001100110000
111111111111000000000000000000000000000000000000000000000000000001100000000010111000
011111111111100000000000000000000000000000000000000000000000000010000000001001000000
011111111111100000000000000000000000000000000000000000000000000000100000001111001000
011111111111100000000000000000000000000000000000000000000000000001000000000101010100
011111111111100000000000000000000000000000000000000000000000000001100000001011011100
011111111111000000000000000000000000000000000000000000000000000010000000000001100000
011111111111000000000000000000000000000000000000000000000000000000100000000111101000
011111111111000000000000000000000000000000000000000000000000000001000000001101110000
011111111111000000000000000000000000000000000000000000000000000001100000000011111000
011111111111100000000000000000000000000000000000000000000000000010000000001010000000
011111111111100000000000000000000000000000000000000000000000000000100000000000001000
011111111111100000000000000000000000000000000000000000000000000001000000000110010000
011111111111100000000000000000000000000000000000000000000000000001100000001100011000
011111111111100000000000000000000000000000000000000000000000000010000000000010100000
011111111111100000000000000000000000000000000000000000000000000000100000001000101000
011111111111100000000000000000000000000000000000000000000000000001000000001110110000
011111111111100000000000000000000000000000000000000000000000000001100000000100111000
011111111111100000000000000000000000000000000000000000000000000010000000001011000000
011111111111100000000000000000000000000000000000000000000000000000100000000001001000
011111111111100000000000000000000000000000000000000000000000000001000000000111010000
011111111111100000000000000000000000000000000000000000000000000001100000001101011000
011111111111100000000000000000000000000000000000000000000000000010000000000011100000
011111111111100000000000000000000000000000000000000000000000000000100000001001101000
011111111111100000000000000000000000000000000000000000000000000001000000001111110000
011111111111100000000000000000000000000000000000000000000000000001100000000101111000
011111111111100000000000000000000000000000000000000000000000000010000000001100000000
011111111111100000000000000000000000000000000000000000000000000000100000000010001000
011111111111100000000000000000000000000000000000000000000000000001000000001000010000
011111111111100000000000000000000000000000000000000000000000000001100000001110011000
011111111111100000000000000000000000000000000000000000000000000010000000000100100000
011111111111100000000000000000000000000000000000000000000000000000100000001010101000
011111111111100000000000000000000000000000000000000000000000000001000000000000110000
011111111111100000000000000000000000000000000000000000000000000001100000000110111000
011111111111100000000000000000000000000000000000000000000000000010000000001101000000
011111111111100000000000000000000000000000000000000000000000000000100000000011001000
011111111111100000000000000000000000000000000000000000000000000001000000001001010000
011111111111100000000000000000000000000000000000000000000000000001100000001111011000
011111111111100000000000000000000000000000000000000000000000000010000000000101100000
011111111111100000000000000000000000000000000000000000000000000000100000001011101000
011111111111100000000000000000000000000000000000000000000000000001000000000001110000
011111111111100000000000000000000000000000000000000000000000000001100000000111111000
011111111111100000000000000000000000000000000000000000000000000010000000001110000000
011111111111100000000000000000000000000000000000000000000000000000100000000100001000
011111111111100000000000000000000000000000000000000000000000000001000000001010010000
011111111111100000000000000000000000000000000000000000000000000001100000000000011000
011111111111100000000000000000000000000000000000000000000000000010000000000110100000
011111111111100000000000000000000000000000000000000000000000000000100000001100101000
011111111111100000000000000000000000000000000000000000000000000001000000000010110000
011111111111100000000000000000000000000000000000000000000000000001100000001000111000
011111111111100000000000000000000000000000000000000000000000000010000000001111000000
011111111111100000000000000000000000000000000000000000000000000000100000000101001000
011111111111100000000000000000000000000000000000000000000000000001000000001011010000
011111111111100000000000000000000000000000000000000000000000000001100000000001011000
011111111111100000000000000000000000000000000000000000000000000010000000000111100000
011111111111100000000000000000000000000000000000000000000000000000100000001101101000
011111111111100000000000000000000000000000000000000000000000000001000000000011110000
011111111111100000000000000000000000000000000000000000000000000001100000001001111000
011111111111100000000000000000000000000000000000000000000000000010000000000000000000
011111111111100000000000000000000000000000000000000000000000000000100000000110001000
011111111111100000000000000000000000000000000000000000000000000001000000001100010000
011111111111100000000000000000000000000000000000000000000000000001100000000010011000
011111111111100000000000000000000000000000000000000000000000000010000000001000100000
011111111111100000000000000000000000000000000000000000000000000000100000001110101000
011111111111100000000000000000000000000000000000000000000000000001000000000100110000
011111111111100000000000000000000000000000000000000000000000000001100000001010111000
011111111111100000000000000000000000000000000000000000000000000010000000000001000000
011111111111100000000000000000000000000000000000000000000000000000100000000111001000
011111111111100000000000000000000000000000000000000000000000000001000000001101010000
011111111111100000000000000000000000000000000000000000000000000001100000000011011000
011111111111100000000000000000000000000000000000000000000000000010000000001001100000
011111111111100000000000000000000000000000000000000000000000000000100000001111101000
011111111111100000000000000000000000000000000000000000000000000001000000000101110000
011111111111100000000000000000000000000000000000000000000000000001100000001011111000
011111111111100000000000000000000000000000000000000000000000000010000000000010000000
011111111111100000000000000000000000000000000000000000000000000000100000001000001000
011111111111100000000000000000000000000000000000000000000000000001000000001110010000
011111111111100000000000000000000000000000000000000000000000000001100000000100011000
011111111111100000000000000000000000000000000000000000000000000010000000001010100000
011111111111100000000000000000000000000000000000000000000000000000100000000000101000
011111111111100000000000000000000000000000000000000000000000000001000000000110110000
011111111111100000000000000000000000000000000000000000000000000001100000001100111000
011111111111100000000000000000000000000000000000000000000000000010000000000011000000
011111111111100000000000000000000000000000000000000000000000000000100000001001001000
011111111111100000000000000000000000000000000000000000000000000001000000001111010000
011111111111100000000000000000000000000000000000000000000000000001100000000101011000
011111111111100000000000000000000000000000000000000000000000000010000000001011100000
011111111111100000000000000000000000000000000000000000000000000000100000000001101000
011111111111100000000000000000000000000000000000000000000000000001000000000111110000
011111111111100000000000000000000000000000000000000000000000000001100000001101111000
011111111111100000000000000000000000000000000000000000000000000010000000000100000000
011111111111100000000000000000000000000000000000000000000000000000100000001010001000
011111111111100000000000000000000000000000000000000000000000000001000000000000010000
011111111111100000000000000000000000000000000000000000000000000001100000000110011000
011111111111100000000000000000000000000000000000000000000000000010000000001100100000
011111111111100000000000000000000000000000000000000000000000000000100000000010101000
011111111111100000000000000000000000000000000000000000000000000001000000001000110000
011111111111100000000000000000000000000000000000000000000000000001100000001110111000
011111111111100000000000000000000000000000000000000000000000000010000000000101000000
011111111111100000000000000000000000000000000000000000000000000000100000001011001000
011111111111100000000000000000000000000000000000000000000000000001000000000001010000
011111111111100000000000000000000000000000000000000000000000000001100000000111011000
011111111111100000000000000000000000000000000000000000000000000010000000001101100000
011111111111100000000000000000000000000000000000000000000000000000100000000011101000
011111111111100000000000000000000000000000000000000000000000000001000000001001110000
011111111111100000000000000000000000000000000000000000000000000001100000001111111000
011111111111100000000000000000000000000000000000000000000000000010000000000110000000
011111111111100000000000000000000000000000000000000000000000000000100000001100001000
011111111111100000000000000000000000000000000000000000000000000001000000000010010000
011111111111100000000000000000000000000000000000000000000000000001100000001000011000
011111111111100000000000000000000000000000000000000000000000000010000000001110100000
011111111111100000000000000000000000000000000000000000000000000000100000000100101000
011111111111100000000000000000000000000000000000000000000000000001000000001010110000
011111111111100000000000000000000000000000000000000000000000000001100000000000111000
011111111111100000000000000000000000000000000000000000000000000010000000000111000000
011111111111100000000000000000000000000000000000000000000000000000100000001101001000
011111111111100000000000000000000000000000000000000000000000000001000000000011010000
011111111111100000000000000000000000000000000000000000000000000001100000001001011000
011111111111100000000000000000000000000000000000000000000000000010000000001111100000
011111111111100000000000000000000000000000000000000000000000000000100000000101101000
011111111111100000000000000000000000000000000000000000000000000001000000001011110000
011111111111100000000000000000000000000000000000000000000000000001100000000001111000
011111111111100000000000000000000000000000000000000000000000000010000000001000000000
011111111111100000000000000000000000000000000000000000000000000000100000001110001000
011111111111100000000000000000000000000000000000000000000000000001000000000100010000
011111111111100000000000000000000000000000000000000000000000000001100000001010011000
011111111111100000000000000000000000000000000000000000000000000010000000000000100000
011111111111100000000000000000000000000000000000000000000000000000100000000110101000
011111111111100000000000000000000000000000000000000000000000000001000000001100110000
011111111111100000000000000000000000000000000000000000000000000001100000000010111000
011111111111100000000000000000000000000000000000000000000000000010000000001001000000
011111111111100000000000000000000000000000000000000000000000000000100000001111001000
011111111111100000000000000000000000000000000000000000000000000001000000000101010000
011111111111100000000000000000000000000000000000000000000000000001100000001011011000
011111111111100000000000000000000000000000000000000000000000000010000000000001100000
011111111111100000000000000000000000000000000000000000000000000000100000000111101000
011111111111100000000000000000000000000000000000000000000000000001000000001101110000
011111111111100000000000000000000000000000000000000000000000000001100000000011111000
011111111111100000000000000000000000000000000000000000000000000010000000001010000000
011111111111100000000000000000000000000000000000000000000000000000100000000000001000
011111111111100000000000000000000000000000000000000000000000000001000000000110010000
011111111111100000000000000000000000000000000000000000000000000001100000001100011000
011111111111100000000000000000000000000000000000000000000000000010000000000010100000
011111111111100000000000000000000000000000000000000000000000000000100000001000101000
011111111111100000000000000000000000000000000000000000000000000001000000001110110000
011111111111100000000000000000000000000000000000000000000000000001100000000100111000
011111111111100000000000000000000000000000000000000000000000000010000000001011000000
011111111111100000000000000000000000000000000000000000000000000000100000000001001000
011111111111100000000000000000000000000000000000000000000000000001000000000111010000
011111111111100000000000000000000000000000000000000000000000000001100000001101011000
011111111111100000000000000000000000000000000000000000000000000010000000000011100000
011111111111100000000000000000000000000000000000000000000000000000100000001001101000
011111111111100000000000000000000000000000000000000000000000000001000000001111110000
011111111111100000000000000000000000000000000000000000000000000001100000000101111000
011111111111100000000000000000000000000000000000000000000000000010000000001100000000
011111111111100000000000000000000000000000000000000000000000000000100000000010001000
011111111111100000000000000000000000000000000000000000000000000001000000001000010000
011111111111100000000000000000000000000000000000000000000000000001100000001110011000
011111111111100000000000000000000000000000000000000000000000000010000000000100100000
011111111111100000000000000000000000000000000000000000000000000000100000001010101000
011111111111100000000000000000000000000000000000000000000000000001000000000000110000
011111111111100000000000000000000000000000000000000000000000000001100000000110111000
011111111111100000000000000000000000000000000000000000000000000010000000001101000000
011111111111100000000000000000000000000000000000000000000000000000100000000011001000
011111111111100000000000000000000000000000000000000000000000000001000000001001010000
011111111111100000000000000000000000000000000000000000000000000001100000001111011000
011111111111100000000000000000000000000000000000000000000000000010000000000101100000
011111111111100000000000000000000000000000000000000000000000000000100000001011101000
011111111111100000000000000000000000000000000000000000000000000001000000000001110000
011111111111100000000000000000000000000000000000000000000000000001100000000111111000
011111111111100000000000000000000000000000000000000000000000000010000000001110000000
011111111111100000000000000000000000000000000000000000000000000000100000000100001000
011111111111100000000000000000000000000000000000000000000000000001000000001010010000
011111111111100000000000000000000000000000000000000000000000000001100000000000011000
011111111111100000000000000000000000000000000000000000000000000010000000000110100000
011111111111100000000000000000000000000000000000000000000000000000100000001100101000
011111111111100000000000000000000000000000000000000000000000000001000000000010110000
011111111111100000000000000000000000000000000000000000000000000001100000001000111000
011111111111100000000000000000000000000000000000000000000000000010000000001111000000
011111111111100000000000000000000000000000000000000000000000000000100000000101001000
011111111111100000000000000000000000000000000000000000000000000001000000001011010000
011111111111100000000000000000000000000000000000000000000000000001100000000001011000
011111111111100000000000000000000000000000000000000000000000000010000000000111100000
011111111111100000000000000000000000000000000000000000000000000000100000001101101000
011111111111100000000000000000000000000000000000000000000000000001000000000011110000
011111111111100000000000000000000000000000000000000000000000000001100000001001111000
011111111111100000000000000000000000000000000000000000000000000010000000000000000000
011111111111100000000000000000000000000000000000000000000000000000100000000110001000
011111111111100000000000000000000000000000000000000000000000000001000000001100010000
011111111111100000000000000000000000000000000000000000000000000001100000000010011000
011111111111100000000000000000000000000000000000000000000000000010000000001000100000
011111111111100000000000000000000000000000000000000000000000000000100000001110101000
011111111111100000000000000000000000000000000000000000000000000001000000000100110000
011111111111100000000000000000000000000000000000000000000000000001100000001010111000
011111111111100000000000000000000000000000000000000000000000000010000000000001000000
011111111111100000000000000000000000000000000000000000000000000000100000000111001000
011111111111100000000000000000000000000000000000000000000000000001000000001101010000
011111111111100000000000000000000000000000000000000000000000000001100000000011011000
011111111111100000000000000000000000000000000000000000000000000010000000001001100000
011111111111100000000000000000000000000000000000000000000000000000100000001111101000
011111111111100000000000000000000000000000000000000000000000000001000000000101110000
011111111111100000000000000000000000000000000000000000000000000001100000001011111000
011111111111100000000000000000000000000000000000000000000000000010000000000010000000
011111111111100000000000000000000000000000000000000000000000000000100000001000001000
011111111111100000000000000000000000000000000000000000000000000001000000001110010000
011111111111100000000000000000000000000000000000000000000000000001100000000100011000
011111111111100000000000000000000000000000000000000000000000000010000000001010100000
011111111111100000000000000000000000000000000000000000000000000000100000000000101000
011111111111100000000000000000000000000000000000000000000000000001000000000110110000
011111111111100000000000000000000000000000000000000000000000000001100000001100111000
011111111111100000000000000000000000000000000000000000000000000010000000000011000000
011111111111100000000000000000000000000000000000000000000000000000100000001001001000
011111111111100000000000000000000000000000000000000000000000000001000000001111010000
011111111111100000000000000000000000000000000000000000000000000001100000000101011000
011111111111100000000000000000000000000000000000000000000000000010000000001011100000
011111111111100000000000000000000000000000000000000000000000000000100000000001101000
011111111111100000000000000000000000000000000000000000000000000001000000000111110000
011111111111100000000000000000000000000000000000000000000000000001100000001101111000
011111111111100000000000000000000000000000000000000000000000000010000000000100000000
011111111111100000000000000000000000000000000000000000000000000000100000001010001000
011111111111100000000000000000000000000000000000000000000000000001000000000000010000
011111111111100000000000000000000000000000000000000000000000000001100000000110011000
011111111111100000000000000000000000000000000000000000000000000010000000001100100000
011111111111100000000000000000000000000000000000000000000000000000100000000010101000
011111111111100000000000000000000000000000000000000000000000000001000000001000110000
011111111111100000000000000000000000000000000000000000000000000001100000001110111000
011111111111100000000000000000000000000000000000000000000000000010000000000101000000
011111111111100000000000000000000000000000000000000000000000000000100000001011001000
011111111111100000000000000000000000000000000000000000000000000001000000000001010000
011111111111100000000000000000000000000000000000000000000000000001100000000111011000
011111111111100000000000000000000000000000000000000000000000000010000000001101100000
011111111111100000000000000000000000000000000000000000000000000000100000000011101000
011111111111100000000000000000000000000000000000000000000000000001000000001001110000
011111111111100000000000000000000000000000000000000000000000000001100000001111111000
011111111111100000000000000000000000000000000000000000000000000010000000000110000000
011111111111100000000000000000000000000000000000000000000000000000100000001100001000
011111111111100000000000000000000000000000000000000000000000000001000000000010010000
011111111111100000000000000000000000000000000000000000000000000001100000001000011000
011111111111100000000000000000000000000000000000000000000000000010000000001110100000
011111111111100000000000000000000000000000000000000000000000000000100000000100101000
011111111111100000000000000000000000000000000000000000000000000001000000001010110000
011111111111100000000000000000000000000000000000000000000000000001100000000000111000
011111111111100000000000000000000000000000000000000000000000000010000000000111000000
011111111111100000000000000000000000000000000000000000000000000000100000001101001000
011111111111100000000000000000000000000000000000000000000000000001000000000011010000
011111111111100000000000000000000000000000000000000000000000000001100000001001011000
011111111111100000000000000000000000000000000000000000000000000010000000001111100000
011111111111100000000000000000000000000000000000000000000000000000100000000101101000
011111111111100000000000000000000000000000000000000000000000000001000000001011110000
011111111111100000000000000000000000000000000000000000000000000001100000000001111000
011111111111100000000000000000000000000000000000000000000000000010000000001000000000
011111111111100000000000000000000000000000000000000000000000000000100000001110001000
011111111111100000000000000000000000000000000000000000000000000001000000000100010000
011111111111100000000000000000000000000000000000000000000000000001100000001010011000
011111111111100000000000000000000000000000000000000000000000000010000000000000100000
011111111111100000000000000000000000000000000000000000000000000000100000000110101000
011111111111100000000000000000000000000000000000000000000000000001000000001100110000
011111111111100000000000000000000000000000000000000000000000000001100000000010111000
011111111111100000000000000000000000000000000000000000000000000010000000001001000000
011111111111100000000000000000000000000000000000000000000000000000100000001111001000
011111111111100000000000000000000000000000000000000000000000000001000000000101010000
011111111111100000000000000000000000000000000000000000000000000001100000001011011000
011111111111100000000000000000000000000000000000000000000000000010000000000001100000
011111111111100000000000000000000000000000000000000000000000000000100000000111101000
011111111111100000000000000000000000000000000000000000000000000001000000001101110000
011111111111100000000000000000000000000000000000000000000000000001100000000011111000
011111111111100000000000000000000000000000000000000000000000000010000000001010000000
011111111111100000000000000000000000000000000000000000000000000000100000000000001000
011111111111100000000000000000000000000000000000000000000000000001000000000110010000
011111111111100000000000000000000000000000000000000000000000000001100000001100011000
011111111111100000000000000000000000000000000000000000000000000010000000000010100000
011111111111100000000000000000000000000000000000000000000000000000100000001000101000
011111111111100000000000000000000000000000000000000000000000000001000000001110110000
011111111111100000000000000000000000000000000000000000000000000001100000000100111000
011111111111100000000000000000000000000000000000000000000000000010000000001011000000
011111111111100000000000000000000000000000000000000000000000000000100000000001001000
011111111111100000000000000000000000000000000000000000000000000001000000000111010000
011111111111100000000000000000000000000000000000000000000000000001100000001101011000
011111111111100000000000000000000000000000000000000000000000000010000000000011100000
011111111111100000000000000000000000000000000000000000000000000000100000001001101000
011111111111100000000000000000000000000000000000000000000000000001000000001111110000
011111111111100000000000000000000000000000000000000000000000000001100000000101111000
011111111111100000000000000000000000000000000000000000000000000010000000001100000000
011111111111100000000000000000000000000000000000000000000000000000100000000010001000
011111111111100000000000000000000000000000000000000000000000000001000000001000010000
011111111111100000000000000000000000000000000000000000000000000001100000001110011000
011111111111100000000000000000000000000000000000000000000000000010000000000100100000
011111111111100000000000000000000000000000000000000000000000000000100000001010101000
011111111111100000000000000000000000000000000000000000000000000001000000000000110000
011111111111100000000000000000000000000000000000000000000000000001100000000110111000
011111111111100000000000000000000000000000000000000000000000000010000000001101000000
011111111111100000000000000000000000000000000000000000000000000000100000000011001000
011111111111100000000000000000000000000000000000000000000000000001000000001001010000
011111111111100000000000000000000000000000000000000000000000000001100000001111011000
011111111111100000000000000000000000000000000000000000000000000010000000000101100000
011111111111100000000000000000000000000000000000000000000000000000100000001011101000
011111111111100000000000000000000000000000000000000000000000000001000000000001110000
011111111111100000000000000000000000000000000000000000000000000001100000000111111000
011111111111100000000000000000000000000000000000000000000000000010000000001110000000
011111111111100000000000000000000000000000000000000000000000000000100000000100001000
011111111111100000000000000000000000000000000000000000000000000001000000001010010000
011111111111100000000000000000000000000000000000000000000000000001100000000000011000
011111111111100000000000000000000000000000000000000000000000000010000000000110100000
011111111111100000000000000000000000000000000000000000000000000000100000001100101000
011111111111100000000000000000000000000000000000000000000000000001000000000010110000
011111111111100000000000000000000000000000000000000000000000000001100000001000111000
011111111111100000000000000000000000000000000000000000000000000010000000001111000000
011111111111100000000000000000000000000000000000000000000000000000100000000101001000
011111111111100000000000000000000000000000000000000000000000000001000000001011010000
011111111111100000000000000000000000000000000000000000000000000001100000000001011000
011111111111100000000000000000000000000000000000000000000000000010000000000111100000
011111111111100000000000000000000000000000000000000000000000000000100000001101101000
011111111111100000000000000000000000000000000000000000000000000001000000000011110000
011111111111100000000000000000000000000000000000000000000000000001100000001001111000
011111111111100000000000000000000000000000000000000000000000000010000000000000000000
011111111111100000000000000000000000000000000000000000000000000000100000000110001000
011111111111100000000000000000000000000000000000000000000000000001000000001100010000
011111111111100000000000000000000000000000000000000000000000000001100000000010011000
011111111111100000000000000000000000000000000000000000000000000010000000001000100000
011111111111100000000000000000000000000000000000000000000000000000100000001110101000
011111111111100000000000000000000000000000000000000000000000000001000000000100110000
011111111111100000000000000000000000000000000000000000000000000001100000001010111000
011111111111100000000000000000000000000000000000000000000000000010000000000001000000
011111111111100000000000000000000000000000000000000000000000000000100000000111001000
011111111111100000000000000000000000000000000000000000000000000001000000001101010000
011111111111100000000000000000000000000000000000000000000000000001100000000011011000
011111111111100000000000000000000000000000000000000000000000000010000000001001100000
011111111111100000000000000000000000000000000000000000000000000000100000001111101000
011111111111100000000000000000000000000000000000000000000000000001000000000101110000
011111111111100000000000000000000000000000000000000000000000000001100000001011111000
011111111111100000000000000000000000000000000000000000000000000010000000000010000000
011111111111100000000000000000000000000000000000000000000000000000100000001000001000
011111111111100000000000000000000000000000000000000000000000000001000000001110010000
011111111111100000000000000000000000000000000000000000000000000001100000000100011000
011111111111100000000000000000000000000000000000000000000000000010000000001010100000
011111111111100000000000000000000000000000000000000000000000000000100000000000101000
011111111111100000000000000000000000000000000000000000000000000001000000000110110000
011111111111100000000000000000000000000000000000000000000000000001100000001100111000
011111111111100000000000000000000000000000000000000000000000000010000000000011000000
011111111111100000000000000000000000000000000000000000000000000000100000001001001000
011111111111100000000000000000000000000000000000000000000000000001000000001111010000
011111111111100000000000000000000000000000000000000000000000000001100000000101011000
011111111111100000000000000000000000000000000000000000000000000010000000001011100000
011111111111100000000000000000000000000000000000000000000000000000100000000001101000
011111111111100000000000000000000000000000000000000000000000000001000000000111110000
011111111111100000000000000000000000000000000000000000000000000001100000001101111000
011111111111100000000000000000000000000000000000000000000000000010000000000100000000
011111111111100000000000000000000000000000000000000000000000000000100000001010001000
011111111111100000000000000000000000000000000000000000000000000001000000000000010000
011111111111100000000000000000000000000000000000000000000000000001100000000110011000
011111111111100000000000000000000000000000000000000000000000000010000000001100100000
011111111111100000000000000000000000000000000000000000000000000000100000000010101000
011111111111100000000000000000000000000000000000000000000000000001000000001000110000
011111111111100000000000000000000000000000000000000000000000000001100000001110111000
011111111111100000000000000000000000000000000000000000000000000010000000000101000000
011111111111100000000000000000000000000000000000000000000000000000100000001011001000
011111111111100000000000000000000000000000000000000000000000000001000000000001010000
011111111111100000000000000000000000000000000000000000000000000001100000000111011000
011111111111100000000000000000000000000000000000000000000000000010000000001101100000
011111111111100000000000000000000000000000000000000000000000000000100000000011101000
011111111111100000000000000000000000000000000000000000000000000001000000001001110000
011111111111100000000000000000000000000000000000000000000000000001100000001111111000
011111111111100000000000000000000000000000000000000000000000000010000000000110000000
011111111111100000000000000000000000000000000000000000000000000000100000001100001000
011111111111100000000000000000000000000000000000000000000000000001000000000010010000
011111111111100000000000000000000000000000000000000000000000000001100000001000011000
011111111111100000000000000000000000000000000000000000000000000010000000001110100000
011111111111100000000000000000000000000000000000000000000000000000100000000100101000
011111111111100000000000000000000000000000000000000000000000000001000000001010110000
011111111111100000000000000000000000000000000000000000000000000001100000000000111000
011111111111100000000000000000000000000000000000000000000000000010000000000111000000
011111111111100000000000000000000000000000000000000000000000000000100000001101001000
011111111111100000000000000000000000000000000000000000000000000001000000000011010000
011111111111100000000000000000000000000000000000000000000000000001100000001001011000
011111111111100000000000000000000000000000000000000000000000000010000000001111100000
011111111111100000000000000000000000000000000000000000000000000000100000000101101000
011111111111100000000000000000000000000000000000000000000000000001000000001011110000
011111111111100000000000000000000000000000000000000000000000000001100000000001111000
011111111111100000000000000000000000000000000000000000000000000010000000001000000000
011111111111100000000000000000000000000000000000000000000000000000100000001110001000
011111111111100000000000000000000000000000000000000000000000000001000000000100010000
011111111111100000000000000000000000000000000000000000000000000001100000001010011000
011111111111100000000000000000000000000000000000000000000000000010000000000000100000
011111111111100000000000000000000000000000000000000000000000000000100000000110101000
011111111111100000000000000000000000000000000000000000000000000001000000001100110000
011111111111100000000000000000000000000000000000000000000000000001100000000010111000
011111111111100000000000000000000000000000000000000000000000000010000000001001000000
011111111111100000000000000000000000000000000000000000000000000000100000001111001000
011111111111100000000000000000000000000000000000000000000000000001000000000101010000
011111111111100000000000000000000000000000000000000000000000000001100000001011011000
011111111111100000000000000000000000000000000000000000000000000010000000000001100000
011111111111100000000000000000000000000000000000000000000000000000100000000111101000
011111111111100000000000000000000000000000000000000000000000000001000000001101110000
011111111111100000000000000000000000000000000000000000000000000001100000000011111000
011111111111100000000000000000000000000000000000000000000000000010000000001010000000
011111111111100000000000000000000000000000000000000000000000000000100000000000001000
011111111111100000000000000000000000000000000000000000000000000001000000000110010000
011111111111100000000000000000000000000000000000000000000000000001100000001100011000
011111111111100000000000000000000000000000000000000000000000000010000000000010100000
011111111111100000000000000000000000000000000000000000000000000000100000001000101000
011111111111100000000000000000000000000000000000000000000000000001000000001110110000
011111111111100000000000000000000000000000000000000000000000000001100000000100111000
011111111111100000000000000000000000000000000000000000000000000010000000001011000000
011111111111100000000000000000000000000000000000000000000000000000100000000001001000
011111111111100000000000000000000000000000000000000000000000000001000000000111010000
011111111111100000000000000000000000000000000000000000000000000001100000001101011000
011111111111100000000000000000000000000000000000000000000000000010000000000011100000
011111111111100000000000000000000000000000000000000000000000000000100000001001101000
011111111111100000000000000000000000000000000000000000000000000001000000001111110000
011111111111100000000000000000000000000000000000000000000000000001100000000101111000
011111111111100000000000000000000000000000000000000000000000000010000000001100000000
011111111111100000000000000000000000000000000000000000000000000000100000000010001000
011111111111100000000000000000000000000000000000000000000000000001000000001000010000
011111111111100000000000000000000000000000000000000000000000000001100000001110011000
011111111111100000000000000000000000000000000000000000000000000010000000000100100000
011111111111100000000000000000000000000000000000000000000000000000100000001010101000
011111111111100000000000000000000000000000000000000000000000000001000000000000110000
011111111111100000000000000000000000000000000000000000000000000001100000000110111000
011111111111100000000000000000000000000000000000000000000000000010000000001101000000
011111111111100000000000000000000000000000000000000000000000000000100000000011001000
011111111111100000000000000000000000000000000000000000000000000001000000001001010000
011111111111100000000000000000000000000000000000000000000000000001100000001111011000
011111111111100000000000000000000000000000000000000000000000000010000000000101100000
011111111111100000000000000000000000000000000000000000000000000000100000001011101000
011111111111100000000000000000000000000000000000000000000000000001000000000001110000
011111111111100000000000000000000000000000000000000000000000000001100000000111111000
011111111111100000000000000000000000000000000000000000000000000010000000001110000000
011111111111100000000000000000000000000000000000000000000000000000100000000100001000
011111111111100000000000000000000000000000000000000000000000000001000000001010010000
011111111111100000000000000000000000000000000000000000000000000001100000000000011000
011111111111100000000000000000000000000000000000000000000000000010000000000110100000
011111111111100000000000000000000000000000000000000000000000000000100000001100101000
011111111111100000000000000000000000000000000000000000000000000001000000000010110000
011111111111100000000000000000000000000000000000000000000000000001100000001000111000
011111111111100000000000000000000000000000000000000000000000000010000000001111000000
011111111111100000000000000000000000000000000000000000000000000000100000000101001000
011111111111100000000000000000000000000000000000000000000000000001000000001011010000
011111111111100000000000000000000000000000000000000000000000000001100000000001011000
011111111111100000000000000000000000000000000000000000000000000010000000000111100000
011111111111100000000000000000000000000000000000000000000000000000100000001101101000
011111111111100000000000000000000000000000000000000000000000000001000000000011110000
011111111111100000000000000000000000000000000000000000000000000001100000001001111000
011111111111100000000000000000000000000000000000000000000000000010000000000000000000
011111111111100000000000000000000000000000000000000000000000000000100000000110001000
011111111111100000000000000000000000000000000000000000000000000001000000001100010000
011111111111100000000000000000000000000000000000000000000000000001100000000010011000
011111111111100000000000000000000000000000000000000000000000000010000000001000100000
011111111111100000000000000000000000000000000000000000000000000000100000001110101000
011111111111100000000000000000000000000000000000000000000000000001000000000100110000
011111111111100000000000000000000000000000000000000000000000000001100000001010111000
011111111111100000000000000000000000000000000000000000000000000010000000000001000000
011111111111100000000000000000000000000000000000000000000000000000100000000111001000
011111111111100000000000000000000000000000000000000000000000000001000000001101010000
011111111111100000000000000000000000000000000000000000000000000001100000000011011000
011111111111100000000000000000000000000000000000000000000000000010000000001001100000
011111111111100000000000000000000000000000000000000000000000000000100000001111101000
011111111111100000000000000000000000000000000000000000000000000001000000000101110000
011111111111100000000000000000000000000000000000000000000000000001100000001011111000
011111111111100000000000000000000000000000000000000000000000000010000000000010000000
011111111111100000000000000000000000000000000000000000000000000000100000001000001000
011111111111100000000000000000000000000000000000000000000000000001000000001110010000
011111111111100000000000000000000000000000000000000000000000000001100000000100011000
011111111111100000000000000000000000000000000000000000000000000010000000001010100000
011111111111100000000000000000000000000000000000000000000000000000100000000000101000
011111111111100000000000000000000000000000000000000000000000000001000000000110110000
011111111111100000000000000000000000000000000000000000000000000001100000001100111000
011111111111100000000000000000000000000000000000000000000000000010000000000011000000
011111111111100000000000000000000000000000000000000000000000000000100000001001001000
011111111111100000000000000000000000000000000000000000000000000001000000001111010000
011111111111100000000000000000000000000000000000000000000000000001100000000101011000
011111111111100000000000000000000000000000000000000000000000000010000000001011100000
011111111111100000000000000000000000000000000000000000000000000000100000000001101000
011111111111100000000000000000000000000000000000000000000000000001000000000111110000
011111111111100000000000000000000000000000000000000000000000000001100000001101111000
011111111111100000000000000000000000000000000000000000000000000010000000000100000000
011111111111100000000000000000000000000000000000000000000000000000100000001010001000
011111111111100000000000000000000000000000000000000000000000000001000000000000010000
011111111111100000000000000000000000000000000000000000000000000001100000000110011000
011111111111100000000000000000000000000000000000000000000000000010000000001100100000
011111111111100000000000000000000000000000000000000000000000000000100000000010101000
011111111111100000000000000000000000000000000000000000000000000001000000001000110000
011111111111100000000000000000000000000000000000000000000000000001100000001110111000
011111111111100000000000000000000000000000000000000000000000000010000000000101000000
011111111111100000000000000000000000000000000000000000000000000000100000001011001000
011111111111100000000000000000000000000000000000000000000000000001000000000001010000
011111111111100000000000000000000000000000000000000000000000000001100000000111011000
011111111111100000000000000000000000000000000000000000000000000010000000001101100000
011111111111100000000000000000000000000000000000000000000000000000100000000011101000
011111111111100000000000000000000000000000000000000000000000000001000000001001110000
011111111111100000000000000000000000000000000000000000000000000001100000001111111000
011111111111100000000000000000000000000000000000000000000000000010000000000110000000
011111111111100000000000000000000000000000000000000000000000000000100000001100001000
011111111111100000000000000000000000000000000000000000000000000001000000000010010000
011111111111100000000000000000000000000000000000000000000000000001100000001000011000
011111111111100000000000000000000000000000000000000000000000000010000000001110100000
011111111111100000000000000000000000000000000000000000000000000000100000000100101000
011111111111100000000000000000000000000000000000000000000000000001000000001010110000
011111111111100000000000000000000000000000000000000000000000000001100000000000111000
011111111111100000000000000000000000000000000000000000000000000010000000000111000000
011111111111100000000000000000000000000000000000000000000000000000100000001101001000
011111111111100000000000000000000000000000000000000000000000000001000000000011010000
011111111111100000000000000000000000000000000000000000000000000001100000001001011000
011111111111100000000000000000000000000000000000000000000000000010000000001111100000
011111111111100000000000000000000000000000000000000000000000000000100000000101101000
011111111111100000000000000000000000000000000000000000000000000001000000001011110000
011111111111100000000000000000000000000000000000000000000000000001100000000001111000
011111111111100000000000000000000000000000000000000000000000000010000000001000000000
011111111111100000000000000000000000000000000000000000000000000000100000001110001000
011111111111100000000000000000000000000000000000000000000000000001000000000100010000
011111111111100000000000000000000000000000000000000000000000000001100000001010011000
011111111111100000000000000000000000000000000000000000000000000010000000000000100000
011111111111100000000000000000000000000000000000000000000000000000100000000110101000
011111111111100000000000000000000000000000000000000000000000000001000000001100110000
011111111111100000000000000000000000000000000000000000000000000001100000000010111000
011111111111100000000000000000000000000000000000000000000000000010000000001001000000
011111111111100000000000000000000000000000000000000000000000000000100000001111001000
011111111111100000000000000000000000000000000000000000000000000001000000000101010000
011111111111100000000000000000000000000000000000000000000000000001100000001011011000
011111111111100000000000000000000000000000000000000000000000000010000000000001100000
011111111111100000000000000000000000000000000000000000000000000000100000000111101000
011111111111100000000000000000000000000000000000000000000000000001000000001101110000
011111111111100000000000000000000000000000000000000000000000000001100000000011111000
011111111111100000000000000000000000000000000000000000000000000010000000001010000000
011111111111100000000000000000000000000000000000000000000000000000100000000000001000
011111111111100000000000000000000000000000000000000000000000000001000000000110010000
011111111111100000000000000000000000000000000000000000000000000001100000001100011000
011111111111100000000000000000000000000000000000000000000000000010000000000010100000
011111111111100000000000000000000000000000000000000000000000000000100000001000101000
011111111111100000000000000000000000000000000000000000000000000001000000001110110000
011111111111100000000000000000000000000000000000000000000000000001100000000100111000
011111111111100000000000000000000000000000000000000000000000000010000000001011000000
011111111111100000000000000000000000000000000000000000000000000000100000000001001000
011111111111100000000000000000000000000000000000000000000000000001000000000111010000
011111111111100000000000000000000000000000000000000000000000000001100000001101011000
011111111111100000000000000000000000000000000000000000000000000010000000000011100000
011111111111100000000000000000000000000000000000000000000000000000100000001001101000
011111111111100000000000000000000000000000000000000000000000000001000000001111110000
011111111111100000000000000000000000000000000000000000000000000001100000000101111000
011111111111100000000000000000000000000000000000000000000000000010000000001100000000
011111111111100000000000000000000000000000000000000000000000000000100000000010001000
011111111111100000000000000000000000000000000000000000000000000001000000001000010000
011111111111100000000000000000000000000000000000000000000000000001100000001110011000
011111111111100000000000000000000000000000000000000000000000000010000000000100100000
011111111111100000000000000000000000000000000000000000000000000000100000001010101000
011111111111100000000000000000000000000000000000000000000000000001000000000000110000
011111111111100000000000000000000000000000000000000000000000000001100000000110111000
011111111111100000000000000000000000000000000000000000000000000010000000001101000000
011111111111100000000000000000000000000000000000000000000000000000100000000011001000
011111111111100000000000000000000000000000000000000000000000000001000000001001010000
011111111111100000000000000000000000000000000000000000000000000001100000001111011000
011111111111100000000000000000000000000000000000000000000000000010000000000101100000
011111111111100000000000000000000000000000000000000000000000000000100000001011101000
011111111111100000000000000000000000000000000000000000000000000001000000000001110000
011111111111100000000000000000000000000000000000000000000000000001100000000111111000
011111111111100000000000000000000000000000000000000000000000000010000000001110000000
011111111111100000000000000000000000000000000000000000000000000000100000000100001000
011111111111100000000000000000000000000000000000000000000000000001000000001010010000
011111111111100000000000000000000000000000000000000000000000000001100000000000011000
011111111111100000000000000000000000000000000000000000000000000010000000000110100000
011111111111100000000000000000000000000000000000000000000000000000100000001100101000
011111111111100000000000000000000000000000000000000000000000000001000000000010110000
011111111111100000000000000000000000000000000000000000000000000001100000001000111000
011111111111100000000000000000000000000000000000000000000000000010000000001111000000
011111111111100000000000000000000000000000000000000000000000000000100000000101001000
011111111111100000000000000000000000000000000000000000000000000001000000001011010000
011111111111100000000000000000000000000000000000000000000000000001100000000001011000
011111111111100000000000000000000000000000000000000000000000000010000000000111100000
011111111111100000000000000000000000000000000000000000000000000000100000001101101000
011111111111100000000000000000000000000000000000000000000000000001000000000011110000
011111111111100000000000000000000000000000000000000000000000000001100000001001111000
011111111111100000000000000000000000000000000000000000000000000010000000000000000000
011111111111100000000000000000000000000000000000000000000000000000100000000110001000
011111111111100000000000000000000000000000000000000000000000000001000000001100010000
011111111111100000000000000000000000000000000000000000000000000001100000000010011000
011111111111100000000000000000000000000000000000000000000000000010000000001000100000
011111111111100000000000000000000000000000000000000000000000000000100000001110101000
011111111111100000000000000000000000000000000000000000000000000001000000000100110000
011111111111100000000000000000000000000000000000000000000000000001100000001010111000
011111111111100000000000000000000000000000000000000000000000000010000000000001000000
011111111111100000000000000000000000000000000000000000000000000000100000000111001000
011111111111100000000000000000000000000000000000000000000000000001000000001101010000
011111111111100000000000000000000000000000000000000000000000000001100000000011011000
011111111111100000000000000000000000000000000000000000000000000010000000001001100000
011111111111100000000000000000000000000000000000000000000000000000100000001111101000
011111111111100000000000000000000000000000000000000000000000000001000000000101110000
011111111111100000000000000000000000000000000000000000000000000001100000001011111000
011111111111100000000000000000000000000000000000000000000000000010000000000010000000
011111111111100000000000000000000000000000000000000000000000000000100000001000001000
110000010010111110110100101110011011000111100001101010110111111101000101111101010000
100000000011011000000110100111100101101111001111001100011010010001011110001001011000
011111111111000000000000000000000000000000000000000000000000000011100010100110100010
111001000000001101101000100010010001010010100110101011110000010001101011001100101000
111001101000000010010100110011110111011100101001000101001010001001100011011100010000
010011100110111111101111010111011001100000110011100011100111100001111100101010110000
011110101010101010111000110100011011000110000110101111001001010110101110011001001000
000000100101110101100010101111100010010111110011000100011000001101111100100100010000
000000000000000000000000000000000000000000000000000000000000000001111100000101101001
101001011100110100000100001011001011000010101010001011111000100100101001100100000000
001011110101111101111101001000110100100001101011110000010101010011010001011100001000
010101001110001110010100001011110001010111110011111101100011010100100011110011011000
010111110100000110111010110110110110001000000001110001110001110100001100001100001000
000000000000000000000000000000000000000000000000000000000000000001000000000100110001
100001110010000000100000011010011110001111001011010111000100001111000010001010001000
110000110011110100110000001111111011100110010100101110011011111001001111110101001000
000000000000000000000000000000000000000000000000000000000000000000010101010111001001
010010000011101110001101111000100110011011001001010000010111111100101001110000111000
000011101110101111111000110001010011011101011111111001111000011111001010111010101000
100010010101110010100001010110010111100010100110011010011110101101011101010101100000
101100010011111111001110011011011001110010101111000011011110011000000100111010000000
010010110001100111100100010100111110101110111001111011101010111100110001001011110000
100000000000000000000000000000000000000000000000000000000000000011100100111001001001
010101001110100100111111011100000110001111100110101011111011101000001010110101010000
101001011000100110011111101011110001111001010000110101110011001100110010110001110000
101111010010110000101111001000101000100111001001000101111100111000000111001010011000
001000000010110001100001001001110111011011110100100100011001011110010011001101100000
100101100010011001011100011101101011101010011010110110000111011101110011001010100000
000000000000000000000000000000000000000000000000000000000000000000101101011110011001
011111111000011001011110100100000001010100000101101101010010100101111100011011011000
100111001000000000011110011110110000111000100101101010110111111011010111111011101000
101111101101000100011100001101000000101101111100010011000000001101100100100001011000
100000000000000000000000000000000000000000000000000000000000000000001111010010100001
011111111111100000000000000000000000000000000000000000000000000001111111111111111000
000110010010111010011011110101111110111101001101100000000000111111111010010010000000
011101111001010110010101101000101011100000011100101001111100110101001101101101110000
000110110001010101100001010111011100011000111010010011110110100001000110011011101000
010110000101110001111011101110000100000110010100011000110100010000110010011111111000
010000010000100101010001110110101010111010110101000010011110110110011001010100101000
110001010010000001110100100001101111100101101100001110000001111001111000001111011000
000111101110101000011101110010010101000101011111100010110001111000000111110101000000
111101111011000110111001101101001000111010000000101111110011101100101010011000011000
000001101000100011111100110101010100011010010000110101111000011011100100010001110000
111111111111000000000000000000000000000000000000000000000000000001111111001011011010
010111001100001001101100111111100111111111001000101111011111110001001011001011000000
010000011001000000101011100010011100011001010010010111010111100000100000100010100000
000000000000000000000000000000000000000000000000000000000000000010001000111111001001
011111111111100000000000000000000000000000000000000000000000000001111111111111111000
011101100111001001111110101010010011001000111110111111110101110001111111010010110000
100011001111010010000101001110101110101001111010011100111001101101001001110100110000
010011011001001111010010011010011001110011010100101110100000010110100000111011000000
011010111001101100000001101100001001011000011100000010010101110001001001110001111000
011001111111111111100110101010110110111111001011000000101110111001100011010110110000
101000001011101001011001111100010100000010010101000111110011010100100100111100001000
010111101011001011010001101110110110100110100111000110000001011011100011110001001000
011100010101011111111101001011010001010011001101100001011001010100110011011111001000
111101001010101100001000001110000110100010001011010010111001101100111000001110110000
011111111111000000000000000000000000000000000000000000000000000001011011010111011010
100000000000000000000000000000000000000000000000000000000000000011110111010101111001
011011110011101110110010100100010100010101000001011111100000101101001000010010100000
101011111000100111100101110001011010010011100010001110001010110001101011001101100000
000111111111000001100110001001010010000100011100010001101001100101011101100001111000
111111111111000000000000000000000000000000000000000000000000000011010100100111110010
100000000000000000000000000000000000000000000000000000000000000001000010001011110001
000101010011011111100111000010110101010100000000110111000010100100111110110000110000
111001010101100000010010111111010100000000001100110000101010101101110111010000010000
100000000000000000000000000000000000000000000000000000000000000010110011001011101001
001010011010011111001110011110111011101010111010001001100111001100000100000101001000
001100111100011100010101001100100011100111101011110100110110110101000010011101110000
000100010100000101100110010001100100111111110111011011111010100101011000001101011000
111100100110000110100000110001010000000110000111101000111000010110101110110110000000
000110111011111110100110101111111111000111110111000001000110000001111111111110000000
101010110101001011001110011000111010001001101111000110011010010000100110010011110000
101000100011000111101011000000101010000101010000100100100111111101101101011101111000
010110110001000100110011001010001011001001110110011110110100011010001111000110110000
101011000010100111110101011110110010001001010010000110100011001000111100011111111000
100000000000000000000000000000000000000000000000000000000000000000100111110010100001
111100110101011100011011000000110011101011011111001001101011111101101101100101001000
011111111111000000000000000000000000000000000000000000000000000010011101010111101010
111000010110010110001110000010101011011110001000001011111001110001011111110011011000
001100000101001000111101011110101110100010011001001001010001001000010010010100010000
101001110000001001100001110011111000100110101000001100010010011100011010001010000000
010001010011000011010011011101010010001010000101000101010010111110110110011000011000
011010111111010111101100110001001010110010111000001101111011100100101001001001101000
100000000000000000000000000000000000000000000000000000000000000001111001100000110001
110011100110001001100111000110100100010000000101101100110110011001110000111010110000
100100011110011000101000110110110101010111100111011011000111000011000001001110011000
110110101010110101010010111101011100010100100000110100110010110000100101001001011000
110011010011000101010011110101001110100100001000101100000010100100100010101110111000
101011100000001100011001100000111001100010101010011001101010101100011010111111010000
011011100000010010111000111110000101000010011000010011001011111111000001001110110000
111111001000010110110010010011100000110101011110100000100011000101110001010011111000
010000000110100001100011011000101110111111001100111010100100011101101111100110101000
111111111111000000000000000000000000000000000000000000000000000001111101110000011010
111111111111000000000000000000000000000000000000000000000000000011010101111001011010
100010000111001100110011111010011111000010111010111011001000111001110111100111101000
011111111111100000000000000000000000000000000000000000000000000000000000000000000000
110110000110101111110010010011100010111111001110011011010100110000101011000111011000
110101111110100010011011010011011101000110110010111011010000101011010011111010101000
111111111111000000000000000000000000000000000000000000000000000001111011100101111010
110001000000011000001101001100101011100101000111110010001011000101111101010110011000
111111111111000000000000000000000000000000000000000000000000000000001011111100100010
111111111111000000000000000000000000000000000000000000000000000010010010110011011010
101111001100101000011110001010011110001001001011110100110101110000010101010010011000
001000000110001011111111000111001111010101101011110111110000001101101010000000111000
011111111111000000000000000000000000000000000000000000000000000001011000001110110010
010001011111000011100101100100111111110011010010011010111100001010110000000111101000
001110010111101101010011110111110100100110011010000000100110000001010110111101010000
111101111000110001101101110110111000110011110000101101100001001001011111010011100000
000000000000000000000000000000000000000000000000000000000000000000001100011111111001
110010100100110011100101011001101011101100010001001111011100100011111101000000100000
111111111111000000000000000000000000000000000000000000000000000000001001101001001010
000111010001011101000111111001001101000001011100111110101100111000110110011001010000
011111111111000000000000000000000000000000000000000000000000000000011001000001001010
111111111111000000000000000000000000000000000000000000000000000011000011100111101010
000000000000000000000000000000000000000000000000000000000000000001011011000111001001
000001110000100100100010001011111000111101011101011101010100110101100100110110100000
011110010110000100000100100111010001001000100110000000000000110000100000001110001000
100010110100011111001001000010000101010100000100100000110001101110010001000100010000
010000111011111101001001100111001011110111101101111011001111101000111101000010011000
111111111111000000000000000000000000000000000000000000000000000001000001001010110010
010011000010101011100010011011010110100100110100110111010011110001001011010011111000
000000000000000000000000000000000000000000000000000000000000000010000000000111111000
100000000000000000000000000000000000000000000000000000000000000000101010110000110001
111011101110001000100011100001001000010111100101100001101011101001000100110101111000
001101110101000000111001100111011101011010000100001010100010110000100001011101111000
000000000000000000000000000000000000000000000000000000000000000011111110101100000001
100101101001011011011010000001001110110011011001110100110100111100001110010101011000
000000000000000000000000000000000000000000000000000000000000000000101011110110011001
110000111010001011111011011011110101101000000010011101000001011101100110011101101000
001011011000100100011001111111001010010100111011000000100010011110110110010000110000
001011101010000111010010100010110101110010011000100010101010000000001000001111100000
000000000000000000000000000000000000000000000000000000000000000001110001101000001001
000011101110101001000001110000011000000010011101011101100000000001010010111010111000
010010001010111000011000011011011011000110110001001100010000011011100001011000111000
100000000000000000000000000000000000000000000000000000000000000000010111001010001001
010010011110010101000100110011000010111011111111010001110101011001101011111001100000
011111111111000000000000000000000000000000000000000000000000000000110000001100100010
000000000000000000000000000000000000000000000000000000000000000010100111001111101001
001111011110111111100111011101111011001101000011100010011110101101100101100101011000
100111001110010001101100011010100100000011101111010011101110000001001110111001011000
110100111110100001001111101100011001110011110111110011001101000101011101000000000000
111001011101110100101001101110000110111011100110000001001111101110011011100110111000
100011001110110110100111000110111000010111100101101001001001101100110010010111110000
110101100001011111000110101100111100111011100010111111110011001101010001011011011000
011111111111100000000000000000000000000000000000000000000000000001111111111111111000
101110001100000111101100000111110111011010001001110000110100101010100011100101110000
000001000001100011001111100001111010100111011100001100101101001101101100011011000000
110000011111010100010101100000101000110101110001010111101101011100100010001100010000
100011110100001111011111000001100011011101010000001110110011111100001000111001001000
111011111100000101111000000011000001011110100111100110011110011010101100111011001000
000000000000000000000000000000000000000000000000000000000000000000000000001111110000
010110011111010010010000111101010101001000111111000000111100001100011010101100101000
001000010110111111000010101110101101001011111100001001111111110100011100011111101000
110011001111000010111000110010011101000100001101111111010010101011101110110001101000
000011100000001101010010001010010100010111010111000101011001101100110101101100000000
011111111111100000000000000000000000000000000000000000000000000001111111111111111000
111111111111000000000000000000000000000000000000000000000000000001000011000010110010
101001101101110001111001110111010101110111000010101011000100001010101100010010110000
011111111111000000000000000000000000000000000000000000000000000001111010111110111010
000000000000000000000000000000000000000000000000000000000000000001000010011010011001
000000000000000000000000000000000000000000000000000000000000000001110101101001011001
011111111111000000000000000000000000000000000000000000000000000010101010010000101010
001110111101101100011100001101011110111110100010001110000100011000110000110100001000
010111010010001101001110110101011100101111110010001010001000100001011110100110110000
100000000000000000000000000000000000000000000000000000000000000000111001000101011001
001011001101101000101011110001010000010110100100100001110011101011011111110111100000
000100001001010011010011101011010100100010100001101000001100000001010000111001101000
011111111111000000000000000000000000000000000000000000000000000000000101011011011010
011010000000000110000010110011100101111100011100101100100101100001101110101000100000
000000000000000000000000000000000000000000000000000000000000000010110100011011011001
100110010100110010100101110011010101011111110000101010011111000100100101100000101000
111001000101000100000101000101111011000101111110101111010010100100100111011110000000
111111111111000000000000000000000000000000000000000000000000000001011010100100011010
010000110010001001001100101011111101101011110111110011101101010110101000001001111000
011111111111100000000000000000000000000000000000000000000000000001111111101111111000
101001001010110000011001010011111110001000010010101010011101010101010010110011011000
000000000000000000000000000000000000000000000000000000000000000001001100010100101001
111101000100001010110111110011110101111111100010110000000011100010010100010001110000
111111111111000000000000000000000000000000000000000000000000000000101100110111010010
000000000000000000000000000000000000000000000000000000000000000000000010000011010001
100001101011010010001110000111111010110100111100010000000010101101011000011101011000
100101101100011010010101111000100001100001100010000001000100101110110110010010000000
111010010011101011110011111110000100110000101000011110001110011000110001001001111000
101100111000111100000110101111011010100100111011101010000100101000101011111111110000
100111110001100011111110101010110010011010000011110000010110011101000000101110000000
100010000101101000000000000110110010000110111010011110111001011111000001110101011000
100000000000000000000000000000000000000000000000000000000000000000100010100110000001
111111111111000000000000000000000000000000000000000000000000000000010011000111000010
111111111111000000000000000000000000000000000000000000000000000000011010011000101010
001110110111010001000100010100001110011010000010011111000010010011001000001000100000
100000000000000000000000000000000000000000000000000000000000000000101001001011000001
010001001110111101000100101000100100111001010110001000011110011000000100110100110000
000000000000000000000000000000000000000000000000000000000000000000110100001010010001
011111111111000000000000000000000000000000000000000000000000000011011001100001010010
001010000110100101100000100110111111111000011001110110100111101101010100101000001000
101111000011001100010110111000110110110001010101010011011011000001111101001100101000
011111111111100000000000000000000000000000000000000000000000000001111111110000001000
111111111111000000000000000000000000000000000000000000000000000011011100000010010010
111101101001101000011111011000101010110011101000001110010010000101100000011001001000
011111111111000000000000000000000000000000000000000000000000000000011010100000110010
101111101010011011010111011001110010001111110110011111110000001101110100111101010000
011111111111000000000000000000000000000000000000000000000000000010101001110000111010
100001101001100000001000100111100111110010100010011111010000111101010100011101001000
010100000011000111110110000001000011001100000111010010000100000000110010100001101000
000000000000000000000000000000000000000000000000000000000000000000010011100000111001
100100001111100000011100000111100000110010010000101111001000110111100011000011011000
010000011100101001100010110110001110001100111111101110111110101001100101001001101000
111001100101100011111000101000101111110010100110010111001101010001100110000000011000
101111101100100111001011011010111100000011101010001010001010110101001101110000000000
011111111111000000000000000000000000000000000000000000000000000010000110101001111010
011111111111000000000000000000000000000000000000000000000000000001101000010000111010
101100001000110011011101011010010010110100101110001001110110110001100111000010100000
110010010110100001110101111111010001101100111011111101011111100001010001111001101000
110011110000111110100010001100001010001100010110010011011001110110001110111011001000
110110110001010011010100000110010000111111110011111001101010111001101000001011111000
010110110101000110110011010010011011011110100011000101000000000001000010001100101000
111111111000001011011111010101101011000110100101111100101110100000111010100111101000
000000110000111110000001100111000100000001101011110100100111110010110011000010100000
001110001100010100010000110100101111101010011001110100001001111100111111011011101000
000000000000000000000000000000000000000000000000000000000000000000010011001010000001
000111010011011001011110100011110011110010010101110000000000111001010101000010101000
111111011011000001011010101100000000010100011111010010010101000010011101010111000000
001011110010111001101010001011011110110001111010010111111011111101000101101000010000
000100011011101001100111100110100000011000111110111001111010001101110011010010001000
101100100111010111100011110100000100111001110001000101011010011101000110010001101000
010111001101101110100001110011100000010010110001011101100010100111010011111101000000
101110000100011100100111010010100111110100111011110101111001111001110111110011111000
011111111111000000000000000000000000000000000000000000000000000000011100000000000010
011111111011000000100100110000101111010110111110001010001000101101100010110101110000
000111001011001001101001010000001000111011101000010001110011111010101010111111011000
100000000000000000000000000000000000000000000000000000000000000001101000100110011001
011000001100100101111110101010010010001010111010000101000001111100010001001010110000
111111001011001110111000101100101111001100111100100011010001100100000111100100100000
100110111101010000111000100100100011110100110011001001010101110110000000010010011000
110011011110100011101001010110001010101110110110011101001110011101101010110100111000
111100000011110010101001110011001100110110111100111101010010100000101110011011101000
011111111111000000000000000000000000000000000000000000000000000000100010100001011010
000000000000000000000000000000000000000000000000000000000000000011100010111110100001
011000001100000110001000001101100110110000101110101001100110000100111110100110111000
000000000000000000000000000000000000000000000000000000000000000000000000000000000000
110111001111010011110011000001010000111111110010111001000011110000010011111000000000
100000000000000000000000000000000000000000000000000000000000000011001110111010010001
101010101000000111100111001100001001111011010011110011000100110001000100111011110000
110010110010001000011111100111101100001100011010101000111000100000111100010101110000
100000000000000000000000000000000000000000000000000000000000000001011000111011100001
011101000110101101110011011000001010010011001010100000111000011110111010100001101000
111111111111000000000000000000000000000000000000000000000000000001100001101101011010
000000000000000000000000000000000000000000000000000000000000000000100110010100011001
000000110011000111000100011111110110001001000100111011101001000101110111010011100000
000000000000000000000000000000000000000000000000000000000000000010001100101000000001
000000000000000000000000000000000000000000000000000000000000000000101111101010010001
111111111111000000000000000000000000000000000000000000000000000001111010111011010010
010001000110100111111011100000110100101010100100111111011010101101100010111011011000
101111100000000001111110111110111111111111100001010011101001101010111001101100000000
010001000000010110110010011110000100111010001101011100111010010101001011010110110000
011111111111000000000000000000000000000000000000000000000000000001001111010100110010
111111111111000000000000000000000000000000000000000000000000000001110100011000000010
011011001101101011110100110010101110011011011110100011001110000010001110000100111000
100000000000000000000000000000000000000000000000000000000000000001101110010111100001
010110001110100010010010000001110000010101010001111100100111111000101101011001001000
011110011101110011000100001011000111010110101111000000001100100100111101000011100000
100110010111001011011110101001000110111101011010110010111000111010111100110010100000
111111111111000000000000000000000000000000000000000000000000000000101010001010001010
101011011110000110101100000100000000011011001011110011110011011001011101001110001000
000010011110011110010110110110010011110111110010110010101111001101000111110000101000
001111000100110110100010100011000101001101111110101010000010011111110100010000011000
010011000001011010011110011010001100011001010111000100000100111001010011111011101000
000000000000000000000000000000000000000000000000000000000000000000000000000000000000
000001011100011111000010010001110100110010100010000111101011000101100111101101100000
010111011110010011001110010011100000001100011101010001101001000011111010101111101000
111011000001111101110010111101101101110110100100101011010001010000001101101111010000
010100100001110000010010000101111011010011101010010100010000111001011000111010011000
110000010110010000111001100000110100100100001011110101011001010000100011101111000000
000111001001011111000010100110011111110001110110100101111110101110110011110011101000
101111100100010001000100111101110111011000011101001001010101110100001001010010000000
111111010110000011000000110110111101011011000000100110101011000001101111110111110000
001111000100000000000101010100110110100000110101000000010001111001100000111010100000
110101101110101100111101101111000011100000011011101010110010000110101111001010011000
101110000111111010111000010001011000101001011001000110001010001001111101010101110000
010110011011100000111100100011100101101100110011001111001001001100011001100101001000
011111111111100000000000000000000000000000000000000000000000000001111111110111111000
000111011100001111110010010010001000011101110111100011010101111111110010110100111000
010011111100001011110100110010111001101010001110000101001011000001111110110001001000
110000110001000010001101010010110110100110010110010101010111100001101010010100101000
000000000000000000000000000000000000000000000000000000000000000000011010110001010001
100100010001100110010101101111111000011011110010101100101101110011100001010100110000
010101000111001111010101000100010000101001010010111000010001111001011011110011111000
110111001110110101000000111111001110011101010010010010110110001000111101011101011000
011111111111000000000000000000000000000000000000000000000000000000000110101101001010
011111111111000000000000000000000000000000000000000000000000000011101111101011001010
110001011111000101100010010111100110001101000000011011110001100000001100000101100000
110110101000000100011110010010100111010110011101110010101101111001110111001010011000
111110111001001001101100000000001010001010001000000110110110011001110011111011110000
111111111111000000000000000000000000000000000000000000000000000011000001011010101010
000000000000000000000000000000000000000000000000000000000000000001111101101000000001
000000000000000000000000000000000000000000000000000000000000000001100111000111111001
001110101001001000100001011101011000110000000011011000100000001001101110100010111000
101110001100000110111101100110001000000010100001111111001100100111101011000011010000
101111100101111010011111100011010000101011111100110011010111111001010001101010110000
011111111111000000000000000000000000000000000000000000000000000001101010010000110010
001110000010001001011110011110000001111011010100100001011110001101101010000010111000
011111111111000000000000000000000000000000000000000000000000000011011111111101111010
101000010101001001110110001011111111001111000001100011101100110100111011110100101000
101001011100100001100101111010101111011001001110011011001111100001110111101001101000
101100111101110100000111011011000000110100111001100110000101011001101100011001101000
011100100100101101011001011001010110001100110111100111100101111111101100110111010000
010100011010001001001101011110101110111010010100001000110000011001100110001101010000
000000000000000000000000000000000000000000000000000000000000000000111111110011110001
011111111111000000000000000000000000000000000000000000000000000001100010100101010010
110111011100000100110111010010001110110001111001101010010011110111000010000110110000
001011000101110010011001101011100100111100111000000010100110000000011100001100011000
011000001010010100110111000001111101111110000100011110100100101001011110110100011000
001100010010001010010011010101101010001110001001001010000000001101010111100111101000
000000100000000010010000001101101111100100000101011101011010001111110000101001101000
001101000000010000000111111101101101101010100101010010010001010100001111100000000000
101110010010011101011000110011011110101010011101111110111011101101110001001100111000
000100000000000101000101110100110001010011000111110100100110010000100001100110000000
100110110000010001010010110011011100111000111111010100000010010110000101100010101000
110101111000010101001011011000101011111110100001011110110000000000101001111011010000
001000010101010110001101110000000110100010101011110101101001111100101010100011111000
010110011111010010110111001001100110100110000111000101101110010100000101111111001000
110000101000000001100110111010000100000010010110011101000010001111001100011000001000
011111111111000000000000000000000000000000000000000000000000000001110101001110001010
101101011111000010110011100011000111010010111101100110001010110000001011000010001000
011000101110001011010010100011011001101000000100110011100110101101010100110101101000
000110100111101101101010001001011001001101001001000101111000110111110010010010100000
011111111111000000000000000000000000000000000000000000000000000001001001111000111010
011111111111000000000000000000000000000000000000000000000000000001010100000011001010
000011110100001110000000010111111111101011010100100110010011111000110010110110010000
000001001100000101111110101000110100011010001101010000111101110010110011000000110000
011001001001011000000100001001110100010100000001010110101100010001100100011110110000
000000000000000000000000000000000000000000000000000000000000000000010110101100001001
001101100000101010111001011001001110111111011111001111101100000001010001110111110000
010000011010001100111001000111010111110111110111010000111000011011001101111100001000
111011010011110111001100010010110001101110000101000000010111100000001010111111100000
111111111111000000000000000000000000000000000000000000000000000001110010010111010010
000000000000000000000000000000000000000000000000000000000000000000101000001010011001
010001001011000111001000111000101000100100110000100101101001101011110010110110110000
000100011001010111001100110001100101101111000110110101100010111101100111111010011000
000000000000000000000000000000000000000000000000000000000000000001100100111011101001
001101100111010101000111011101101111101110000100001101011000010101010101101100001000
111111101111011011101110010011101111111011100011111011011001000110011001110101011000
111111111111000000000000000000000000000000000000000000000000000000010111110101010010
000110000101011001011100111111011101010100100100000100100100001101101001111001101000
011001110000000100010110111001110101100111100100110101110100011001100000000110100000
100100000111001001000001110010010000010100010111111010100110000110010000100011100000
001110010111010010110111011110110101111101000101110000111000010000001101110100111000
111100111010001001010001111001111000011100101001100011001110101000001000100001010000
110001110101000000110010001101111000100101110001101111101100000100110011000001111000
110001111110110111101011001110001100111010010100011101010100111111010100101010010000
111111000001010000010010110110010011010110011011111011010111100000011011101010111000
111111111111000000000000000000000000000000000000000000000000000000111100011000110010
110101100101101001001000010011010011111101101011001100111001000001101100000010011000
110101010001111011000000110111011011100111110101000111011111101011110010000110000000
001111011101110100001100011010011100111010000101101011100001101101101110110111000000
110100110110001001100111110010110000100100011111110001101010101000101010100111101000
111110101100000010111110011110111101100001001110101010001101001001010000101111101000
111010110111001010010011000001101111001110000010000111011001110111101011010110000000
010100110001110011011001101110100101001110110101001010011010111100100000101111011000
000000000000000000000000000000000000000000000000000000000000000000001010110000000001
100010101110110111011110010110101100011010001100110010110100111000101001010011110000
001011001101001111001111100111110000000100011111010100000101100010111101101001111000
000000000000000000000000000000000000000000000000000000000000000001100100101111101000
000000000000000000000000000000000000000000000000000000000000000000110011110000100001
001110000101000100110010100000110110101101110100111011000100101000101001001100001000
001101110000000000111111000000110100001000010011100110011111000011011101010110011000
011111111111000000000000000000000000000000000000000000000000000001110010001100001010
100000000000000000000000000000000000000000000000000000000000000000111000010011110001
001111001111010110000011111001100001111110010010001100000011100000001010100101011000
100000000000000000000000000000000000000000000000000000000000000010111100110010001001
111111111111000000000000000000000000000000000000000000000000000000100000101101100010
101110001100110101111111110011100101010000000101010101001110101100101111010010101000
011111111111000000000000000000000000000000000000000000000000000001001001110001100010
001001010100011100011100011010000001010100000100110101110010111010011110000011100000
100101101111100000001111110010101100010100001100000010110100001000000010111111110000
111111111111000000000000000000000000000000000000000000000000000001011011100101001010
111000001111011111001111010010110111100000101001111000011111101100010001011011100000
101110110101101011100100000000010011110001110100001111110010110111100000110111101000
010111000100110101111110111011110001000110010100101101000101110000010000111101101000
101001101101110001001001101100001011111110111011001101110100110000001101000011011000
100000000000000000000000000000000000000000000000000000000000000000100111010101000001
100010111100100101110110101001101000100111101011100110100100000111001101011000011000
000000000000000000000000000000000000000000000000000000000000000000001000001100110001
110000000110101101010111000111010011101011010110100010111010100001010111111010001000
011101001110000011011011000110100011000001100101111001010010000101100100100111010000
101110110010001101110111111101011001110000110101110101101000101111000010111101100000
011000101010011011101010100100001110111000100101011101110010101101100010110001000000
110100000011001101011010010101100101010011100000011111010001111001100110111011011000
100010111010101100001101101111101010100011110000111110111100111000000111001100001000
100110011101010000011001101111000100100001010000101111100100110110110000000001000000
101001100100001101001000011100101000010011000011000011111100101100111100010000111000
010100101111101011110001100101111110101101011111111110110111010100010111110000001000
011111111111000000000000000000000000000000000000000000000000000001011101101110111010
111111111111000000000000000000000000000000000000000000000000000011100110101011000010
010111011110011010001001000010101000010110011011101010010111010100110100010100111000
011111111111000000000000000000000000000000000000000000000000000001111100001100110010
000000000000000000000000000000000000000000000000000000000000000000101100110000010001
011111111111000000000000000000000000000000000000000000000000000011110001100010010010
100111100000100011110101000110110010011111010100101011011010100100000110111010111000
000000000000000000000000000000000000000000000000000000000000000000101101101101101001
110001110010011111001100101101100101111100100100101110001001100101011000000100110000
000000000000000000000000000000000000000000000000000000000000000010000000010000000000
100011011010010110110010001110001101101101100001111111000010100001001011000110100000
111000010001000000001100110000101110011111011100100100101001010001100010010111011000
101000100001110001100011001111100101011111011010011111000011000100111010101110110000
000000000000000000000000000000000000000000000000000000000000000010000011000101100001
101110000101110110010100000010001001101010100110000100101111111100111000010011101000
100101111000000010010001111000000010010000110010101111101100111100111110100010011000
100100001110001001100011010110111010100011111011110000111110101100011110100111000000
111111111111000000000000000000000000000000000000000000000000000011010110000010000010
110110011100111101001010001010111110100011101100000011101001101100101101101101111000
100100100101100100101011010000000100011011110100110000001011010000000100101110000000
101111000100000001110101110101000011101111101011001010110011111100110011101110111000
101010011110011001101101000101010110101111101101101101011100110111011110010111110000
001011001010011000100000110001101000110100011100110011000110110101010010010000101000
110011111011010001110000101111101010100010110101000111101101100000100010101111100000
111111111111000000000000000000000000000000000000000000000000000001100001110011100010
010011101011001011000101010010000100001100111101101100110010001110010101100101000000
101101001010010010111110001101110111011011111010100111111111101101001011001100110000
011101110110110110111101110111110100101001011111011101010101001001010110010111100000
111111111111000000000000000000000000000000000000000000000000000000010110011100111010
111111111111000000000000000000000000000000000000000000000000000010101010101110010010
110101111111000100010100001100000100101011101010110011001110111000101011110011101000
011111111111100000000000000000000000000000000000000000000000000000000000000000000000
111110010010010111011000111001010100111001111010011111001010001100110111101110101000
011001111111010101011010101101111011100001101110100011111000110011010010000100000000
110100100101011000000101100110101110111111010011110110000111100101101111110011100000
011111111111100000000000000000000000000000000000000000000000000001111111111111111000
110011111010001001000010011101101010010101011001001101111001111000000110101101100000
111111111111000000000000000000000000000000000000000000000000000010010100010000110010
101111111100000100010111010101101100101100111111011011100000111101000100110000001000
001011110001110001000000111100011110000110011011001110011100001101100000100000111000
010100110011010010111111011101001110000010110010110000010110101101111010110100100000
110110101010010101100011011001000010011111001101111101100011111110111110110111010000
010001110001110110001011101110001110001110010111011110111010111001110101000110001000
111111111111000000000000000000000000000000000000000000000000000001010110110101000010
110101000011100111100010001110000011000011001101110110111110000101011011101110100000
100000000000000000000000000000000000000000000000000000000000000010111011011001111001
000000000000000000000000000000000000000000000000000000000000000001001000111101100001
000011100110011011111010011011010100111110111010110100001000000100010100101011011000
010010010011000111001011100101101000101100111101111101110101000000010110011100101000
111111111111000000000000000000000000000000000000000000000000000010100111001101010010
110011000010001010100110011000000010100010010101011011010101000001010001101101011000
001010101110111000011010100000001100101001011110110010110100011101101000010010000000
110110100101011101011111100000000100100110010011000010001000110000101001110010001000
111111111111000000000000000000000000000000000000000000000000000010100011011011010010
111001111111011110101110000110111000001000000000110100100110010100011110111110100000
010000111011011110100000010110011010011001100010001111000010101001001101000011000000
001000110010000110101101000011111101100111111100111011010111111100110000111010011000
010001101010001010001100111100101011111010110001110110010110001110101110100110111000
000000000000000000000000000000000000000000000000000000000000000000000000000000000000
001010001101101100111110001110001000000011111001100111110100110101000111011110110000
011011110110010011011010010100110010111111100001111110101010110001010001100100001000
011111111111000000000000000000000000000000000000000000000000000010000100111100000010
100101000101000001000001101011111110101010001111111001001100000000101101100011001000
111000001101100011111010001100010110101001101101011011111001100100010101010110111000
000101110011001010000101111000000111110000111001000001000011000000101100010101111000
100000000000000000000000000000000000000000000000000000000000000011011001110001011001
011111111111000000000000000000000000000000000000000000000000000000100001111010111010
101011100110000001101000001010010010110000111010100100010011010100010010101110011000
101101100100100110110010110001111101011111110000010100011101011100000111100001100000
000100010001100000100100001110110000000101110011000001100000101010001000110111000000
001000001101000000101110000011100000011111101010001001001000101000011011000101111000
011111111111000000000000000000000000000000000000000000000000000001010100110000001010
001110010011001001101001101101001000110100000111010101110110100000101100010001011000
001010110011011111110101110100010011100100100011001010111111011110011100111011110000
001010011110001100110000101110000111101000100110101011011101100100000011010010110000
101010101101111010011011111000100011011000110110000000100100100100000010010010111000
011111111111000000000000000000000000000000000000000000000000000001100111001000011010
000000000000000000000000000000000000000000000000000000000000000011011100011001110001
110101101011110011000100010011100011000010011010111101011010001001111100100000001000
111101111010011000000001010001011100001001011011011100101011010100010011010100000000
100110011011000111101100110110000000011101110010010100010010100001010101100001000000
011110111111101111001001010101010110111101111101111111000111011011110110000000111000
111111111111000000000000000000000000000000000000000000000000000000000010010110111010
111111011011010111101001011000011110100100001111011101100000011001110101011010100000
100101010110010111110011001010101010011010011000001101000110010000101000101110101000
100000000000000000000000000000000000000000000000000000000000000011001101110101110001
011100010101011111011100110100101110000110111010011101000101001000110011000100010000
100011011010101000000111010100001101111011000010011111011000100100001110110110010000
000000000000000000000000000000000000000000000000000000000000000000000000000000001000
111111111111000000000000000000000000000000000000000000000000000010100011010110001010
011111010000101010100010010100011110010111100010111010101010101001110010010100110000
101110010110100000110110011010110010101010110110101101110000010000011001000000100000
001110011111000101011101110101011011011100011111110110111011100100110011101001111000
011111111111000000000000000000000000000000000000000000000000000010001000011111111010
011111111111000000000000000000000000000000000000000000000000000000000001011100011010
101011111010100110011011100001111011101111100011111010100011111001000100001000101000
100000000000000000000000000000000000000000000000000000000000000001110110111000100001
010001111101011000110010011001001111010100110101101010110111101110111010101100010000
010111101100011000101110111000010000010011110000111000100010110101111001101000101000
101111010011101011001111011110111010100100000010111100100110100001111010001110111000
101001110011110111101000001000100010011000111011001000010001001001001110100111110000
100101101100000111000000000011110101110101010010000000011010001011010001000100011000
101100110111100000000110001001011010010110110011010111111011110000000101100110101000
100000000000000000000000000000000000000000000000000000000000000000111101001101100001
101110000111111100000000010111110101101010011111100000111001001101011001000000101000
111001011000000010000101000101101101111110000011100000111111111110010001001111111000
000001101111101110101100000010100111111011111100100001101000111000111011000111010000
110000110010000011010111010101011001000001010111001001011000111001101000100100100000
001011111001110000000000111000101111111101110000001011010101011000010011110111010000
011111111111100000000000000000000000000000000000000000000000000011111111111111111000
000000000000000000000000000000000000000000000000000000000000000000000010101011100001
010000110011001001010011100000110011110000001110001000001110100001000110000011100000
011010110100001001001100000011010010110001100110101101000011100100101001011011001000
011111111111000000000000000000000000000000000000000000000000000011100001010101001010
100011110001110010010111000001110100110100110101010110111011111100010101110000001000
101011111000000000011101101011001101100100011010101000111100101101100010001110000000
010011000101101011000100001100001100011110001001000010110100011101001010000101101000
000101111011000000001001101001010111110111111110110001000011010010111101010100010000
000000000000000000000000000000000000000000000000000000000000000000101010011111111001
001010101110100001111011111111001000010011000001111110101111011100000100100001111000
101111100101111011011001001011110011001100110110101100111110101100110101001001101000
111010110111100101000101000111000111100011100001010111101010101110000101001101110000
111010100100001010010011101111000001111001000000000101101111101100100001111000101000
101011010100000110110011100010101001101100100001111000111101000101101010000111000000
001010100010101011100111010101101000111110101000000111111100111000001111101000110000
111111111111000000000000000000000000000000000000000000000000000011101100100010011010
011111111111000000000000000000000000000000000000000000000000000000100110110100100010
101100110001001101001000001111110010111111000101111011100000110001010010001111110000
111111111111000000000000000000000000000000000000000000000000000000010110101101111010
010000010010001100001001000001110111110000110011011000100110110110100011101011011000
001101111101111101000001000011100010101011010000010000111010000101110000011011111000
111110000011001010110100000010000111100111111010111100011001000100111110100001110000
111110100001101010111110010010010001001101000101010010111111100001001011100011100000
011110001111000100010000100010111111100010000011111101110011010111100100110110010000
101110100011001011110011100111100001110100101101011101100000100001011011000100100000
010101000000010100010101010011101110010110000010000011000010001100111111011010011000
101001011110000110111001000100011011111101000010111111011110101001101110011100110000
111111111111000000000000000000000000000000000000000000000000000011010101100000110010
001101010010010101010000110000001001100111010010111100110110001001101111001100010000
010000111010011101101001010010010111100100101111101001000110011101001111100001001000
100000000000000000000000000000000000000000000000000000000000000000001001100010000001
011111111111000000000000000000000000000000000000000000000000000011000101111111100010
001001111101100101110001000011010000010110011011100000011011101001011111011010111000
111101101010100111001110001110001110001001100010000010000001111000101110101110100000
001011110001011000011000001001001110111101100101011010011111111000100101110100010000
101001100011000100111001101101001001000110011000010110111110110111000101010001011000
000000000000000000000000000000000000000000000000000000000000000001010000110100000001
010110011101010000000010101111011000100010111011111011110000001000110010101111111000
101111111100110000100000111001011010011111010011010010001010110001001001011001111000
100111000100011101010011101011101111101111000110000101101101101011100101010100001000
001101101011001110011001110000111110000110001111100011100000011101101101001001001000
000000000000000000000000000000000000000000000000000000000000000000111101100111110001
101110110010011111000010100010010111010000101100000110100101011101000111110001111000
101001010010001010010010010010000101001010011011110100100101001111101110011101101000
100000000000000000000000000000000000000000000000000000000000000000001110010101111001
000110000101101001000111001111100011001101011000000110110100110100100110001100110000
100101101011111101110000011100101000110010000001100110001011111100010101011000011000
010000011110110000000000011010110100010111011010110110101111010111101001111101100000
110110001011000000110001010101111110011111101110111001111010111100001101100101100000
011111111111000000000000000000000000000000000000000000000000000000010101101110110010
100000000000000000000000000000000000000000000000000000000000000001000010110100000001
010011011000000000000111011100011000111001011111001110000111110011010000001110000000
111001000111101100110100100001110111111100100000010000110001101001110101101111111000
100010100000011010111010100010101011000001001000110111111010110100101100110111101000
100000000000000000000000000000000000000000000000000000000000000000010111001000011001
011100100011001010011010101101101011110111000010101010100111011010000100111011011000
111011011101000110111000010010110001010111001111001011001100001000010100000101110000
111111111111000000000000000000000000000000000000000000000000000000011110001111101010
101101011101011111010001110100011011001000001110101010100011100001001111010000110000
000000000000000000000000000000000000000000000000000000000000000010011100000100100001
101001001001100110111110111001101100100110010110011001110111001101110111101010101000
110001011101001111000101110101110001001101110000110110010010001001010111110110100000
110010101011101011000001011100000010100110000010111001011111101100010001010101011000
000111101011010011010011110001000110001001011101010100110111011110000000001101011000
001000010001010010010001100101110101101000001000000010001111011001001000000001000000
111111111111000000000000000000000000000000000000000000000000000000100010011001011010
001110111001000000001011010010010011111101000000010011011101010101011011111110111000
000000000000000000000000000000000000000000000000000000000000000010100000000100011001
100000000000000000000000000000000000000000000000000000000000000000100001100110010001
100000000000000000000000000000000000000000000000000000000000000000001111111000111001
000000000000000000000000000000000000000000000000000000000000000001010010110011011001
110101111111011010011110110100001100110110011100000111011011100010010101000101001000
011111111111000000000000000000000000000000000000000000000000000000011101111010010010
011001000100101000011101000111100011001010000100011111011000100000010011111001001000
110000011111100000010111101001111101101111101011010100111100011000101101111001101000
010000001110000101101011110110011010001000100000001110110110001110110100101111010000
101011000110010101100000110110101001111111011111100010111101100000111011111001010000
101100010011000111011011101000010100001101000000101010001110011000100011011110100000
101110111100000000111101000100101100100111011011011101010001110000011111011011011000
000001100111010111101000110011111101110110011010010100110111111010100010001010111000
110101000101000000111011110100101110110000110011001010010000011101111101100101001000
011111111111100000000000000000000000000000000000000000000000000001111111111111111000
111001100001000111110111101110000011010111001001000011111111010101000001011110110000
100000000000000000000000000000000000000000000000000000000000000010110011110111011001
011111111111100000000000000000000000000000000000000000000000000000000000011111111000
011111111111000000000000000000000000000000000000000000000000000001111011110000101010
000000000000000000000000000000000000000000000000000000000000000001101010110101100001
001111010101101100101101101001011010001110111110011111111000101011111111011001110000
110011010110100111100011100011001011101001101001111011110111101001110011110101001000
101000110001001011100110111111001110100101100111000101111011010101111110111011001000
000000000000000000000000000000000000000000000000000000000000000000000111011011011001
101100011010001101011101001000101110000110001001000111110101101010100010001001000000
000111010011011110111000011010001110110101110111011100111101110000011100111000100000
011111111111000000000000000000000000000000000000000000000000000001111110001000001010
111100111010001001110101011010110010000001110000000111110100110000111100001001000000
001010111100111010010100101101110001001010101011101110001101001011101110111011101000
010111011111000000001110111001001011101100001101000000001110010101100111000111000000
100000000000000000000000000000000000000000000000000000000000000001011111101010100001
010111011010000101000001111100000111000000110111110101001000111001010101001000110000
100010111100010000100010010001110110110110010100000111011010010010001010000010110000
010000111110001000110011000000010101011000010110000111010111001100001100101001110000
111110100000010011110100011111001011001011101001101110111100001101110011000101011000
011011010100011101111111001011100111000000000011011110000010111001111110011111100000
010111001001100000101100011001111110010110101101110111101000111010110000011010110000
101101011101100100010100100111100011111100010011011110001010010001111000100011010000
001101011101010100110011000101011101100100100101010101000011011101110111110000101000
011101111111111000010010011001000101000101111000010001111000011100000000001010111000
011001010111101010010001110100010111011110100101001001101100001110100111100000001000
000000000000000000000000000000000000000000000000000000000000000000110100100011111001
001011001000000101111110000011101110010111111110100010110110100001100111011101101000
000000000000000000000000000000000000000000000000000000000000000001101000011001111001
011111111111100000000000000000000000000000000000000000000000000011111111111111110000
110101111000100001111001010111100100100111010010110111111011101100001011111010111000
010101111000100001000011001101001100101010101101011111110100100101000100100100010000
011010001101011011011100010001110011100100010110101001010111101000101100000110111000
001100010110100111111101111111111111011011101000001011010001001110100000010110011000
111010110100000101100011110010101100000101011001111001011110011100100101111100010000
100000000000000000000000000000000000000000000000000000000000000000111100011010000001
111110101110000101000000000110001000111111110010101000101100111001000111000111001000
101001101001000100010111000000011111010011010011110111100000000011111111010111001000
000100001111011001010010100111100000101001011100011010110101110101010010011010010000
111011001010100011100100101100100010011101011000110000011110011101110000111100100000
011101000011110101010000100001010000100000011011110101111000101101110100000111011000
000000000000000000000000000000000000000000000000000000000000000010111100111110100001
010101100101001100000101011100100100111100000001011101001000001000011100011111111000
100011110001101001110000110010001111111100011110101101011001010100111111101000001000
101001011001010010011101110111101101001011110000110010100100011000111111100001000000
000000000000000000000000000000000000000000000000000000000000000010111001010111010001
010101011000001010000001110011011011110101011000111011010010111101001011010011010000
100001011011111000000110101111001000011111000101110101000101110001110010101111110000
000000000000000000000000000000000000000000000000000000000000000000001011111111001001
011111111111000000000000000000000000000000000000000000000000000010011100011110000010
011111111111000000000000000000000000000000000000000000000000000001010000000111001010
001111011011100011010111010111110100111000111001110001100001011100011111011111101000
010110010001110011111000110010110101100010001110011010011001111101100111110010100000
111111000001010010101101110011010010000000101011010001000111100110100110001111100000
101001001010111111000100000101000110110110011010110111110001010001001100100111000000
000000000000000000000000000000000000000000000000000000000000000000010010010100111001
001011100001111011001001101100001001110001100100111100001101111001000100110100001000
111000010000011011000100110001010100111000110011110110100110011010001111101110111000
101100100100011010111111100110000101100111010110101001011000110101011011101110001000
100001101100011010000101011111001010011111010011100011110011011000001101111000110000
111001000010000101100110001000110110100011111100111101001100000101101101000001001000
110000010111101001111010101111111101000100011110101101100010000011011100001111001000
000110110100001011010101110100110101110010011111110100000011011101101011000000110000
010001101100000011000101110001100110011011011110110110010101001100100001000000001000
111010001011100101101001011101101010101000110000000101010110010001110110110010110000
101011100000101101011111011001010100011011010111000111011100111111011001001101111000
101100100110000111110010111011000000011010101100110110100100100101100101100101111000
101100101000000011011011100110010100011101110001000010111110100100110101001111010000
000000000000000000000000000000000000000000000000000000000000000001110001111111101001
110101110110100101111010000101001101000100011000101110101000111110010100110001110000
100000000000000000000000000000000000000000000000000000000000000001001101000011001001
011000001010001100000001100000011011100111111111010100000101001001000000010111101000
111111111101000100111010010101110101110010010001111101100100010000010111000100011000
010011110011010000000111011011010001111110000111110010010000010011010111110010101000
000000000000000000000000000000000000000000000000000000000000000001001010110111010001
100100001111010010001100001110001101010011010100101101001100011000011010101111110000
110001010001001100100001000000110111001000100010010101010000100101011000011100111000
000000000000000000000000000000000000000000000000000000000000000011101010111111001001
001110011011010000010111110101001111100000011011101101110100000000011110011011010000
111111111111000000000000000000000000000000000000000000000000000001010100101101101010
000111110011010011111011001101001010001010110010101100011101001001010101011101011000
101011011110111110111100001100010011111111100001110011000011101110011100101011110000
101111101010111011011000110000011010110110111000100110101001011000011000101101111000
100011000001010111000110100100011011100111000111100100110111000100010011000000000000
010001101000000101111100010111111011111110010110110111001110001001100010010000001000
100000000000000000000000000000000000000000000000000000000000000011001000001101100001
100000011111110011110101000110001000011100011001010100011100000101100011100001001000
010111011110100100011110110010101010101110001111110011011111101100101000110001000000
001010010000111011101110000111100111010111100100111100101010110000111101100101010000
000000000000000000000000000000000000000000000000000000000000000011110101110000011001
011111111111100000000000000000000000000000000000000000000000000000000000000000000000
011001000010101010011111101000111101110011101100001111111101111101100111010000101000
110001011111100110111110010001100110000011110001001001011010010000011010000101010000
000000011010101111101100001011010100001111001000111000011101010011110110101011010000
100000000000000000000000000000000000000000000000000000000000000001110011010010100001
111111010101000001111101000101000001111101011110011100000111000101100011000110001000
111111111111000000000000000000000000000000000000000000000000000001010000110100010010
100010110100110100101111101100111111111111101011101100111000001111000100000011111000
001100010110010101011010011110101001001101001110100010110010011000100001000100101000
110001111010001100110010111010101111000111110010001010000111101100111001111111000000
000000000000000000000000000000000000000000000000000000000000000000100000000010000001
110011011010011000111111100001110000010101001101000011001011111010010000101111000000
111111111111000000000000000000000000000000000000000000000000000001101101101001011010
001111001010010001101111100110001001101000101000100011010011100101010110000100101000
000000000000000000000000000000000000000000000000000000000000000001110101111100100001
001110111111001110110100111001100100010000000011110110111001011111010110101011100000
110110101011011000011010100110001110011001111011010000001001011101011110111011101000
111010011100000000010010000100111000010011001000100110001101110100100011110011010000
011111111111000000000000000000000000000000000000000000000000000000100000101010101010
010000100111011011101110110011010101100010111000001110001000111111111001001000000000
110101010011100101101000111111111111011100111100111010101101110001101111010100001000
000000000000000000000000000000000000000000000000000000000000000000100110011011000001
110001011110011011001001101010100101100111101100111101001100101101001110000001110000
010001101001011111001001100001000111001011001010110001111100000010001001011111000000
101101011100000111111100101001110111000000011010100010110000010001001010011010001000
001001011101000110001100111010000100010000101000010110110110111100100000110000101000
110001010011000011010101010011100100000110101001010001000000010000010100011110111000
100111110100000010010001100100100110111110110111110101001001000011111000100110000000
110110010110110000001010100100010100101011110110001000110010110101101011010001010000
010010001011111100111011100100000111111110010011000100000110001001110100100001011000
100000000000000000000000000000000000000000000000000000000000000000010110001100001001
000001011110000010000110110011110011000001001001110010100010111110111101001010100000
011111111111000000000000000000000000000000000000000000000000000001010001000001001010
011001110010110100011010110110000011010000010001000111000010100001001100100101100000
100000000000000000000000000000000000000000000000000000000000000001011010111001110001
010100011000001101000010111011000011001001001000001011000010001010101111101011111000
010010110011010010011100010011110101111000100101110100000011110100010001001111001000
010011001001110111100001000011000110110011111001100111100100110100110011101010011000
001001000100000100100011010010101011010100000001110011100101010001111010110100011000
100000000000000000000000000000000000000000000000000000000000000011100111100100101001
111111111111000000000000000000000000000000000000000000000000000001010100100011000010
011111111111000000000000000000000000000000000000000000000000000000100110110110110010
001101100100101010101011111110001100111101100011100000011110010000101101000000101000
001010111001100001100000101001001001001101010010111011011001101011110101100101011000
101100101010011011101000101100010110011111001011001100101110001001000000110011111000
101101010100111101010110110110111111011011100100011101000111110101101110100010010000
011100111011101001101111000010100010000111100111111111110000000001110100000000100000
111101110011101001011100000011101110100110100110110100001101000110111000011000111000
010000011001000010010001100111011101111000100110110001010110010100010110010010000000
011001010001111110001101010101111001111001000111011110011001011000001011000101001000
011001011010100000101111011010101011100111110011000010101010001000000111000000001000
010101010000011010000001001100110001100110010001111100010110100011000111001100110000
000000000000000000000000000000000000000000000000000000000000000001011110111000000001
011010110011110111010001011100000101101101011011110011100111001100011010101100101000
001100010111000101010010000111110110110001100101011110110111100101111001010110001000
101001100000001010010001111111001000001101111101110110010000110010111001110111101000
100000000000000000000000000000000000000000000000000000000000000000001100110011110001
110110111111100100001011001011010110101010110001110111010101111001110100101110001000
111001101101111101011010010011111001011101010001101111110100110100011001111010010000
001111110110001110010101000100011011111010111000111111110100111011001110001001011000
110100101110111101111111010111011110000111010010001011100001001100010110101001111000
001001111000010101111110011010101000011101111110000001111001001101001111100010001000
010011101011100010100001101000000010111001001101111010111111001001011100000100001000
011111111111100000000000000000000000000000000000000000000000000010000000000000000000
100101011001010001010110111010000010001100011110100000111000011000010010011100001000
110011110010111000111111101001110011100001101010110100010100100101010001000000011000
111010001010001110011001000001111100111010101001110001000000100000100011110101010000
100000110101001001000101010000110000111100010100001011000111000110111100111101111000
011111111111000000000000000000000000000000000000000000000000000001101010101110100010
110011011110010010101111101110010000111000011011100101011011011101001101001001011000
000000000000000000000000000000000000000000000000000000000000000000110100000101010001
110000000100110010000011100010001010000011001000100100011010000011010001111111100000
101000011110101101100011000000100111100110000011010010001011000100011010101001100000
010000101011111001111000011000111101001000111100110000111111111101000000001000111000
010110011001011000111000001011101001010001100000011110110001010001001001111100010000
010000000000000010111001001001100100010100100011010011100110000110000011011111011000
111111111111000000000000000000000000000000000000000000000000000000010010101100010010
000100011011111111100111001101000000011000001111000111101010010101110110000100011000
101001010110111011001101110011110011011111101000011011101110110001011100110000110000
111111111011010011001100101110001110000011101101101101011001110011111110011110110000
010111000011100000001010110000110101001001111010001100011000011100001100001100111000
010110011110010111111110010100001100001100111100111011011010000101000101001011011000
000001010100010000011010100011100010001110011001011101110000101100011011010011011000
100001100001010100001001001010100010110110001101110001101100110011110110100001001000
110000111011011000111010110101100011001001100000101010100000011001000100001011111000
100000000000000000000000000000000000000000000000000000000000000000011011011111000001
101101100111101011111000010110100011000011101011010001000100111000011111010110101000
101011000101000111111110110100010001000110011101100001001100011111011101011010101000
101010001101011001110010101000000001110100011111000110001100111101011110111101101000
110001000001101100010011011000101111101010111101010010100000110100011101100101000000
001101111100011111111001001111101000010101100001010110111010111001001101100100010000
000000000000000000000000000000000000000000000000000000000000000011100110001111001001
100101110001110101100010011000000101010100101001011101001101010100011101111111110000
000110011110101111000110100011101000011011001011100100101100001000100100100000010000
100000000000000000000000000000000000000000000000000000000000000001000000001111101001
111010110100010100111101110101010110000011111000000001000111101110011010001000110000
101001101001001011111010001001111101010000000111001110011111000001010000100011001000
000000000000000000000000000000000000000000000000000000000000000001011110110110010001
100000000000000000000000000000000000000000000000000000000000000000100001100010000001
010001010001111111100100100001110100001010100000111110001110100011011110010011001000
100001010011100010010011101000101111100101100001111000010100001001111010111101011000
010000001010010001100110111110010010100001101110101011101001011100010000010001110000
100100001000011011010101101011110110011010000100110001111110010000100000101100111000
010110101000110011001111111010011110110000001101001011001010000111011011001000100000
011111111111000000000000000000000000000000000000000000000000000000100011101110101010
100000000000000000000000000000000000000000000000000000000000000000001101111110001001
110011100100100111011000100101110011101100011010101010000011110100011111100110111000
010010010111000000101111001010010001100000110101010011101110111110100101111000000000
100000000000000000000000000000000000000000000000000000000000000001101010001010011001
110001000001100111101100010110011000011010011111000010001101010001000011111010101000
010111001010100000101110100101101101001101011100011001111111001000101000100000111000
000010110110011000011101100001110000110101000100111010111010111011001001110010111000
010001011111011001110001110011110110100010011100011011001111011000110111011001010000
101111101111010011000111110101101000101101100100110110000100101101100001110011001000
011100010110000011001000100000001000011000100111011000110110111000011010011101011000
010001010010000001001011011111001101000111101011010100001010001110001111111010011000
011010000111000001011100001111011100111000110011110111001001101100101111010010111000
000000110110011011000111001110111110100101011000101000000001101101010010101011010000
011111111111000000000000000000000000000000000000000000000000000001110110110100001010
111111111111000000000000000000000000000000000000000000000000000010111001111001011010
000111001111010111100111011011000010111101001110111110101001001100101100010111101000
011111100011010001110111000100010000110001110110010010101111001000011010000011101000
000000000000000000000000000000000000000000000000000000000000000000100001011110011001
011111111111000000000000000000000000000000000000000000000000000011011010111001001010
111111111111000000000000000000000000000000000000000000000000000000111111001110010010
000000000000000000000000000000000000000000000000000000000000000001101010101110101001
100000000000000000000000000000000000000000000000000000000000000001010001110010100001
100000000000000000000000000000000000000000000000000000000000000010001111101000101001
101101110001101001011111010011011110101110101100100001101111000101001011000111010000
101011001100001100001100111010011010001001101110000010101110011001011100111111110000
000101110101110100010101001011001001001001001101001010011011001001011011011111010000
101100100000110001000011100110011111001001011100111000010010111111010001011111111000
110101111011111000000101100011111011100111000100101100101110001101111111100000010000
101000000101101010100000001001111110100011000010011010010010101100101001101101111000
011111111111000000000000000000000000000000000000000000000000000000100011111000100010
000000000000000000000000000000000000000000000000000000000000000011000101011111000001
101000111011001111000010000011000001000111011000111001010101101000011111011001000000
011111111111000000000000000000000000000000000000000000000000000000011011000110111010
100000000000000000000000000000000000000000000000000000000000000001111010111110010001
011111111111000000000000000000000000000000000000000000000000000011101011101000000010
111111111111000000000000000000000000000000000000000000000000000000100010011110000010
001111111111110110001001101000111001111010100111000101011000001101001001100110100000
000000000000000000000000000000000000000000000000000000000000000000010101110010110001
011111111111000000000000000000000000000000000000000000000000000011110110111010000010
011001000011101101110000111011001011100000010111111100100010101000101111001100011000
011111111111100000000000000000000000000000000000000000000000000000011010010110110000
110110110011111110110010111111111011101110100101111111000000111101001001010110100000
001000111010100110111100111010100100111001101100001010100010110110110010110000000000
100000000000000000000000000000000000000000000000000000000000000001101110110010010001
011111111111000000000000000000000000000000000000000000000000000001110110011011010010
011111111111100000000000000000000000000000000000000000000000000000111111111111111000
100000000000000000000000000000000000000000000000000000000000000010001011001101110001
101111001111010001001110110001000111010100101101001101111101011000001101001101101000
011111111111000000000000000000000000000000000000000000000000000000000101100010000010
100000000000000000000000000000000000000000000000000000000000000001001101101100111001
001100010101101101001011011110000001111101110010100010000000111110110010100101111000
001111101010100001011100101011011000010010001011100011010111100101001110010011001000
010000000001101000101011010101001000110010101011101000110011000001001001001111111000
100001100101010110010100111010000011110000010010000110110011010001010011100011000000
000000000000000000000000000000000000000000000000000000000000000010110011101110110001
100000000000000000000000000000000000000000000000000000000000000000011010000101111001
100100001101110100010101011000101111110111111111100111101110000000110000010101101000
011100010001010011100101100011000001000111011110010101011000110101011000000010100000
111100111100101010010011101010000111011111010001111100011111110011000101111001110000
011111111111000000000000000000000000000000000000000000000000000001000110100011010010
101010001100000110001001110010100100110111111010001111110011000000010100011100001000
101100001100001110111011001100100000010011111111011101100000001100001100001100001000
110011001001001111001100011101011110100111101010000110101001100010000110001001010000
010111100101100000000000111110010110000111101000100100011110100101101000010000111000
000000000000000000000000000000000000000000000000000000000000000001011001000000011001
010010101001001111100100101100100011011001111110011011001010010100100000001110001000
110101100111110110100110110101010101110001110000111111010001010110111011110100010000
010100101101100011111111100001010001001111100100111001011110110101110110110010110000
000000000000000000000000000000000000000000000000000000000000000000001011110010100001
100000000000000000000000000000000000000000000000000000000000000000111001010010000001
110111101001000000000011100000000001000001110011001100010000111011000110011100000000
001011101000000001100111110000110001100101011011111011101111011101111000000111110000
100000000000000000000000000000000000000000000000000000000000000000110111111111101001
110000101100111001100000111110010010010100010000011110100111001100110000001100000000
100100111110000010111001110100011110011010010001010100101110110011000001000011100000
101110011111100011000010000010010100101100000011001001010010100101000000001100010000
011111111111100000000000000000000000000000000000000000000000000000000000000000000000
001100101101000011101101100101111010001110011101001011001110001001010110110010011000
000001011101100110000100010011101110111101001011101011010100111010000100001000001000
000000000000000000000000000000000000000000000000000000000000000001000010001011000001
000000000000000000000000000000000000000000000000000000000000000001111111100000000000
011100100101010111000000101100010010110110100111001110001010011000111010110010010000
010000010100111000001100110101100101000110101100111110101100111111110101101101111000
100011011010000001101111001011000110001000001000110011101010010000100101001110100000
101110100001100001100001011010101111100000001011010111011111010101100101100100010000
001011011110011100001100101010010100111110111100000011101111101001010101110010001000
011000010010000001101011011001110101111010111100011110110010010010010001110101111000
000001001111110101100100110010111001111111100000100001000010001001000011000000110000
111111111111000000000000000000000000000000000000000000000000000001010101101110101010
000000000000000000000000000000000000000000000000000000000000000001111100011100100001
000000000000000000000000000000000000000000000000000000000000000011011000110111100001
111010111001001110110110101100011010100101011101101000101011001001101011000101010000
001101000110111110001111110001001111000001101000110111011011110100000101000001110000
011111111111100000000000000000000000000000000000000000000000000000000000001111111000
001011100001011101110001000010101111011101110101010010010100010010100001000101011000
100000000000000000000000000000000000000000000000000000000000000001101111110100111001
001110101010000101011011011001111100111101000000011100001101100101001001111000000000
110011011011000100110000010101000011000111110100101000011101000101101010100001110000
101000100000011100100010101010000100010100100100111011000010010110000011010101000000
101101111100000101110100101110111110011101010111000001100101010001110010101000011000
010101111010000101111111100010110100101100001011000000000010111000000111001101101000
001101110000010110000100111111110001111011101100010010001011110001110001110000010000
011010111001100010111011001000101100001111100001011000001011011011101000110101110000
000000100101001100100010010101000100000011000011011100111000001100111101101111001000
010101011010101011111110110110000110000001100101000100001101101001010010101000001000
100000000000000000000000000000000000000000000000000000000000000001001010011001000001
100110101111110111011011001011011000001111110111001000100000110110011011111010101000
011110011000101100101110110001101101101100010010001011011111010000010011101001011000
001111100011101100110000111011111011111010100110001001110010100101001010100011101000
011111100111110000001100110000011111110100111100100010000100100101011111101101100000
011111111111000000000000000000000000000000000000000000000000000010101110111000011010
011111111111000000000000000000000000000000000000000000000000000001110100110011010010
001100111010001111111110101101111100011001001100100010010101100001001100010100100000
011101001001000010000101110000111000000111101010100001110011000001000000000000110000
001101010110001010101111010011101101011000110110100101010111111011000011101100010000
000010011101000001101111100011110011001111000101001100000001010100101101101000010000
101110000111110010110100100010100110010101011111011101011001010000101110000101101000
000111011100100000010101100101010100111101000011101000111001101101111000010101011000
011111111111100000000000000000000000000000000000000000000000000011111111111111111000
000001001101010011100000101001011011101101111011110000101001011001100110000010000000
011110001110010010111110100010101010010011011010111010001011000000001101111101000000
110011110001100101010101100100001001110000010001110110110011100000000111101110110000
100000000000000000000000000000000000000000000000000000000000000010100011001010110001
100000000000000000000000000000000000000000000000000000000000000000010111000010001001
010011010110110011101001011101110110000001001001100010010000011000110000111001100000
111000110001011111101111100111110010101101110001011100010010011001100000110111111000
110100101001000101000101000100111101011101010011000110001110110010101000110000110000
101001001011110001100001111110101110000001000001001101010101010101001100111110100000
001111011101101100011000110100000001110100011011100010011001001101100111100100111000
000000000000000000000000000000000000000000000000000000000000000001010001110111111001
001100111110001001001001011010111101100011011110001100010110100011110011001110010000
100001010100111111111011111110000101000001110001101100010010101100101111100100000000
001110110010100111100001000001001101101111010001101011011011011001111001001001011000
011001110010100110100000110100101011000011101000110101010111111000001101010001000000
000100101110001101000001100100000111100111011011001001111000111110001101011000100000
111111111111000000000000000000000000000000000000000000000000000001110001011001011010
110110001111010001011110111001010100011011000011100010110010101100001011001011011000
101111110001011001110110000101000111100001000011110111100010000100001110011101110000
001111000001101001100011101101000110000001000010010100011000000111000110010100111000
111111111111000000000000000000000000000000000000000000000000000000100110001000110010
111111111111000000000000000000000000000000000000000000000000000000110100010100010010
000000000000000000000000000000000000000000000000000000000000000000001111010100000001
011000001000001111110110111011001100100110100001100010000100000011101000110101011000
100001000001000100101000001110110001101011101110000110101010001101100111101100001000
011111111111000000000000000000000000000000000000000000000000000000101011000011110010
110101011010011000100100010000000000111010111000101000111000000001100111100001010000
011111111111100000000000000000000000000000000000000000000000000010000000000000000000
100000000000000000000000000000000000000000000000000000000000000000011001101111111001
001110001111011101010000100111101001001110001101100001001110000100100101001101010000
101100011000001110101010100110000111100111001001110000111110101001101000000001110000
101110111111110000011010001011100001110011100110010110100111000010111011111101010000
101110100001011001101000111001101001001011101101000011101101101000101110111110101000
011111111111100000000000000000000000000000000000000000000000000001111111111111111000
100000000000000000000000000000000000000000000000000000000000000000000101101000111001
000110001010001111101101010110011001000000011011000001111110000110010001010000111000
100000000000000000000000000000000000000000000000000000000000000001000101100101110001
011111010010000000111100001001100000001100000100011011100100110100011101010000000000
000000000000000000000000000000000000000000000000000000000000000001000000110101010001
010010111111111101011011110111100100110110101000111000001111110010001100100001011000
011111111111000000000000000000000000000000000000000000000000000000110100010011111010
001101001001010100000100011001111111101110010110000010101011111101101011110000100000
100000000000000000000000000000000000000000000000000000000000000001000011001010111001
101100101101111000011101100100011010111010101011000000001101001110011110101010001000
011000110101111101011001011000000000001111100000001111001100111000000110100011100000
110011110100100011001110101110101011000111111000110100110011000000100100101011110000
100110110110001010110011010001101010111000001100011011110110010100111101111011001000
011111111111100000000000000000000000000000000000000000000000000011111111110000000000
000000000000000000000000000000000000000000000000000000000000000001011000001111010001
100111100001010110001010001111000100101000100101001001011110101001110011000110110000
101100000010101001011110100101101000011001000010001011010011000100110111111111110000
011100110110011110001001001000110000110000100111110110010001100110011000000000110000
111111111111000000000000000000000000000000000000000000000000000000011100000010110010
000101101100110110000001111101010000100001011001001010100100100100000100011100111000
011111111111000000000000000000000000000000000000000000000000000000111100010111000010
001011111111011011011101101001001100111100100110000100011001000011101110000111100000
111100000000101000000001101101000001000101110100011010100000100001111000000010011000
000111101011011111101100001111100110100001111101001100011011000000111010001101001000
100110100010001111110111000011111011111110000110100011010000100101000000111010000000
101100010100000001001111000101110010001000001010100011101000110011101101110010101000
100000101001101100000010001000001001011111010001101011000001010000110010011110101000
111011011001001110110101010110111101101010010110011011001110101101110001111011111000
111110010101011111010111111001101011101110001000100110010100011000000000100000010000
000100110110010001111010100010110010111111111101000111110100100011010010011111101000
100000000000000000000000000000000000000000000000000000000000000000011101011010001001
011111111111000000000000000000000000000000000000000000000000000001000000101000100010
001100111101100011000111100011100101011001011001000000100011100001001001001111000000
000000000000000000000000000000000000000000000000000000000000000010111111110000000000
000000000000000000000000000000000000000000000000000000000000000000011001111011001001
101100001110100101000000001000011011010000101011100110000101110100000011011001011000
101101011010000101111000000011011010000110001100101111111000110000000000001000110000
000110000110000000110110101111000100010111101001101010010101101111111101001000101000
000011000110101101001000111010001100000000110011101101100001110000011100000011110000
111111111111000000000000000000000000000000000000000000000000000000000000101111110010
000110011111101110010001111101110100000111010001001111110011101101010011011010001000
001010110010110001000101111111110011110100101011011000100010010010100001101100000000
001100001011010011110101010110100000000001100000001011011111110100001001010101011000
111000111010110010000100011000101011110010011010110101010011001101110001000111110000
110110101101111110101001011110101001010000100100101001110100100000101001011010011000
000000000000000000000000000000000000000000000000000000000000000010000000001111111000
110110011001110000011100010110001000000110010110010001001111010000001110101010100000
000111100000001100000000101000000000000011001101010100100001000100001001100001101000
100101111101000011110111001001101011101000110001101101000000111101110011100110110000
000000101111100111100110011100111000111010010100110101100000101110000001110100101000
010101100010111000111111001000000111011101000100111011101011010000111000101001111000
110100010001011100010010001001011011101000001111011111110101010001100011111001001000
100000000000000000000000000000000000000000000000000000000000000001111000111110011001
100101100011100010101101111100100010010011001111111001101100010010100001101101011000
000000000000000000000000000000000000000000000000000000000000000000110010000000011001
000000000000000000000000000000000000000000000000000000000000000000100100011100010001
010100101010100100000101101010010011010011111001001001001110001101110101110110110000
001000000010010110110100001000010001010000010011100011010000011110001000011110100000
111010100011110000001001101111011010101100011111010011101000010101101010000111111000
000100011110101100101001001101001000100001000100010100011110001000110001011011101000
000000000000000000000000000000000000000000000000000000000000000001111111110000000000
001101010110000101111101001101110000010011111100110011001110000110111110000101000000
000000000000000000000000000000000000000000000000000000000000000000001000011011110001
110111000100010001100111100111010001000001010000100101000001101000101001001110111000
001100001101100011001110000101011000000001001010001100100110000001010001011000110000
010111001011001011101001000011010110111110101110110111010111010110010101111000111000
001100110010010111101111110101001011101101111100001000001010111001000111111110011000
011100011001010100100101011001110111010000101110101100101000110001000001110011101000
001110111100010011101011111100110101001000000100101011100101000101101010101101010000
110100000100101111111010100010000010110101000100101000001111001111011110000011000000
000000000000000000000000000000000000000000000000000000000000000000110111000100110001
011111111111000000000000000000000000000000000000000000000000000000111000111101000010
111000010000010001111100010111110010001111101000101000111101101101111101100011010000
001101010100010011000000001111110011101111101000100100110011001010010010111010101000
000110001001100100101111110101100111001001100111110100011011001100110100110100000000
010110010101100101101001110001011110001111000110101001110110111101100011101110001000
100000000000000000000000000000000000000000000000000000000000000001001100001001011001
100001000011000100100101000010001011111000101110000001000001110011010101010000111000
001101011011011100110111111010000101100000011010110100000110110000011010110111001000
001011001010111011011000110001101001110000110010110101010100110000011001101010001000
011111111111000000000000000000000000000000000000000000000000000001111011001100111010
101111011000110111001000110011010011101011000011001101000111110010000000110001100000
101000010111000100011000001011011110001011101101101010110010011000010001001110100000
101011110110010110000101011110011111100000001110110100100010100100101101110001101000
110000010111001011000001011000001101111011001011111110101000111101001001111110000000
101010010011110001111110001010000111010111101100000100100101101110001001100101110000
000101000001000110001110101010100111101100010010011010100010010101110111111111111000
001111101000010100110110000111101101100000010110010111000000100100100011101100101000
110101100101011001110010100101010110011100111001001011010100000101100111000101011000
001110110001001010000001010011001100110111101111001000010110100110110100001011101000
110101010101100000110100010010100001011100001110011000001110010001111111011000101000
